<?xml version="1.0" encoding="utf-8"?>
<Messages>
	<Message severity="INFO" prefix="[HLS 200-111]" key="HLS_111_966" tag="RUNTIME" content="Finished File checks and directory preparation: CPU user time: 0.15 seconds. CPU system time: 0.01 seconds. Elapsed time: 0.17 seconds; current allocated memory: 311.848 MB." resolution=""/>
	<Message severity="INFO" prefix="[HLS 200-10]" key="HLS_10_1312" tag="" content="Analyzing design file &apos;dbfs_converter.cpp&apos; ..." resolution=""/>
	<Message severity="INFO" prefix="[HLS 200-111]" key="HLS_111_966" tag="RUNTIME" content="Finished Source Code Analysis and Preprocessing: CPU user time: 52.63 seconds. CPU system time: 2.59 seconds. Elapsed time: 59.69 seconds; current allocated memory: 317.414 MB." resolution=""/>
	<Message severity="INFO" prefix="[HLS 200-777]" key="HLS 200-777" tag="" content="Using interface defaults for &apos;Vivado&apos; flow target." resolution=""/>
	<Message severity="INFO" prefix="[HLS 200-1995]" key="HLS 200-1995" tag="" content="There were 8,271 instructions in the design after the &apos;Compile/Link&apos; phase of compilation. See the Design Size Report for more details: /media/nisitha/My_Passport/MOODLE/Vivado_projects/Aido_Processor_Lab_zed/dBFS_vitis/dbfs_converter/solution1/syn/report/csynth_design_size.rpt" resolution=""/>
	<Message severity="INFO" prefix="[HLS 200-1995]" key="HLS 200-1995" tag="" content="There were 1,636 instructions in the design after the &apos;Unroll/Inline (step 1)&apos; phase of compilation. See the Design Size Report for more details: /media/nisitha/My_Passport/MOODLE/Vivado_projects/Aido_Processor_Lab_zed/dBFS_vitis/dbfs_converter/solution1/syn/report/csynth_design_size.rpt" resolution=""/>
	<Message severity="INFO" prefix="[HLS 200-1995]" key="HLS 200-1995" tag="" content="There were 850 instructions in the design after the &apos;Unroll/Inline (step 2)&apos; phase of compilation. See the Design Size Report for more details: /media/nisitha/My_Passport/MOODLE/Vivado_projects/Aido_Processor_Lab_zed/dBFS_vitis/dbfs_converter/solution1/syn/report/csynth_design_size.rpt" resolution=""/>
	<Message severity="INFO" prefix="[HLS 200-1995]" key="HLS 200-1995" tag="" content="There were 901 instructions in the design after the &apos;Unroll/Inline (step 3)&apos; phase of compilation. See the Design Size Report for more details: /media/nisitha/My_Passport/MOODLE/Vivado_projects/Aido_Processor_Lab_zed/dBFS_vitis/dbfs_converter/solution1/syn/report/csynth_design_size.rpt" resolution=""/>
	<Message severity="INFO" prefix="[HLS 200-1995]" key="HLS 200-1995" tag="" content="There were 702 instructions in the design after the &apos;Unroll/Inline (step 4)&apos; phase of compilation. See the Design Size Report for more details: /media/nisitha/My_Passport/MOODLE/Vivado_projects/Aido_Processor_Lab_zed/dBFS_vitis/dbfs_converter/solution1/syn/report/csynth_design_size.rpt" resolution=""/>
	<Message severity="INFO" prefix="[HLS 200-1995]" key="HLS 200-1995" tag="" content="There were 688 instructions in the design after the &apos;Array/Struct (step 1)&apos; phase of compilation. See the Design Size Report for more details: /media/nisitha/My_Passport/MOODLE/Vivado_projects/Aido_Processor_Lab_zed/dBFS_vitis/dbfs_converter/solution1/syn/report/csynth_design_size.rpt" resolution=""/>
	<Message severity="INFO" prefix="[HLS 200-1995]" key="HLS 200-1995" tag="" content="There were 688 instructions in the design after the &apos;Array/Struct (step 2)&apos; phase of compilation. See the Design Size Report for more details: /media/nisitha/My_Passport/MOODLE/Vivado_projects/Aido_Processor_Lab_zed/dBFS_vitis/dbfs_converter/solution1/syn/report/csynth_design_size.rpt" resolution=""/>
	<Message severity="INFO" prefix="[HLS 200-1995]" key="HLS 200-1995" tag="" content="There were 688 instructions in the design after the &apos;Array/Struct (step 3)&apos; phase of compilation. See the Design Size Report for more details: /media/nisitha/My_Passport/MOODLE/Vivado_projects/Aido_Processor_Lab_zed/dBFS_vitis/dbfs_converter/solution1/syn/report/csynth_design_size.rpt" resolution=""/>
	<Message severity="INFO" prefix="[HLS 200-1995]" key="HLS 200-1995" tag="" content="There were 688 instructions in the design after the &apos;Array/Struct (step 4)&apos; phase of compilation. See the Design Size Report for more details: /media/nisitha/My_Passport/MOODLE/Vivado_projects/Aido_Processor_Lab_zed/dBFS_vitis/dbfs_converter/solution1/syn/report/csynth_design_size.rpt" resolution=""/>
	<Message severity="INFO" prefix="[HLS 200-1995]" key="HLS 200-1995" tag="" content="There were 688 instructions in the design after the &apos;Array/Struct (step 5)&apos; phase of compilation. See the Design Size Report for more details: /media/nisitha/My_Passport/MOODLE/Vivado_projects/Aido_Processor_Lab_zed/dBFS_vitis/dbfs_converter/solution1/syn/report/csynth_design_size.rpt" resolution=""/>
	<Message severity="INFO" prefix="[HLS 200-1995]" key="HLS 200-1995" tag="" content="There were 682 instructions in the design after the &apos;Performance (step 1)&apos; phase of compilation. See the Design Size Report for more details: /media/nisitha/My_Passport/MOODLE/Vivado_projects/Aido_Processor_Lab_zed/dBFS_vitis/dbfs_converter/solution1/syn/report/csynth_design_size.rpt" resolution=""/>
	<Message severity="INFO" prefix="[HLS 200-1995]" key="HLS 200-1995" tag="" content="There were 682 instructions in the design after the &apos;Performance (step 2)&apos; phase of compilation. See the Design Size Report for more details: /media/nisitha/My_Passport/MOODLE/Vivado_projects/Aido_Processor_Lab_zed/dBFS_vitis/dbfs_converter/solution1/syn/report/csynth_design_size.rpt" resolution=""/>
	<Message severity="INFO" prefix="[HLS 200-1995]" key="HLS 200-1995" tag="" content="There were 682 instructions in the design after the &apos;Performance (step 3)&apos; phase of compilation. See the Design Size Report for more details: /media/nisitha/My_Passport/MOODLE/Vivado_projects/Aido_Processor_Lab_zed/dBFS_vitis/dbfs_converter/solution1/syn/report/csynth_design_size.rpt" resolution=""/>
	<Message severity="INFO" prefix="[HLS 200-1995]" key="HLS 200-1995" tag="" content="There were 682 instructions in the design after the &apos;Performance (step 4)&apos; phase of compilation. See the Design Size Report for more details: /media/nisitha/My_Passport/MOODLE/Vivado_projects/Aido_Processor_Lab_zed/dBFS_vitis/dbfs_converter/solution1/syn/report/csynth_design_size.rpt" resolution=""/>
	<Message severity="INFO" prefix="[HLS 200-1995]" key="HLS 200-1995" tag="" content="There were 684 instructions in the design after the &apos;HW Transforms (step 1)&apos; phase of compilation. See the Design Size Report for more details: /media/nisitha/My_Passport/MOODLE/Vivado_projects/Aido_Processor_Lab_zed/dBFS_vitis/dbfs_converter/solution1/syn/report/csynth_design_size.rpt" resolution=""/>
	<Message severity="INFO" prefix="[HLS 200-1995]" key="HLS 200-1995" tag="" content="There were 684 instructions in the design after the &apos;HW Transforms (step 2)&apos; phase of compilation. See the Design Size Report for more details: /media/nisitha/My_Passport/MOODLE/Vivado_projects/Aido_Processor_Lab_zed/dBFS_vitis/dbfs_converter/solution1/syn/report/csynth_design_size.rpt" resolution=""/>
	<Message severity="INFO" prefix="[HLS 214-291]" key="HLS 214-291" tag="" content="Loop &apos;VITIS_LOOP_921_1&apos; is marked as complete unroll implied by the pipeline pragma (/tools/Xilinx/Vitis_HLS/2023.2/common/technology/autopilot/etc/hls_log_apfixed.h:921:31)" resolution=""/>
	<Message severity="INFO" prefix="[HLS 214-186]" key="HLS 214-186" tag="" content="Unrolling loop &apos;VITIS_LOOP_921_1&apos; (/tools/Xilinx/Vitis_HLS/2023.2/common/technology/autopilot/etc/hls_log_apfixed.h:921:31) in function &apos;log_apfixed_reduce::log10&lt;48, 24&gt;&apos; completely with a factor of 48 (/tools/Xilinx/Vitis_HLS/2023.2/common/technology/autopilot/etc/hls_log_apfixed.h:791:0)" resolution=""/>
	<Message severity="INFO" prefix="[HLS 214-178]" key="HLS 214-178" tag="" content="Inlining function &apos;ap_fixed&lt;48, 24, (ap_q_mode)5, (ap_o_mode)3, 0&gt; fabs_fixed&lt;48, 24&gt;(ap_fixed&lt;48, 24, (ap_q_mode)5, (ap_o_mode)3, 0&gt;)&apos; into &apos;ap_fixed&lt;48, 24, (ap_q_mode)5, (ap_o_mode)3, 0&gt; hls::abs&lt;48, 24&gt;(ap_fixed&lt;48, 24, (ap_q_mode)5, (ap_o_mode)3, 0&gt;)&apos; (/tools/Xilinx/Vitis_HLS/2023.2/common/technology/autopilot/hls_math.h:1395:0)" resolution=""/>
	<Message severity="INFO" prefix="[HLS 214-178]" key="HLS 214-178" tag="" content="Inlining function &apos;void log_apfixed_reduce::range_reduce&lt;ap_fixed&lt;44, 7, (ap_q_mode)5, (ap_o_mode)3, 0&gt;, 4, 4, 38, 30&gt;(ap_ufixed&lt;38, -(4), (ap_q_mode)5, (ap_o_mode)3, 0&gt;, ap_fixed&lt;44, 7, (ap_q_mode)5, (ap_o_mode)3, 0&gt;&amp;, ap_ufixed&lt;30, -(((4) + (4)) - (1)), (ap_q_mode)5, (ap_o_mode)3, 0&gt;&amp;)&apos; into &apos;ap_ufixed&lt;25, -12, (ap_q_mode)5, (ap_o_mode)3, 0&gt; log_apfixed_reduce::log_traits&lt;3&gt;::range_reduction&lt;38&gt;(ap_ufixed&lt;38, -4, (ap_q_mode)5, (ap_o_mode)3, 0&gt;, ap_fixed&lt;44, 7, (ap_q_mode)5, (ap_o_mode)3, 0&gt;&amp;)&apos; (/tools/Xilinx/Vitis_HLS/2023.2/common/technology/autopilot/etc/hls_log_apfixed.h:250:0)" resolution=""/>
	<Message severity="INFO" prefix="[HLS 214-178]" key="HLS 214-178" tag="" content="Inlining function &apos;void log_apfixed_reduce::range_reduce&lt;ap_fixed&lt;44, 7, (ap_q_mode)5, (ap_o_mode)3, 0&gt;, 7, 6, 30, 25&gt;(ap_ufixed&lt;30, -(7), (ap_q_mode)5, (ap_o_mode)3, 0&gt;, ap_fixed&lt;44, 7, (ap_q_mode)5, (ap_o_mode)3, 0&gt;&amp;, ap_ufixed&lt;25, -(((7) + (6)) - (1)), (ap_q_mode)5, (ap_o_mode)3, 0&gt;&amp;)&apos; into &apos;ap_ufixed&lt;25, -12, (ap_q_mode)5, (ap_o_mode)3, 0&gt; log_apfixed_reduce::log_traits&lt;3&gt;::range_reduction&lt;38&gt;(ap_ufixed&lt;38, -4, (ap_q_mode)5, (ap_o_mode)3, 0&gt;, ap_fixed&lt;44, 7, (ap_q_mode)5, (ap_o_mode)3, 0&gt;&amp;)&apos; (/tools/Xilinx/Vitis_HLS/2023.2/common/technology/autopilot/etc/hls_log_apfixed.h:250:0)" resolution=""/>
	<Message severity="INFO" prefix="[HLS 214-178]" key="HLS 214-178" tag="" content="Inlining function &apos;ap_ufixed&lt;25, -12, (ap_q_mode)5, (ap_o_mode)3, 0&gt; log_apfixed_reduce::log_traits&lt;3&gt;::range_reduction&lt;38&gt;(ap_ufixed&lt;38, -4, (ap_q_mode)5, (ap_o_mode)3, 0&gt;, ap_fixed&lt;44, 7, (ap_q_mode)5, (ap_o_mode)3, 0&gt;&amp;)&apos; into &apos;ap_fixed&lt;48, 24, (ap_q_mode)5, (ap_o_mode)3, 0&gt; log_apfixed_reduce::log10&lt;48, 24&gt;(ap_fixed&lt;48, 24, (ap_q_mode)5, (ap_o_mode)3, 0&gt;)&apos; (/tools/Xilinx/Vitis_HLS/2023.2/common/technology/autopilot/etc/hls_log_apfixed.h:791:0)" resolution=""/>
	<Message severity="INFO" prefix="[HLS 200-111]" key="HLS_111_966" tag="RUNTIME" content="Finished Compiling Optimization and Transform: CPU user time: 5.54 seconds. CPU system time: 0.8 seconds. Elapsed time: 12.76 seconds; current allocated memory: 318.703 MB." resolution=""/>
	<Message severity="INFO" prefix="[HLS 200-111]" key="HLS_111_966" tag="RUNTIME" content="Finished Checking Pragmas: CPU user time: 0 seconds. CPU system time: 0 seconds. Elapsed time: 0 seconds; current allocated memory: 318.703 MB." resolution=""/>
	<Message severity="INFO" prefix="[HLS 200-10]" key="HLS_10_1467" tag="" content="Starting code transformations ..." resolution=""/>
	<Message severity="INFO" prefix="[HLS 200-111]" key="HLS_111_966" tag="RUNTIME" content="Finished Standard Transforms: CPU user time: 0.08 seconds. CPU system time: 0.01 seconds. Elapsed time: 0.51 seconds; current allocated memory: 320.527 MB." resolution=""/>
	<Message severity="INFO" prefix="[HLS 200-10]" key="HLS_10_1472" tag="" content="Checking synthesizability ..." resolution=""/>
	<Message severity="INFO" prefix="[HLS 200-111]" key="HLS_111_966" tag="RUNTIME" content="Finished Checking Synthesizability: CPU user time: 0.08 seconds. CPU system time: 0 seconds. Elapsed time: 0.1 seconds; current allocated memory: 321.031 MB." resolution=""/>
	<Message severity="INFO" prefix="[XFORM 203-401]" key="XFORM_IFCONV_STATUS_239" tag="" content="Performing if-conversion on hyperblock from (/tools/Xilinx/Vitis_HLS/2023.2/common/technology/autopilot/etc/hls_log_apfixed.h:920:42) to (/tools/Xilinx/Vitis_HLS/2023.2/common/technology/autopilot/etc/hls_log_apfixed.h:938:17) in function &apos;log_apfixed_reduce::log10&lt;48, 24&gt;&apos;... converting 49 basic blocks." resolution=""/>
	<Message severity="INFO" prefix="[XFORM 203-11]" key="XFORM_EXPR_BALANCE_STATUS_178" tag="" content="Balancing expressions in function &apos;log_apfixed_reduce::log10&lt;48, 24&gt;&apos; (/tools/Xilinx/Vitis_HLS/2023.2/common/technology/autopilot/etc/hls_log_apfixed.h:152:6)...3 expression(s) balanced." resolution=""/>
	<Message severity="INFO" prefix="[HLS 200-111]" key="HLS_111_966" tag="RUNTIME" content="Finished Loop, function and other optimizations: CPU user time: 0.42 seconds. CPU system time: 0.01 seconds. Elapsed time: 0.44 seconds; current allocated memory: 344.336 MB." resolution=""/>
	<Message severity="INFO" prefix="[HLS 200-111]" key="HLS_111_966" tag="RUNTIME" content="Finished Architecture Synthesis: CPU user time: 0.41 seconds. CPU system time: 0.01 seconds. Elapsed time: 0.51 seconds; current allocated memory: 347.133 MB." resolution=""/>
	<Message severity="INFO" prefix="[HLS 200-10]" key="HLS_10_1317" tag="" content="Starting hardware synthesis ..." resolution=""/>
	<Message severity="INFO" prefix="[HLS 200-10]" key="HLS_10_1385" tag="" content="Synthesizing &apos;dbfs_converter&apos; ..." resolution=""/>
	<Message severity="WARNING" prefix="[SYN 201-103]" key="SYN_MODULE_NAME_ILLEGAL_445" tag="" content="Legalizing function name &apos;log10&lt;48, 24&gt;&apos; to &apos;log10_48_24_s&apos;." resolution=""/>
	<Message severity="INFO" prefix="[HLS 200-10]" key="HLS_10_1477" tag="" content="----------------------------------------------------------------" resolution=""/>
	<Message severity="INFO" prefix="[HLS 200-42]" key="HLS_42_1438" tag="" content="-- Implementing module &apos;log10_48_24_s&apos;" resolution=""/>
	<Message severity="INFO" prefix="[HLS 200-10]" key="HLS_10_1478" tag="" content="----------------------------------------------------------------" resolution=""/>
	<Message severity="INFO" prefix="[SCHED 204-11]" key="SCHED_SCHED_STATUS_597" tag="" content="Starting scheduling ..." resolution=""/>
	<Message severity="INFO" prefix="[SCHED 204-61]" key="SCHED_PIPELINING_STATUS_46" tag="" content="Pipelining function &apos;log10&lt;48, 24&gt;&apos;." resolution=""/>
	<Message severity="INFO" prefix="[HLS 200-1470]" key="HLS 200-1470" tag="SCHEDULE,VITIS_THROUGHPUT" content="Pipelining result : Target II = NA, Final II = 1, Depth = 21, function &apos;log10&lt;48, 24&gt;&apos;" resolution=""/>
	<Message severity="INFO" prefix="[SCHED 204-11]" key="SCHED_SCHED_STATUS_596" tag="" content="Finished scheduling." resolution=""/>
	<Message severity="INFO" prefix="[HLS 200-111]" key="HLS_111_966" tag="RUNTIME" content="Finished Scheduling: CPU user time: 0.51 seconds. CPU system time: 0.05 seconds. Elapsed time: 0.67 seconds; current allocated memory: 351.684 MB." resolution=""/>
	<Message severity="INFO" prefix="[BIND 205-100]" key="BIND_100_926" tag="" content="Starting micro-architecture generation ..." resolution=""/>
	<Message severity="INFO" prefix="[BIND 205-101]" key="BIND_101_698" tag="" content="Performing variable lifetime analysis." resolution=""/>
	<Message severity="INFO" prefix="[BIND 205-101]" key="BIND_101_697" tag="" content="Exploring resource sharing." resolution=""/>
	<Message severity="INFO" prefix="[BIND 205-101]" key="BIND_101_693" tag="" content="Binding ..." resolution=""/>
	<Message severity="INFO" prefix="[BIND 205-100]" key="BIND_100_925" tag="" content="Finished micro-architecture generation." resolution=""/>
	<Message severity="INFO" prefix="[HLS 200-111]" key="HLS_111_966" tag="RUNTIME" content="Finished Binding: CPU user time: 0.12 seconds. CPU system time: 0.01 seconds. Elapsed time: 0.16 seconds; current allocated memory: 351.684 MB." resolution=""/>
	<Message severity="INFO" prefix="[HLS 200-10]" key="HLS_10_1477" tag="" content="----------------------------------------------------------------" resolution=""/>
	<Message severity="INFO" prefix="[HLS 200-42]" key="HLS_42_1438" tag="" content="-- Implementing module &apos;dbfs_converter&apos;" resolution=""/>
	<Message severity="INFO" prefix="[HLS 200-10]" key="HLS_10_1478" tag="" content="----------------------------------------------------------------" resolution=""/>
	<Message severity="INFO" prefix="[SCHED 204-11]" key="SCHED_SCHED_STATUS_597" tag="" content="Starting scheduling ..." resolution=""/>
	<Message severity="INFO" prefix="[SCHED 204-11]" key="SCHED_SCHED_STATUS_596" tag="" content="Finished scheduling." resolution=""/>
	<Message severity="INFO" prefix="[HLS 200-111]" key="HLS_111_966" tag="RUNTIME" content="Finished Scheduling: CPU user time: 0.15 seconds. CPU system time: 0.01 seconds. Elapsed time: 0.15 seconds; current allocated memory: 351.684 MB." resolution=""/>
	<Message severity="INFO" prefix="[BIND 205-100]" key="BIND_100_926" tag="" content="Starting micro-architecture generation ..." resolution=""/>
	<Message severity="INFO" prefix="[BIND 205-101]" key="BIND_101_698" tag="" content="Performing variable lifetime analysis." resolution=""/>
	<Message severity="INFO" prefix="[BIND 205-101]" key="BIND_101_697" tag="" content="Exploring resource sharing." resolution=""/>
	<Message severity="INFO" prefix="[BIND 205-101]" key="BIND_101_693" tag="" content="Binding ..." resolution=""/>
	<Message severity="INFO" prefix="[BIND 205-100]" key="BIND_100_925" tag="" content="Finished micro-architecture generation." resolution=""/>
	<Message severity="INFO" prefix="[HLS 200-111]" key="HLS_111_966" tag="RUNTIME" content="Finished Binding: CPU user time: 0.03 seconds. CPU system time: 0 seconds. Elapsed time: 0.04 seconds; current allocated memory: 351.684 MB." resolution=""/>
	<Message severity="INFO" prefix="[HLS 200-10]" key="HLS_10_1483" tag="" content="----------------------------------------------------------------" resolution=""/>
	<Message severity="INFO" prefix="[HLS 200-10]" key="HLS_10_1484" tag="" content="-- Generating RTL for module &apos;log10_48_24_s&apos;" resolution=""/>
	<Message severity="INFO" prefix="[HLS 200-10]" key="HLS_10_1485" tag="" content="----------------------------------------------------------------" resolution=""/>
	<Message severity="INFO" prefix="[SYN 201-210]" key="SYN_210_889" tag="" content="Renamed object name &apos;log10_48_24_s_log_apfixed_reduce_log0_lut_table_ap_fixed_0_5_64_array_ROM_AUTO_1R&apos; to &apos;log10_48_24_s_log_apfixed_reduce_log0_lut_table_ap_fixed_0_5_64_array_ROM_AUTbkb&apos; due to the length limit 80" resolution=""/>
	<Message severity="INFO" prefix="[SYN 201-210]" key="SYN_210_889" tag="" content="Renamed object name &apos;log10_48_24_s_log_apfixed_reduce_log_lut_table_ap_fixed_4_4_16_array_ROM_AUTO_1R&apos; to &apos;log10_48_24_s_log_apfixed_reduce_log_lut_table_ap_fixed_4_4_16_array_ROM_AUTOcud&apos; due to the length limit 80" resolution=""/>
	<Message severity="INFO" prefix="[SYN 201-210]" key="SYN_210_889" tag="" content="Renamed object name &apos;log10_48_24_s_log_apfixed_reduce_log_lut_table_ap_fixed_7_6_64_array_ROM_AUTO_1R&apos; to &apos;log10_48_24_s_log_apfixed_reduce_log_lut_table_ap_fixed_7_6_64_array_ROM_AUTOdEe&apos; due to the length limit 80" resolution=""/>
	<Message severity="INFO" prefix="[HLS 200-1030]" key="HLS 200-1030" tag="" content="Apply Unified Pipeline Control on module &apos;log10_48_24_s&apos; pipeline &apos;log10&lt;48, 24&gt;&apos; pipeline type &apos;function pipeline&apos;" resolution=""/>
	<Message severity="INFO" prefix="[RTGEN 206-100]" key="RTGEN_100_855" tag="" content="Generating core module &apos;mul_14ns_14ns_28_1_1&apos;: 1 instance(s)." resolution=""/>
	<Message severity="INFO" prefix="[RTGEN 206-100]" key="RTGEN_100_855" tag="" content="Generating core module &apos;mul_30ns_6ns_36_2_1&apos;: 1 instance(s)." resolution=""/>
	<Message severity="INFO" prefix="[RTGEN 206-100]" key="RTGEN_100_855" tag="" content="Generating core module &apos;mul_37s_43ns_79_3_1&apos;: 1 instance(s)." resolution=""/>
	<Message severity="INFO" prefix="[RTGEN 206-100]" key="RTGEN_100_855" tag="" content="Generating core module &apos;mul_38ns_4ns_42_2_1&apos;: 1 instance(s)." resolution=""/>
	<Message severity="INFO" prefix="[RTGEN 206-100]" key="RTGEN_100_855" tag="" content="Generating core module &apos;mul_58s_6ns_58_5_1&apos;: 1 instance(s)." resolution=""/>
	<Message severity="INFO" prefix="[RTGEN 206-100]" key="RTGEN_100_855" tag="" content="Generating core module &apos;mul_6s_43ns_47_3_1&apos;: 1 instance(s)." resolution=""/>
	<Message severity="INFO" prefix="[RTGEN 206-100]" key="RTGEN_100_856" tag="" content="Finished creating RTL model for &apos;log10_48_24_s&apos;." resolution=""/>
	<Message severity="INFO" prefix="[RTMG 210-279]" key="RTMG_279_1793" tag="" content="Implementing memory &apos;dbfs_converter_log10_48_24_s_log_apfixed_reduce_log_inverse_lut_table_array_ROM_AUTO_1R&apos; using auto ROMs." resolution=""/>
	<Message severity="INFO" prefix="[RTMG 210-279]" key="RTMG_279_1793" tag="" content="Implementing memory &apos;dbfs_converter_log10_48_24_s_log_apfixed_reduce_log0_lut_table_ap_fixed_0_5_64_array_ROM_AUTbkb&apos; using auto ROMs." resolution=""/>
	<Message severity="INFO" prefix="[RTMG 210-279]" key="RTMG_279_1793" tag="" content="Implementing memory &apos;dbfs_converter_log10_48_24_s_log_apfixed_reduce_log_lut_table_ap_fixed_4_4_16_array_ROM_AUTOcud&apos; using auto ROMs." resolution=""/>
	<Message severity="INFO" prefix="[RTMG 210-279]" key="RTMG_279_1793" tag="" content="Implementing memory &apos;dbfs_converter_log10_48_24_s_log_apfixed_reduce_log_lut_table_ap_fixed_7_6_64_array_ROM_AUTOdEe&apos; using auto ROMs." resolution=""/>
	<Message severity="INFO" prefix="[HLS 200-111]" key="HLS_111_966" tag="RUNTIME" content="Finished Creating RTL model: CPU user time: 0.21 seconds. CPU system time: 0.02 seconds. Elapsed time: 0.44 seconds; current allocated memory: 354.309 MB." resolution=""/>
	<Message severity="INFO" prefix="[HLS 200-10]" key="HLS_10_1483" tag="" content="----------------------------------------------------------------" resolution=""/>
	<Message severity="INFO" prefix="[HLS 200-10]" key="HLS_10_1484" tag="" content="-- Generating RTL for module &apos;dbfs_converter&apos;" resolution=""/>
	<Message severity="INFO" prefix="[HLS 200-10]" key="HLS_10_1485" tag="" content="----------------------------------------------------------------" resolution=""/>
	<Message severity="INFO" prefix="[RTGEN 206-500]" key="PREPROC_IO_COMP_CONFLICT_1950" tag="" content="Setting interface mode on port &apos;dbfs_converter/linear_value&apos; to &apos;ap_none&apos;." resolution=""/>
	<Message severity="INFO" prefix="[RTGEN 206-500]" key="PREPROC_IO_COMP_CONFLICT_1950" tag="" content="Setting interface mode on function &apos;dbfs_converter&apos; to &apos;ap_ctrl_hs&apos;." resolution=""/>
	<Message severity="INFO" prefix="[RTGEN 206-100]" key="RTGEN_100_856" tag="" content="Finished creating RTL model for &apos;dbfs_converter&apos;." resolution=""/>
	<Message severity="INFO" prefix="[HLS 200-111]" key="HLS_111_966" tag="RUNTIME" content="Finished Creating RTL model: CPU user time: 0.35 seconds. CPU system time: 0.03 seconds. Elapsed time: 0.4 seconds; current allocated memory: 361.992 MB." resolution=""/>
	<Message severity="INFO" prefix="[HLS 200-111]" key="HLS_111_966" tag="RUNTIME" content="Finished Generating all RTL models: CPU user time: 0.35 seconds. CPU system time: 0.02 seconds. Elapsed time: 0.41 seconds; current allocated memory: 364.633 MB." resolution=""/>
	<Message severity="INFO" prefix="[HLS 200-111]" key="HLS_111_966" tag="RUNTIME" content="Finished Updating report files: CPU user time: 0.59 seconds. CPU system time: 0.04 seconds. Elapsed time: 0.66 seconds; current allocated memory: 373.355 MB." resolution=""/>
	<Message severity="INFO" prefix="[VHDL 208-304]" key="VHDL_304_1066" tag="" content="Generating VHDL RTL for dbfs_converter." resolution=""/>
	<Message severity="INFO" prefix="[VLOG 209-307]" key="VLOG_307_1067" tag="" content="Generating Verilog RTL for dbfs_converter." resolution=""/>
	<Message severity="INFO" prefix="[HLS 200-789]" key="HLS 200-789" tag="THROUGHPUT,VITIS_KERNEL" content="**** Estimated Fmax: 140.55 MHz" resolution=""/>
	<Message severity="INFO" prefix="[HLS 200-111]" key="HLS_111_966" tag="RUNTIME" content="Finished Command csynth_design CPU user time: 61.64 seconds. CPU system time: 3.62 seconds. Elapsed time: 77.14 seconds; current allocated memory: 61.742 MB." resolution=""/>
</Messages>
