[
  {
    "functionLabel": "",
    "functionName": "dbfs_converter",
    "id": 0,
    "ifcond": "",
    "insert_position": "",
    "label": "",
    "pragma": {
      "name": "TOP",
      "option": [
        {
          "name": "name",
          "value": "dbfs_converter"
        }
      ]
    },
    "slx": false,
    "sourceFile": "/media/nisitha/My_Passport/MOODLE/Vivado_projects/Aido_Processor_Lab_zed/dBFS_vitis/dbfs_converter/solution1/csynth.tcl",
    "sourceLine": 15,
    "success": true
  }
]