{
  "0": {
    "basicblocks": 1,
    "calls": "",
    "file": "dbfs_converter.cpp",
    "fileloc": 3,
    "instructions": 43,
    "loads": {
      "L": 2
    },
    "name": "dbfs_converter",
    "stores": {
      "L": 2
    },
    "total_instructions": 8271
  },
  "1": {
    "basicblocks": 1,
    "calls": "26",
    "file": "dbfs_converter.pp.0.cpp",
    "fileloc": 0,
    "instructions": 2,
    "name": "",
    "total_instructions": 59
  },
  "10": {
    "basicblocks": 1,
    "calls": "",
    "file": "hls_log_apfixed.cpp",
    "fileloc": 162,
    "instructions": 17,
    "name": "__cxx_global_var_init.20",
    "total_instructions": 273
  },
  "11": {
    "basicblocks": 1,
    "calls": "",
    "file": "hls_log_apfixed.cpp",
    "fileloc": 139,
    "instructions": 17,
    "name": "__cxx_global_var_init.19",
    "total_instructions": 273
  },
  "12": {
    "basicblocks": 14,
    "calls": "16",
    "file": "hls_log_apfixed.h",
    "fileloc": 790,
    "instructions": 357,
    "loads": {
      "G": 2,
      "L": 8
    },
    "name": "log10<48, 24>",
    "stores": {
      "L": 10
    },
    "total_instructions": 7708
  },
  "13": {
    "basicblocks": 1,
    "calls": "",
    "file": "hls_log_apfixed.cpp",
    "fileloc": 1513,
    "instructions": 65,
    "name": "__cxx_global_var_init.292",
    "total_instructions": 1089
  },
  "14": {
    "basicblocks": 1,
    "calls": "",
    "file": "hls_log_apfixed.cpp",
    "fileloc": 1439,
    "instructions": 65,
    "name": "__cxx_global_var_init.291",
    "total_instructions": 1089
  },
  "15": {
    "basicblocks": 1,
    "calls": "",
    "file": "hls_log_apfixed.cpp",
    "fileloc": 1367,
    "instructions": 65,
    "name": "__cxx_global_var_init.290",
    "total_instructions": 1089
  },
  "16": {
    "basicblocks": 1,
    "calls": "30 32",
    "file": "hls_log_apfixed.h",
    "fileloc": 250,
    "instructions": 25,
    "loads": {
      "L": 2
    },
    "name": "range_reduction<38>",
    "stores": {
      "L": 2
    },
    "total_instructions": 2923
  },
  "17": {
    "basicblocks": 1,
    "calls": "",
    "file": "hls_log_apfixed.cpp",
    "fileloc": 1295,
    "instructions": 65,
    "name": "__cxx_global_var_init.226",
    "total_instructions": 1089
  },
  "18": {
    "basicblocks": 1,
    "calls": "",
    "file": "hls_log_apfixed.cpp",
    "fileloc": 1585,
    "instructions": 65,
    "name": "__cxx_global_var_init.356",
    "total_instructions": 1089
  },
  "19": {
    "basicblocks": 1,
    "calls": "",
    "file": "hls_log_apfixed.cpp",
    "fileloc": 1774,
    "instructions": 65,
    "name": "__cxx_global_var_init.421",
    "total_instructions": 1089
  },
  "2": {
    "basicblocks": 1,
    "calls": "",
    "file": "hls_log_apfixed.cpp",
    "fileloc": 2377,
    "instructions": 65,
    "name": "__cxx_global_var_init.604",
    "total_instructions": 1089
  },
  "20": {
    "basicblocks": 1,
    "calls": "",
    "file": "hls_log_apfixed.cpp",
    "fileloc": 1659,
    "instructions": 65,
    "name": "__cxx_global_var_init.357",
    "total_instructions": 1089
  },
  "21": {
    "basicblocks": 1,
    "calls": "",
    "file": "hls_log_apfixed.cpp",
    "fileloc": 716,
    "instructions": 65,
    "name": "__cxx_global_var_init.155",
    "total_instructions": 1089
  },
  "22": {
    "basicblocks": 1,
    "calls": "",
    "file": "hls_log_apfixed.cpp",
    "fileloc": 570,
    "instructions": 65,
    "name": "__cxx_global_var_init.90",
    "total_instructions": 1089
  },
  "23": {
    "basicblocks": 1,
    "calls": "",
    "file": "hls_log_apfixed.cpp",
    "fileloc": 644,
    "instructions": 65,
    "name": "__cxx_global_var_init.91",
    "total_instructions": 1089
  },
  "24": {
    "basicblocks": 1,
    "calls": "",
    "file": "hls_log_apfixed.cpp",
    "fileloc": 860,
    "instructions": 65,
    "name": "__cxx_global_var_init.157",
    "total_instructions": 1089
  },
  "25": {
    "basicblocks": 1,
    "calls": "",
    "file": "hls_log_apfixed.cpp",
    "fileloc": 932,
    "instructions": 65,
    "name": "__cxx_global_var_init.158",
    "total_instructions": 1089
  },
  "26": {
    "basicblocks": 1,
    "calls": "",
    "file": "dbfs_converter.hpp",
    "fileloc": 7,
    "instructions": 2,
    "name": "__cxx_global_var_init",
    "total_instructions": 57
  },
  "27": {
    "basicblocks": 1,
    "calls": "",
    "file": "hls_log_apfixed.cpp",
    "fileloc": 1006,
    "instructions": 65,
    "name": "__cxx_global_var_init.159",
    "total_instructions": 1089
  },
  "28": {
    "basicblocks": 1,
    "calls": "",
    "file": "hls_log_apfixed.cpp",
    "fileloc": 1221,
    "instructions": 65,
    "name": "__cxx_global_var_init.225",
    "total_instructions": 1089
  },
  "29": {
    "basicblocks": 1,
    "calls": "",
    "file": "hls_log_apfixed.cpp",
    "fileloc": 1078,
    "instructions": 65,
    "name": "__cxx_global_var_init.223",
    "total_instructions": 1089
  },
  "3": {
    "basicblocks": 1,
    "calls": "6 7 9 8 11 10 35 34 37 38 36 39 22 23 21 33 24 25 27 29 31 28 17 15 14 13 18 20 19 4 2",
    "file": "hls_log_apfixed.pp.cpp",
    "fileloc": 0,
    "instructions": 32,
    "name": "",
    "total_instructions": 28079
  },
  "30": {
    "basicblocks": 1,
    "calls": "",
    "file": "hls_log_apfixed.h",
    "fileloc": 144,
    "instructions": 102,
    "loads": {
      "G": 1,
      "L": 1
    },
    "name": "range_reduce<ap_fixed<44, 7, AP_TRN, AP_WRAP, 0>, 4, 4, 38, 30>",
    "stores": {
      "L": 2
    },
    "total_instructions": 1256
  },
  "31": {
    "basicblocks": 1,
    "calls": "",
    "file": "hls_log_apfixed.cpp",
    "fileloc": 1150,
    "instructions": 65,
    "name": "__cxx_global_var_init.224",
    "total_instructions": 1089
  },
  "32": {
    "basicblocks": 1,
    "calls": "",
    "file": "hls_log_apfixed.h",
    "fileloc": 144,
    "instructions": 89,
    "loads": {
      "G": 1,
      "L": 1
    },
    "name": "range_reduce<ap_fixed<44, 7, AP_TRN, AP_WRAP, 0>, 7, 6, 30, 25>",
    "stores": {
      "L": 2
    },
    "total_instructions": 1232
  },
  "33": {
    "basicblocks": 1,
    "calls": "",
    "file": "hls_log_apfixed.cpp",
    "fileloc": 788,
    "instructions": 65,
    "name": "__cxx_global_var_init.156",
    "total_instructions": 1089
  },
  "34": {
    "basicblocks": 1,
    "calls": "",
    "file": "hls_log_apfixed.cpp",
    "fileloc": 210,
    "instructions": 65,
    "name": "__cxx_global_var_init.22",
    "total_instructions": 1089
  },
  "35": {
    "basicblocks": 1,
    "calls": "",
    "file": "hls_log_apfixed.cpp",
    "fileloc": 185,
    "instructions": 17,
    "name": "__cxx_global_var_init.21",
    "total_instructions": 273
  },
  "36": {
    "basicblocks": 1,
    "calls": "",
    "file": "hls_log_apfixed.cpp",
    "fileloc": 426,
    "instructions": 65,
    "name": "__cxx_global_var_init.88",
    "total_instructions": 1089
  },
  "37": {
    "basicblocks": 1,
    "calls": "",
    "file": "hls_log_apfixed.cpp",
    "fileloc": 282,
    "instructions": 65,
    "name": "__cxx_global_var_init.86",
    "total_instructions": 1089
  },
  "38": {
    "basicblocks": 1,
    "calls": "",
    "file": "hls_log_apfixed.cpp",
    "fileloc": 354,
    "instructions": 65,
    "name": "__cxx_global_var_init.87",
    "total_instructions": 1089
  },
  "39": {
    "basicblocks": 1,
    "calls": "",
    "file": "hls_log_apfixed.cpp",
    "fileloc": 498,
    "instructions": 65,
    "name": "__cxx_global_var_init.89",
    "total_instructions": 1089
  },
  "4": {
    "basicblocks": 1,
    "calls": "",
    "file": "hls_log_apfixed.cpp",
    "fileloc": 1918,
    "instructions": 65,
    "name": "__cxx_global_var_init.466",
    "total_instructions": 1089
  },
  "5": {
    "basicblocks": 4,
    "calls": "",
    "file": "hls_round_copysign_apfixed.h",
    "fileloc": 150,
    "instructions": 29,
    "loads": {
      "L": 1
    },
    "name": "fabs_fixed<48, 24>",
    "stores": {
      "L": 1
    },
    "total_instructions": 177
  },
  "6": {
    "basicblocks": 1,
    "calls": "",
    "file": "hls_log_apfixed.cpp",
    "fileloc": 47,
    "instructions": 17,
    "name": "__cxx_global_var_init",
    "total_instructions": 273
  },
  "7": {
    "basicblocks": 1,
    "calls": "",
    "file": "hls_log_apfixed.cpp",
    "fileloc": 70,
    "instructions": 17,
    "name": "__cxx_global_var_init.16",
    "total_instructions": 273
  },
  "8": {
    "basicblocks": 1,
    "calls": "",
    "file": "hls_log_apfixed.cpp",
    "fileloc": 116,
    "instructions": 17,
    "name": "__cxx_global_var_init.18",
    "total_instructions": 273
  },
  "9": {
    "basicblocks": 1,
    "calls": "",
    "file": "hls_log_apfixed.cpp",
    "fileloc": 93,
    "instructions": 17,
    "name": "__cxx_global_var_init.17",
    "total_instructions": 273
  }
}