{
  "0": {
    "basicblocks": 19,
    "calls": "",
    "file": "dbfs_converter.cpp",
    "fileloc": 3,
    "instructions": 49,
    "loads": {
      "L": 4
    },
    "name": "dbfs_converter",
    "stores": {
      "L": 2
    },
    "total_instructions": 1636
  },
  "1": {
    "basicblocks": 31,
    "calls": "3 2",
    "file": "hls_log_apfixed.h",
    "fileloc": 250,
    "instructions": 80,
    "loads": {
      "L": 11
    },
    "name": "range_reduction<38>",
    "stores": {
      "L": 6
    },
    "total_instructions": 334
  },
  "2": {
    "basicblocks": 61,
    "calls": "",
    "file": "hls_log_apfixed.h",
    "fileloc": 144,
    "instructions": 126,
    "loads": {
      "G": 1,
      "L": 10
    },
    "name": "range_reduce<ap_fixed<44, 7, AP_TRN, AP_WRAP, 0>, 7, 6, 30, 25>",
    "stores": {
      "L": 2
    },
    "total_instructions": 126
  },
  "3": {
    "basicblocks": 61,
    "calls": "",
    "file": "hls_log_apfixed.h",
    "fileloc": 144,
    "instructions": 128,
    "loads": {
      "G": 1,
      "L": 10
    },
    "name": "range_reduce<ap_fixed<44, 7, AP_TRN, AP_WRAP, 0>, 4, 4, 38, 30>",
    "stores": {
      "L": 2
    },
    "total_instructions": 128
  },
  "4": {
    "basicblocks": 381,
    "calls": "1",
    "file": "hls_log_apfixed.h",
    "fileloc": 790,
    "instructions": 1203,
    "loads": {
      "G": 2,
      "L": 10
    },
    "name": "log10<48, 24>",
    "stores": {
      "L": 3
    },
    "total_instructions": 1537
  },
  "5": {
    "basicblocks": 12,
    "calls": "",
    "file": "hls_round_copysign_apfixed.h",
    "fileloc": 150,
    "instructions": 42,
    "loads": {
      "L": 5
    },
    "name": "fabs_fixed<48, 24>",
    "stores": {
      "L": 6
    },
    "total_instructions": 42
  }
}