{
  "0": {
    "basicblocks": 1,
    "calls": "1",
    "file": "dbfs_converter.cpp",
    "fileloc": 3,
    "instructions": 39,
    "loads": {
      "L": 2
    },
    "name": "dbfs_converter",
    "stores": {
      "L": 3
    },
    "total_instructions": 702
  },
  "1": {
    "basicblocks": 54,
    "calls": "",
    "file": "hls_log_apfixed.h",
    "fileloc": 790,
    "instructions": 663,
    "loads": {
      "G": 4,
      "L": 1
    },
    "name": "log10<48, 24>",
    "stores": {
      "L": 1
    },
    "total_instructions": 663
  }
}