<profile>

<section name = "Vitis HLS Report for 'dbfs_converter'" level="0">
<item name = "Date">Mon Apr 14 10:59:09 2025
</item>
<item name = "Version">2023.2 (Build 4023990 on Oct 11 2023)</item>
<item name = "Project">dbfs_converter</item>
<item name = "Solution">solution1 (Vivado IP Flow Target)</item>
<item name = "Product family">zynq</item>
<item name = "Target device">xc7z020-clg484-1</item>
</section>

<section name = "Performance Estimates" level="0">
<item name = "Timing">
<section name = "" level="1">
<item name = "Summary"><table name="" hasTotal="0">
<keys size="4">Clock, Target, Estimated, Uncertainty</keys>
<column name="ap_clk">10.00 ns, 7.115 ns, 2.70 ns</column>
</table>
</item>
</section>
</item>
<item name = "Latency">
<section name = "" level="1">
<item name = "Summary"><table name="" hasTotal="0">
<keys size="8">, min, max, min, max, min, max, Type</keys>
<column name="">23, 23, 0.230 us, 0.230 us, 24, 24, no</column>
</table>
</item>
<item name = "Detail">
<section name = "" level="1">
<item name = "Instance"><table name="" hasTotal="0">
<keys size="9">Instance, Module, min, max, min, max, min, max, Type</keys>
<column name="grp_log10_48_24_s_fu_70">log10_48_24_s, 20, 20, 0.200 us, 0.200 us, 1, 1, yes</column>
</table>
</item>
<item name = "Loop"><table name="" hasTotal="0">
<keys size="8">Loop Name, min, max, Latency, achieved, target, Count, Pipelined</keys>
</table>
</item>
</section>
</item>
</section>
</item>
</section>

<section name = "Utilization Estimates" level="0">
<item name = "Summary"><table name="" hasTotal="1">
<keys size="6">Name, BRAM_18K, DSP, FF, LUT, URAM</keys>
<column name="DSP">-, -, -, -, -</column>
<column name="Expression">-, -, 0, 281, -</column>
<column name="FIFO">-, -, -, -, -</column>
<column name="Instance">3, 14, 3202, 3785, -</column>
<column name="Memory">-, -, -, -, -</column>
<column name="Multiplexer">-, -, -, 113, -</column>
<column name="Register">-, -, 153, -, -</column>
<specialColumn name="Available">280, 220, 106400, 53200, 0</specialColumn>
<specialColumn name="Utilization (%)">1, 6, 3, 7, 0</specialColumn>
</table>
</item>
<item name = "Detail">
<section name = "" level="1">
<item name = "Instance"><table name="" hasTotal="1">
<keys size="7">Instance, Module, BRAM_18K, DSP, FF, LUT, URAM</keys>
<column name="grp_log10_48_24_s_fu_70">log10_48_24_s, 3, 14, 3202, 3785, 0</column>
</table>
</item>
<item name = "DSP"><table name="" hasTotal="0">
<keys size="3">Instance, Module, Expression</keys>
</table>
</item>
<item name = "Memory"><table name="" hasTotal="1">
<keys size="10">Memory, Module, BRAM_18K, FF, LUT, URAM, Words, Bits, Banks, W*Bits*Banks</keys>
</table>
</item>
<item name = "FIFO"><table name="" hasTotal="1">
<keys size="8">Name, BRAM_18K, FF, LUT, URAM, Depth, Bits, Size:D*B</keys>
</table>
</item>
<item name = "Expression"><table name="" hasTotal="1">
<keys size="7">Variable Name, Operation, DSP, FF, LUT, Bitwidth P0, Bitwidth P1</keys>
<column name="add_ln8_fu_198_p2">+, 0, 0, 40, 33, 33</column>
<column name="sub_ln152_fu_83_p2">-, 0, 0, 55, 1, 48</column>
<column name="sub_ln7_1_fu_163_p2">-, 0, 0, 33, 1, 26</column>
<column name="sub_ln7_fu_140_p2">-, 0, 0, 79, 1, 72</column>
<column name="select_ln154_fu_107_p3">select, 0, 0, 48, 1, 48</column>
<column name="x_fu_169_p3">select, 0, 0, 26, 1, 26</column>
</table>
</item>
<item name = "Multiplexer"><table name="" hasTotal="1">
<keys size="5">Name, LUT, Input Size, Bits, Total Bits</keys>
<column name="ap_NS_fsm">113, 25, 1, 25</column>
</table>
</item>
<item name = "Register"><table name="" hasTotal="1">
<keys size="5">Name, FF, LUT, Bits, Const Bits</keys>
<column name="ap_CS_fsm">24, 0, 24, 0</column>
<column name="grp_log10_48_24_s_fu_70_ap_start_reg">1, 0, 1, 0</column>
<column name="ref_tmp5_reg_228">28, 0, 28, 0</column>
<column name="select_ln154_reg_208">48, 0, 48, 0</column>
<column name="tmp_51_reg_213">1, 0, 1, 0</column>
<column name="tmp_57_reg_218">25, 0, 25, 0</column>
<column name="x_reg_223">26, 0, 26, 0</column>
</table>
</item>
</section>
</item>
</section>

<section name = "Interface" level="0">
<item name = "Summary"><table name="" hasTotal="0">
<keys size="6">RTL Ports, Dir, Bits, Protocol, Source Object, C Type</keys>
<column name="ap_clk">in, 1, ap_ctrl_hs, dbfs_converter, return value</column>
<column name="ap_rst">in, 1, ap_ctrl_hs, dbfs_converter, return value</column>
<column name="ap_start">in, 1, ap_ctrl_hs, dbfs_converter, return value</column>
<column name="ap_done">out, 1, ap_ctrl_hs, dbfs_converter, return value</column>
<column name="ap_idle">out, 1, ap_ctrl_hs, dbfs_converter, return value</column>
<column name="ap_ready">out, 1, ap_ctrl_hs, dbfs_converter, return value</column>
<column name="ap_return">out, 48, ap_ctrl_hs, dbfs_converter, return value</column>
<column name="linear_value">in, 48, ap_none, linear_value, scalar</column>
</table>
</item>
</section>
</profile>
