<stg><name>dbfs_converter</name>


<trans_list>

<trans id="71" from="1" to="2">
<condition id="-1">
<or_exp><and_exp></and_exp></or_exp>
</condition>
</trans>

<trans id="72" from="2" to="3">
<condition id="-1">
<or_exp><and_exp></and_exp></or_exp>
</condition>
</trans>

<trans id="73" from="3" to="4">
<condition id="-1">
<or_exp><and_exp></and_exp></or_exp>
</condition>
</trans>

<trans id="74" from="4" to="5">
<condition id="-1">
<or_exp><and_exp></and_exp></or_exp>
</condition>
</trans>

<trans id="75" from="5" to="6">
<condition id="-1">
<or_exp><and_exp></and_exp></or_exp>
</condition>
</trans>

<trans id="76" from="6" to="7">
<condition id="-1">
<or_exp><and_exp></and_exp></or_exp>
</condition>
</trans>

<trans id="77" from="7" to="8">
<condition id="-1">
<or_exp><and_exp></and_exp></or_exp>
</condition>
</trans>

<trans id="78" from="8" to="9">
<condition id="-1">
<or_exp><and_exp></and_exp></or_exp>
</condition>
</trans>

<trans id="79" from="9" to="10">
<condition id="-1">
<or_exp><and_exp></and_exp></or_exp>
</condition>
</trans>

<trans id="80" from="10" to="11">
<condition id="-1">
<or_exp><and_exp></and_exp></or_exp>
</condition>
</trans>

<trans id="81" from="11" to="12">
<condition id="-1">
<or_exp><and_exp></and_exp></or_exp>
</condition>
</trans>

<trans id="82" from="12" to="13">
<condition id="-1">
<or_exp><and_exp></and_exp></or_exp>
</condition>
</trans>

<trans id="83" from="13" to="14">
<condition id="-1">
<or_exp><and_exp></and_exp></or_exp>
</condition>
</trans>

<trans id="84" from="14" to="15">
<condition id="-1">
<or_exp><and_exp></and_exp></or_exp>
</condition>
</trans>

<trans id="85" from="15" to="16">
<condition id="-1">
<or_exp><and_exp></and_exp></or_exp>
</condition>
</trans>

<trans id="86" from="16" to="17">
<condition id="-1">
<or_exp><and_exp></and_exp></or_exp>
</condition>
</trans>

<trans id="87" from="17" to="18">
<condition id="-1">
<or_exp><and_exp></and_exp></or_exp>
</condition>
</trans>

<trans id="88" from="18" to="19">
<condition id="-1">
<or_exp><and_exp></and_exp></or_exp>
</condition>
</trans>

<trans id="89" from="19" to="20">
<condition id="-1">
<or_exp><and_exp></and_exp></or_exp>
</condition>
</trans>

<trans id="90" from="20" to="21">
<condition id="-1">
<or_exp><and_exp></and_exp></or_exp>
</condition>
</trans>

<trans id="91" from="21" to="22">
<condition id="-1">
<or_exp><and_exp></and_exp></or_exp>
</condition>
</trans>

<trans id="92" from="22" to="23">
<condition id="-1">
<or_exp><and_exp></and_exp></or_exp>
</condition>
</trans>

<trans id="93" from="23" to="24">
<condition id="-1">
<or_exp><and_exp></and_exp></or_exp>
</condition>
</trans>
</trans_list>



<state_list>

<state id="1" st_id="1">

<operation id="25" st_id="1" stage="1" lat="1">
<core>NULL</core>
<MemPortIdVec></MemPortIdVec>
<condition id="-1">
<or_exp><and_exp></and_exp></or_exp>
</condition>

<Node id="10" bw="48" op_0_bw="48" op_1_bw="48">
<![CDATA[
entry:4 %linear_value_read = read i48 @_ssdm_op_Read.ap_auto.i48, i48 %linear_value

]]></Node>
<StgValue><ssdm name="linear_value_read"/></StgValue>
</operation>

<operation id="26" st_id="1" stage="1" lat="1">
<core>Adder</core>
<MemPortIdVec></MemPortIdVec>
<condition id="-1">
<or_exp><and_exp></and_exp></or_exp>
</condition>

<Node id="11" bw="48" op_0_bw="48" op_1_bw="48">
<![CDATA[
entry:5 %sub_ln152 = sub i48 0, i48 %linear_value_read

]]></Node>
<StgValue><ssdm name="sub_ln152"/></StgValue>
</operation>

<operation id="27" st_id="1" stage="1" lat="1">
<core>NULL</core>
<MemPortIdVec></MemPortIdVec>
<condition id="-1">
<or_exp><and_exp></and_exp></or_exp>
</condition>

<Node id="12" bw="48" op_0_bw="48" op_1_bw="48" op_2_bw="32" op_3_bw="1">
<![CDATA[
entry:6 %tmp = bitset i48 @_ssdm_op_BitSet.i48.i48.i32.i1, i48 %sub_ln152, i32 47, i1 0

]]></Node>
<StgValue><ssdm name="tmp"/></StgValue>
</operation>

<operation id="28" st_id="1" stage="1" lat="1">
<core>NULL</core>
<MemPortIdVec></MemPortIdVec>
<condition id="-1">
<or_exp><and_exp></and_exp></or_exp>
</condition>

<Node id="13" bw="1" op_0_bw="1" op_1_bw="48" op_2_bw="32">
<![CDATA[
entry:7 %tmp_50 = bitselect i1 @_ssdm_op_BitSelect.i1.i48.i32, i48 %linear_value_read, i32 47

]]></Node>
<StgValue><ssdm name="tmp_50"/></StgValue>
</operation>

<operation id="29" st_id="1" stage="1" lat="1">
<core>Sel</core>
<MemPortIdVec></MemPortIdVec>
<condition id="-1">
<or_exp><and_exp></and_exp></or_exp>
</condition>

<Node id="14" bw="48" op_0_bw="1" op_1_bw="48" op_2_bw="48">
<![CDATA[
entry:8 %select_ln154 = select i1 %tmp_50, i48 %tmp, i48 %linear_value_read

]]></Node>
<StgValue><ssdm name="select_ln154"/></StgValue>
</operation>

<operation id="30" st_id="1" stage="1" lat="1">
<core>NULL</core>
<MemPortIdVec></MemPortIdVec>
<condition id="-1">
<or_exp><and_exp></and_exp></or_exp>
</condition>

<Node id="16" bw="1" op_0_bw="1" op_1_bw="48" op_2_bw="32">
<![CDATA[
entry:10 %tmp_51 = bitselect i1 @_ssdm_op_BitSelect.i1.i48.i32, i48 %select_ln154, i32 47

]]></Node>
<StgValue><ssdm name="tmp_51"/></StgValue>
</operation>

<operation id="31" st_id="1" stage="1" lat="1">
<core>NULL</core>
<MemPortIdVec></MemPortIdVec>
<condition id="-1">
<or_exp><and_exp></and_exp></or_exp>
</condition>

<Node id="20" bw="25" op_0_bw="25" op_1_bw="48" op_2_bw="32" op_3_bw="32">
<![CDATA[
entry:14 %tmp_57 = partselect i25 @_ssdm_op_PartSelect.i25.i48.i32.i32, i48 %select_ln154, i32 23, i32 47

]]></Node>
<StgValue><ssdm name="tmp_57"/></StgValue>
</operation>
</state>

<state id="2" st_id="2">

<operation id="32" st_id="2" stage="1" lat="1">
<core>NULL</core>
<MemPortIdVec></MemPortIdVec>
<condition id="-1">
<or_exp><and_exp><literal name="tmp_51" val="1"/>
</and_exp></or_exp>
</condition>

<Node id="15" bw="72" op_0_bw="72" op_1_bw="48" op_2_bw="24">
<![CDATA[
entry:9 %shl_ln7 = bitconcatenate i72 @_ssdm_op_BitConcatenate.i72.i48.i24, i48 %select_ln154, i24 0

]]></Node>
<StgValue><ssdm name="shl_ln7"/></StgValue>
</operation>

<operation id="33" st_id="2" stage="1" lat="1">
<core>Adder</core>
<MemPortIdVec></MemPortIdVec>
<condition id="-1">
<or_exp><and_exp><literal name="tmp_51" val="1"/>
</and_exp></or_exp>
</condition>

<Node id="17" bw="72" op_0_bw="72" op_1_bw="72">
<![CDATA[
entry:11 %sub_ln7 = sub i72 0, i72 %shl_ln7

]]></Node>
<StgValue><ssdm name="sub_ln7"/></StgValue>
</operation>

<operation id="34" st_id="2" stage="1" lat="1">
<core>NULL</core>
<MemPortIdVec></MemPortIdVec>
<condition id="-1">
<or_exp><and_exp><literal name="tmp_51" val="1"/>
</and_exp></or_exp>
</condition>

<Node id="18" bw="25" op_0_bw="25" op_1_bw="72" op_2_bw="32" op_3_bw="32">
<![CDATA[
entry:12 %tmp_s = partselect i25 @_ssdm_op_PartSelect.i25.i72.i32.i32, i72 %sub_ln7, i32 47, i32 71

]]></Node>
<StgValue><ssdm name="tmp_s"/></StgValue>
</operation>

<operation id="35" st_id="2" stage="1" lat="1">
<core>NULL</core>
<MemPortIdVec></MemPortIdVec>
<condition id="-1">
<or_exp><and_exp><literal name="tmp_51" val="1"/>
</and_exp></or_exp>
</condition>

<Node id="19" bw="26" op_0_bw="25">
<![CDATA[
entry:13 %zext_ln7 = zext i25 %tmp_s

]]></Node>
<StgValue><ssdm name="zext_ln7"/></StgValue>
</operation>

<operation id="36" st_id="2" stage="1" lat="1">
<core>NULL</core>
<MemPortIdVec></MemPortIdVec>
<condition id="-1">
<or_exp><and_exp><literal name="tmp_51" val="0"/>
</and_exp></or_exp>
</condition>

<Node id="21" bw="26" op_0_bw="25">
<![CDATA[
entry:15 %zext_ln7_1 = zext i25 %tmp_57

]]></Node>
<StgValue><ssdm name="zext_ln7_1"/></StgValue>
</operation>

<operation id="37" st_id="2" stage="1" lat="1">
<core>Adder</core>
<MemPortIdVec></MemPortIdVec>
<condition id="-1">
<or_exp><and_exp><literal name="tmp_51" val="1"/>
</and_exp></or_exp>
</condition>

<Node id="22" bw="26" op_0_bw="26" op_1_bw="26">
<![CDATA[
entry:16 %sub_ln7_1 = sub i26 0, i26 %zext_ln7

]]></Node>
<StgValue><ssdm name="sub_ln7_1"/></StgValue>
</operation>

<operation id="38" st_id="2" stage="1" lat="1">
<core>Sel</core>
<MemPortIdVec></MemPortIdVec>
<condition id="-1">
<or_exp><and_exp></and_exp></or_exp>
</condition>

<Node id="23" bw="26" op_0_bw="1" op_1_bw="26" op_2_bw="26">
<![CDATA[
entry:17 %x = select i1 %tmp_51, i26 %sub_ln7_1, i26 %zext_ln7_1

]]></Node>
<StgValue><ssdm name="x"/></StgValue>
</operation>
</state>

<state id="3" st_id="3">

<operation id="39" st_id="3" stage="21" lat="21">
<core></core>
<MemPortIdVec></MemPortIdVec>
<condition id="-1">
<or_exp><and_exp></and_exp></or_exp>
</condition>

<Node id="24" bw="28" op_0_bw="28" op_1_bw="26" op_2_bw="6" op_3_bw="37" op_4_bw="33" op_5_bw="30">
<![CDATA[
entry:18 %ref_tmp5 = call i28 @log10<48, 24>, i26 %x, i6 %log_apfixed_reduce_log_inverse_lut_table_array, i37 %log_apfixed_reduce_log0_lut_table_ap_fixed_0_5_64_array, i33 %log_apfixed_reduce_log_lut_table_ap_fixed_4_4_16_array, i30 %log_apfixed_reduce_log_lut_table_ap_fixed_7_6_64_array

]]></Node>
<StgValue><ssdm name="ref_tmp5"/></StgValue>
</operation>
</state>

<state id="4" st_id="4">

<operation id="40" st_id="4" stage="20" lat="21">
<core></core>
<MemPortIdVec></MemPortIdVec>
<condition id="-1">
<or_exp><and_exp></and_exp></or_exp>
</condition>

<Node id="24" bw="28" op_0_bw="28" op_1_bw="26" op_2_bw="6" op_3_bw="37" op_4_bw="33" op_5_bw="30">
<![CDATA[
entry:18 %ref_tmp5 = call i28 @log10<48, 24>, i26 %x, i6 %log_apfixed_reduce_log_inverse_lut_table_array, i37 %log_apfixed_reduce_log0_lut_table_ap_fixed_0_5_64_array, i33 %log_apfixed_reduce_log_lut_table_ap_fixed_4_4_16_array, i30 %log_apfixed_reduce_log_lut_table_ap_fixed_7_6_64_array

]]></Node>
<StgValue><ssdm name="ref_tmp5"/></StgValue>
</operation>
</state>

<state id="5" st_id="5">

<operation id="41" st_id="5" stage="19" lat="21">
<core></core>
<MemPortIdVec></MemPortIdVec>
<condition id="-1">
<or_exp><and_exp></and_exp></or_exp>
</condition>

<Node id="24" bw="28" op_0_bw="28" op_1_bw="26" op_2_bw="6" op_3_bw="37" op_4_bw="33" op_5_bw="30">
<![CDATA[
entry:18 %ref_tmp5 = call i28 @log10<48, 24>, i26 %x, i6 %log_apfixed_reduce_log_inverse_lut_table_array, i37 %log_apfixed_reduce_log0_lut_table_ap_fixed_0_5_64_array, i33 %log_apfixed_reduce_log_lut_table_ap_fixed_4_4_16_array, i30 %log_apfixed_reduce_log_lut_table_ap_fixed_7_6_64_array

]]></Node>
<StgValue><ssdm name="ref_tmp5"/></StgValue>
</operation>
</state>

<state id="6" st_id="6">

<operation id="42" st_id="6" stage="18" lat="21">
<core></core>
<MemPortIdVec></MemPortIdVec>
<condition id="-1">
<or_exp><and_exp></and_exp></or_exp>
</condition>

<Node id="24" bw="28" op_0_bw="28" op_1_bw="26" op_2_bw="6" op_3_bw="37" op_4_bw="33" op_5_bw="30">
<![CDATA[
entry:18 %ref_tmp5 = call i28 @log10<48, 24>, i26 %x, i6 %log_apfixed_reduce_log_inverse_lut_table_array, i37 %log_apfixed_reduce_log0_lut_table_ap_fixed_0_5_64_array, i33 %log_apfixed_reduce_log_lut_table_ap_fixed_4_4_16_array, i30 %log_apfixed_reduce_log_lut_table_ap_fixed_7_6_64_array

]]></Node>
<StgValue><ssdm name="ref_tmp5"/></StgValue>
</operation>
</state>

<state id="7" st_id="7">

<operation id="43" st_id="7" stage="17" lat="21">
<core></core>
<MemPortIdVec></MemPortIdVec>
<condition id="-1">
<or_exp><and_exp></and_exp></or_exp>
</condition>

<Node id="24" bw="28" op_0_bw="28" op_1_bw="26" op_2_bw="6" op_3_bw="37" op_4_bw="33" op_5_bw="30">
<![CDATA[
entry:18 %ref_tmp5 = call i28 @log10<48, 24>, i26 %x, i6 %log_apfixed_reduce_log_inverse_lut_table_array, i37 %log_apfixed_reduce_log0_lut_table_ap_fixed_0_5_64_array, i33 %log_apfixed_reduce_log_lut_table_ap_fixed_4_4_16_array, i30 %log_apfixed_reduce_log_lut_table_ap_fixed_7_6_64_array

]]></Node>
<StgValue><ssdm name="ref_tmp5"/></StgValue>
</operation>
</state>

<state id="8" st_id="8">

<operation id="44" st_id="8" stage="16" lat="21">
<core></core>
<MemPortIdVec></MemPortIdVec>
<condition id="-1">
<or_exp><and_exp></and_exp></or_exp>
</condition>

<Node id="24" bw="28" op_0_bw="28" op_1_bw="26" op_2_bw="6" op_3_bw="37" op_4_bw="33" op_5_bw="30">
<![CDATA[
entry:18 %ref_tmp5 = call i28 @log10<48, 24>, i26 %x, i6 %log_apfixed_reduce_log_inverse_lut_table_array, i37 %log_apfixed_reduce_log0_lut_table_ap_fixed_0_5_64_array, i33 %log_apfixed_reduce_log_lut_table_ap_fixed_4_4_16_array, i30 %log_apfixed_reduce_log_lut_table_ap_fixed_7_6_64_array

]]></Node>
<StgValue><ssdm name="ref_tmp5"/></StgValue>
</operation>
</state>

<state id="9" st_id="9">

<operation id="45" st_id="9" stage="15" lat="21">
<core></core>
<MemPortIdVec></MemPortIdVec>
<condition id="-1">
<or_exp><and_exp></and_exp></or_exp>
</condition>

<Node id="24" bw="28" op_0_bw="28" op_1_bw="26" op_2_bw="6" op_3_bw="37" op_4_bw="33" op_5_bw="30">
<![CDATA[
entry:18 %ref_tmp5 = call i28 @log10<48, 24>, i26 %x, i6 %log_apfixed_reduce_log_inverse_lut_table_array, i37 %log_apfixed_reduce_log0_lut_table_ap_fixed_0_5_64_array, i33 %log_apfixed_reduce_log_lut_table_ap_fixed_4_4_16_array, i30 %log_apfixed_reduce_log_lut_table_ap_fixed_7_6_64_array

]]></Node>
<StgValue><ssdm name="ref_tmp5"/></StgValue>
</operation>
</state>

<state id="10" st_id="10">

<operation id="46" st_id="10" stage="14" lat="21">
<core></core>
<MemPortIdVec></MemPortIdVec>
<condition id="-1">
<or_exp><and_exp></and_exp></or_exp>
</condition>

<Node id="24" bw="28" op_0_bw="28" op_1_bw="26" op_2_bw="6" op_3_bw="37" op_4_bw="33" op_5_bw="30">
<![CDATA[
entry:18 %ref_tmp5 = call i28 @log10<48, 24>, i26 %x, i6 %log_apfixed_reduce_log_inverse_lut_table_array, i37 %log_apfixed_reduce_log0_lut_table_ap_fixed_0_5_64_array, i33 %log_apfixed_reduce_log_lut_table_ap_fixed_4_4_16_array, i30 %log_apfixed_reduce_log_lut_table_ap_fixed_7_6_64_array

]]></Node>
<StgValue><ssdm name="ref_tmp5"/></StgValue>
</operation>
</state>

<state id="11" st_id="11">

<operation id="47" st_id="11" stage="13" lat="21">
<core></core>
<MemPortIdVec></MemPortIdVec>
<condition id="-1">
<or_exp><and_exp></and_exp></or_exp>
</condition>

<Node id="24" bw="28" op_0_bw="28" op_1_bw="26" op_2_bw="6" op_3_bw="37" op_4_bw="33" op_5_bw="30">
<![CDATA[
entry:18 %ref_tmp5 = call i28 @log10<48, 24>, i26 %x, i6 %log_apfixed_reduce_log_inverse_lut_table_array, i37 %log_apfixed_reduce_log0_lut_table_ap_fixed_0_5_64_array, i33 %log_apfixed_reduce_log_lut_table_ap_fixed_4_4_16_array, i30 %log_apfixed_reduce_log_lut_table_ap_fixed_7_6_64_array

]]></Node>
<StgValue><ssdm name="ref_tmp5"/></StgValue>
</operation>
</state>

<state id="12" st_id="12">

<operation id="48" st_id="12" stage="12" lat="21">
<core></core>
<MemPortIdVec></MemPortIdVec>
<condition id="-1">
<or_exp><and_exp></and_exp></or_exp>
</condition>

<Node id="24" bw="28" op_0_bw="28" op_1_bw="26" op_2_bw="6" op_3_bw="37" op_4_bw="33" op_5_bw="30">
<![CDATA[
entry:18 %ref_tmp5 = call i28 @log10<48, 24>, i26 %x, i6 %log_apfixed_reduce_log_inverse_lut_table_array, i37 %log_apfixed_reduce_log0_lut_table_ap_fixed_0_5_64_array, i33 %log_apfixed_reduce_log_lut_table_ap_fixed_4_4_16_array, i30 %log_apfixed_reduce_log_lut_table_ap_fixed_7_6_64_array

]]></Node>
<StgValue><ssdm name="ref_tmp5"/></StgValue>
</operation>
</state>

<state id="13" st_id="13">

<operation id="49" st_id="13" stage="11" lat="21">
<core></core>
<MemPortIdVec></MemPortIdVec>
<condition id="-1">
<or_exp><and_exp></and_exp></or_exp>
</condition>

<Node id="24" bw="28" op_0_bw="28" op_1_bw="26" op_2_bw="6" op_3_bw="37" op_4_bw="33" op_5_bw="30">
<![CDATA[
entry:18 %ref_tmp5 = call i28 @log10<48, 24>, i26 %x, i6 %log_apfixed_reduce_log_inverse_lut_table_array, i37 %log_apfixed_reduce_log0_lut_table_ap_fixed_0_5_64_array, i33 %log_apfixed_reduce_log_lut_table_ap_fixed_4_4_16_array, i30 %log_apfixed_reduce_log_lut_table_ap_fixed_7_6_64_array

]]></Node>
<StgValue><ssdm name="ref_tmp5"/></StgValue>
</operation>
</state>

<state id="14" st_id="14">

<operation id="50" st_id="14" stage="10" lat="21">
<core></core>
<MemPortIdVec></MemPortIdVec>
<condition id="-1">
<or_exp><and_exp></and_exp></or_exp>
</condition>

<Node id="24" bw="28" op_0_bw="28" op_1_bw="26" op_2_bw="6" op_3_bw="37" op_4_bw="33" op_5_bw="30">
<![CDATA[
entry:18 %ref_tmp5 = call i28 @log10<48, 24>, i26 %x, i6 %log_apfixed_reduce_log_inverse_lut_table_array, i37 %log_apfixed_reduce_log0_lut_table_ap_fixed_0_5_64_array, i33 %log_apfixed_reduce_log_lut_table_ap_fixed_4_4_16_array, i30 %log_apfixed_reduce_log_lut_table_ap_fixed_7_6_64_array

]]></Node>
<StgValue><ssdm name="ref_tmp5"/></StgValue>
</operation>
</state>

<state id="15" st_id="15">

<operation id="51" st_id="15" stage="9" lat="21">
<core></core>
<MemPortIdVec></MemPortIdVec>
<condition id="-1">
<or_exp><and_exp></and_exp></or_exp>
</condition>

<Node id="24" bw="28" op_0_bw="28" op_1_bw="26" op_2_bw="6" op_3_bw="37" op_4_bw="33" op_5_bw="30">
<![CDATA[
entry:18 %ref_tmp5 = call i28 @log10<48, 24>, i26 %x, i6 %log_apfixed_reduce_log_inverse_lut_table_array, i37 %log_apfixed_reduce_log0_lut_table_ap_fixed_0_5_64_array, i33 %log_apfixed_reduce_log_lut_table_ap_fixed_4_4_16_array, i30 %log_apfixed_reduce_log_lut_table_ap_fixed_7_6_64_array

]]></Node>
<StgValue><ssdm name="ref_tmp5"/></StgValue>
</operation>
</state>

<state id="16" st_id="16">

<operation id="52" st_id="16" stage="8" lat="21">
<core></core>
<MemPortIdVec></MemPortIdVec>
<condition id="-1">
<or_exp><and_exp></and_exp></or_exp>
</condition>

<Node id="24" bw="28" op_0_bw="28" op_1_bw="26" op_2_bw="6" op_3_bw="37" op_4_bw="33" op_5_bw="30">
<![CDATA[
entry:18 %ref_tmp5 = call i28 @log10<48, 24>, i26 %x, i6 %log_apfixed_reduce_log_inverse_lut_table_array, i37 %log_apfixed_reduce_log0_lut_table_ap_fixed_0_5_64_array, i33 %log_apfixed_reduce_log_lut_table_ap_fixed_4_4_16_array, i30 %log_apfixed_reduce_log_lut_table_ap_fixed_7_6_64_array

]]></Node>
<StgValue><ssdm name="ref_tmp5"/></StgValue>
</operation>
</state>

<state id="17" st_id="17">

<operation id="53" st_id="17" stage="7" lat="21">
<core></core>
<MemPortIdVec></MemPortIdVec>
<condition id="-1">
<or_exp><and_exp></and_exp></or_exp>
</condition>

<Node id="24" bw="28" op_0_bw="28" op_1_bw="26" op_2_bw="6" op_3_bw="37" op_4_bw="33" op_5_bw="30">
<![CDATA[
entry:18 %ref_tmp5 = call i28 @log10<48, 24>, i26 %x, i6 %log_apfixed_reduce_log_inverse_lut_table_array, i37 %log_apfixed_reduce_log0_lut_table_ap_fixed_0_5_64_array, i33 %log_apfixed_reduce_log_lut_table_ap_fixed_4_4_16_array, i30 %log_apfixed_reduce_log_lut_table_ap_fixed_7_6_64_array

]]></Node>
<StgValue><ssdm name="ref_tmp5"/></StgValue>
</operation>
</state>

<state id="18" st_id="18">

<operation id="54" st_id="18" stage="6" lat="21">
<core></core>
<MemPortIdVec></MemPortIdVec>
<condition id="-1">
<or_exp><and_exp></and_exp></or_exp>
</condition>

<Node id="24" bw="28" op_0_bw="28" op_1_bw="26" op_2_bw="6" op_3_bw="37" op_4_bw="33" op_5_bw="30">
<![CDATA[
entry:18 %ref_tmp5 = call i28 @log10<48, 24>, i26 %x, i6 %log_apfixed_reduce_log_inverse_lut_table_array, i37 %log_apfixed_reduce_log0_lut_table_ap_fixed_0_5_64_array, i33 %log_apfixed_reduce_log_lut_table_ap_fixed_4_4_16_array, i30 %log_apfixed_reduce_log_lut_table_ap_fixed_7_6_64_array

]]></Node>
<StgValue><ssdm name="ref_tmp5"/></StgValue>
</operation>
</state>

<state id="19" st_id="19">

<operation id="55" st_id="19" stage="5" lat="21">
<core></core>
<MemPortIdVec></MemPortIdVec>
<condition id="-1">
<or_exp><and_exp></and_exp></or_exp>
</condition>

<Node id="24" bw="28" op_0_bw="28" op_1_bw="26" op_2_bw="6" op_3_bw="37" op_4_bw="33" op_5_bw="30">
<![CDATA[
entry:18 %ref_tmp5 = call i28 @log10<48, 24>, i26 %x, i6 %log_apfixed_reduce_log_inverse_lut_table_array, i37 %log_apfixed_reduce_log0_lut_table_ap_fixed_0_5_64_array, i33 %log_apfixed_reduce_log_lut_table_ap_fixed_4_4_16_array, i30 %log_apfixed_reduce_log_lut_table_ap_fixed_7_6_64_array

]]></Node>
<StgValue><ssdm name="ref_tmp5"/></StgValue>
</operation>
</state>

<state id="20" st_id="20">

<operation id="56" st_id="20" stage="4" lat="21">
<core></core>
<MemPortIdVec></MemPortIdVec>
<condition id="-1">
<or_exp><and_exp></and_exp></or_exp>
</condition>

<Node id="24" bw="28" op_0_bw="28" op_1_bw="26" op_2_bw="6" op_3_bw="37" op_4_bw="33" op_5_bw="30">
<![CDATA[
entry:18 %ref_tmp5 = call i28 @log10<48, 24>, i26 %x, i6 %log_apfixed_reduce_log_inverse_lut_table_array, i37 %log_apfixed_reduce_log0_lut_table_ap_fixed_0_5_64_array, i33 %log_apfixed_reduce_log_lut_table_ap_fixed_4_4_16_array, i30 %log_apfixed_reduce_log_lut_table_ap_fixed_7_6_64_array

]]></Node>
<StgValue><ssdm name="ref_tmp5"/></StgValue>
</operation>
</state>

<state id="21" st_id="21">

<operation id="57" st_id="21" stage="3" lat="21">
<core></core>
<MemPortIdVec></MemPortIdVec>
<condition id="-1">
<or_exp><and_exp></and_exp></or_exp>
</condition>

<Node id="24" bw="28" op_0_bw="28" op_1_bw="26" op_2_bw="6" op_3_bw="37" op_4_bw="33" op_5_bw="30">
<![CDATA[
entry:18 %ref_tmp5 = call i28 @log10<48, 24>, i26 %x, i6 %log_apfixed_reduce_log_inverse_lut_table_array, i37 %log_apfixed_reduce_log0_lut_table_ap_fixed_0_5_64_array, i33 %log_apfixed_reduce_log_lut_table_ap_fixed_4_4_16_array, i30 %log_apfixed_reduce_log_lut_table_ap_fixed_7_6_64_array

]]></Node>
<StgValue><ssdm name="ref_tmp5"/></StgValue>
</operation>
</state>

<state id="22" st_id="22">

<operation id="58" st_id="22" stage="2" lat="21">
<core></core>
<MemPortIdVec></MemPortIdVec>
<condition id="-1">
<or_exp><and_exp></and_exp></or_exp>
</condition>

<Node id="24" bw="28" op_0_bw="28" op_1_bw="26" op_2_bw="6" op_3_bw="37" op_4_bw="33" op_5_bw="30">
<![CDATA[
entry:18 %ref_tmp5 = call i28 @log10<48, 24>, i26 %x, i6 %log_apfixed_reduce_log_inverse_lut_table_array, i37 %log_apfixed_reduce_log0_lut_table_ap_fixed_0_5_64_array, i33 %log_apfixed_reduce_log_lut_table_ap_fixed_4_4_16_array, i30 %log_apfixed_reduce_log_lut_table_ap_fixed_7_6_64_array

]]></Node>
<StgValue><ssdm name="ref_tmp5"/></StgValue>
</operation>
</state>

<state id="23" st_id="23">

<operation id="59" st_id="23" stage="1" lat="21">
<core></core>
<MemPortIdVec></MemPortIdVec>
<condition id="-1">
<or_exp><and_exp></and_exp></or_exp>
</condition>

<Node id="24" bw="28" op_0_bw="28" op_1_bw="26" op_2_bw="6" op_3_bw="37" op_4_bw="33" op_5_bw="30">
<![CDATA[
entry:18 %ref_tmp5 = call i28 @log10<48, 24>, i26 %x, i6 %log_apfixed_reduce_log_inverse_lut_table_array, i37 %log_apfixed_reduce_log0_lut_table_ap_fixed_0_5_64_array, i33 %log_apfixed_reduce_log_lut_table_ap_fixed_4_4_16_array, i30 %log_apfixed_reduce_log_lut_table_ap_fixed_7_6_64_array

]]></Node>
<StgValue><ssdm name="ref_tmp5"/></StgValue>
</operation>
</state>

<state id="24" st_id="24">

<operation id="60" st_id="24" stage="1" lat="1">
<core>NULL</core>
<MemPortIdVec></MemPortIdVec>
<condition id="-1">
<or_exp><and_exp></and_exp></or_exp>
</condition>

<Node id="6" bw="0" op_0_bw="0" op_1_bw="48">
<![CDATA[
entry:0 %specbitsmap_ln0 = specbitsmap void @_ssdm_op_SpecBitsMap, i48 0

]]></Node>
<StgValue><ssdm name="specbitsmap_ln0"/></StgValue>
</operation>

<operation id="61" st_id="24" stage="1" lat="1">
<core>NULL</core>
<MemPortIdVec></MemPortIdVec>
<condition id="-1">
<or_exp><and_exp></and_exp></or_exp>
</condition>

<Node id="7" bw="0" op_0_bw="0" op_1_bw="0">
<![CDATA[
entry:1 %spectopmodule_ln3 = spectopmodule void @_ssdm_op_SpecTopModule, void @empty_1

]]></Node>
<StgValue><ssdm name="spectopmodule_ln3"/></StgValue>
</operation>

<operation id="62" st_id="24" stage="1" lat="1">
<core>NULL</core>
<MemPortIdVec></MemPortIdVec>
<condition id="-1">
<or_exp><and_exp></and_exp></or_exp>
</condition>

<Node id="8" bw="0" op_0_bw="0" op_1_bw="48">
<![CDATA[
entry:2 %specbitsmap_ln0 = specbitsmap void @_ssdm_op_SpecBitsMap, i48 %linear_value

]]></Node>
<StgValue><ssdm name="specbitsmap_ln0"/></StgValue>
</operation>

<operation id="63" st_id="24" stage="1" lat="1">
<core>NULL</core>
<MemPortIdVec></MemPortIdVec>
<condition id="-1">
<or_exp><and_exp></and_exp></or_exp>
</condition>

<Node id="9" bw="0" op_0_bw="0" op_1_bw="48" op_2_bw="0" op_3_bw="32" op_4_bw="32" op_5_bw="0" op_6_bw="32" op_7_bw="32" op_8_bw="0" op_9_bw="0" op_10_bw="0" op_11_bw="32" op_12_bw="32" op_13_bw="32" op_14_bw="32" op_15_bw="0" op_16_bw="0" op_17_bw="32" op_18_bw="32">
<![CDATA[
entry:3 %specinterface_ln0 = specinterface void @_ssdm_op_SpecInterface, i48 %linear_value, void @empty, i32 0, i32 0, void @empty_0, i32 0, i32 0, void @empty_0, void @empty_0, void @empty_0, i32 0, i32 0, i32 0, i32 0, void @empty_0, void @empty_0, i32 4294967295, i32 0

]]></Node>
<StgValue><ssdm name="specinterface_ln0"/></StgValue>
</operation>

<operation id="64" st_id="24" stage="1" lat="1">
<core>NULL</core>
<MemPortIdVec></MemPortIdVec>
<condition id="-1">
<or_exp><and_exp></and_exp></or_exp>
</condition>

<Node id="25" bw="32" op_0_bw="32" op_1_bw="28" op_2_bw="4">
<![CDATA[
entry:19 %shl_ln8 = bitconcatenate i32 @_ssdm_op_BitConcatenate.i32.i28.i4, i28 %ref_tmp5, i4 0

]]></Node>
<StgValue><ssdm name="shl_ln8"/></StgValue>
</operation>

<operation id="65" st_id="24" stage="1" lat="1">
<core>NULL</core>
<MemPortIdVec></MemPortIdVec>
<condition id="-1">
<or_exp><and_exp></and_exp></or_exp>
</condition>

<Node id="26" bw="33" op_0_bw="32">
<![CDATA[
entry:20 %sext_ln8 = sext i32 %shl_ln8

]]></Node>
<StgValue><ssdm name="sext_ln8"/></StgValue>
</operation>

<operation id="66" st_id="24" stage="1" lat="1">
<core>NULL</core>
<MemPortIdVec></MemPortIdVec>
<condition id="-1">
<or_exp><and_exp></and_exp></or_exp>
</condition>

<Node id="27" bw="30" op_0_bw="30" op_1_bw="28" op_2_bw="2">
<![CDATA[
entry:21 %shl_ln8_1 = bitconcatenate i30 @_ssdm_op_BitConcatenate.i30.i28.i2, i28 %ref_tmp5, i2 0

]]></Node>
<StgValue><ssdm name="shl_ln8_1"/></StgValue>
</operation>

<operation id="67" st_id="24" stage="1" lat="1">
<core>NULL</core>
<MemPortIdVec></MemPortIdVec>
<condition id="-1">
<or_exp><and_exp></and_exp></or_exp>
</condition>

<Node id="28" bw="33" op_0_bw="30">
<![CDATA[
entry:22 %sext_ln8_1 = sext i30 %shl_ln8_1

]]></Node>
<StgValue><ssdm name="sext_ln8_1"/></StgValue>
</operation>

<operation id="68" st_id="24" stage="1" lat="1">
<core>Adder</core>
<MemPortIdVec></MemPortIdVec>
<condition id="-1">
<or_exp><and_exp></and_exp></or_exp>
</condition>

<Node id="29" bw="33" op_0_bw="33" op_1_bw="33">
<![CDATA[
entry:23 %add_ln8 = add i33 %sext_ln8, i33 %sext_ln8_1

]]></Node>
<StgValue><ssdm name="add_ln8"/></StgValue>
</operation>

<operation id="69" st_id="24" stage="1" lat="1">
<core>NULL</core>
<MemPortIdVec></MemPortIdVec>
<condition id="-1">
<or_exp><and_exp></and_exp></or_exp>
</condition>

<Node id="30" bw="48" op_0_bw="33">
<![CDATA[
entry:24 %sext_ln8_2 = sext i33 %add_ln8

]]></Node>
<StgValue><ssdm name="sext_ln8_2"/></StgValue>
</operation>

<operation id="70" st_id="24" stage="1" lat="1">
<core>NULL</core>
<MemPortIdVec></MemPortIdVec>
<condition id="-1">
<or_exp><and_exp></and_exp></or_exp>
</condition>

<Node id="31" bw="0" op_0_bw="48">
<![CDATA[
entry:25 %ret_ln8 = ret i48 %sext_ln8_2

]]></Node>
<StgValue><ssdm name="ret_ln8"/></StgValue>
</operation>
</state>
</state_list>


<ports>
<port id="94" name="linear_value" dir="0" iftype="0">
<core>NULL</core><StgValue><ssdm name="linear_value"/></StgValue>
</port>
<port id="95" name="log_apfixed_reduce_log_inverse_lut_table_array" dir="0" iftype="1">
<core>ROM</core><StgValue><ssdm name="log_apfixed_reduce_log_inverse_lut_table_array"/><MemPortTyVec>1 </MemPortTyVec>
</StgValue>
</port>
<port id="96" name="log_apfixed_reduce_log0_lut_table_ap_fixed_0_5_64_array" dir="0" iftype="1">
<core>ROM</core><StgValue><ssdm name="log_apfixed_reduce_log0_lut_table_ap_fixed_0_5_64_array"/><MemPortTyVec>1 </MemPortTyVec>
</StgValue>
</port>
<port id="97" name="log_apfixed_reduce_log_lut_table_ap_fixed_4_4_16_array" dir="0" iftype="1">
<core>ROM</core><StgValue><ssdm name="log_apfixed_reduce_log_lut_table_ap_fixed_4_4_16_array"/><MemPortTyVec>1 </MemPortTyVec>
</StgValue>
</port>
<port id="98" name="log_apfixed_reduce_log_lut_table_ap_fixed_7_6_64_array" dir="0" iftype="1">
<core>ROM</core><StgValue><ssdm name="log_apfixed_reduce_log_lut_table_ap_fixed_7_6_64_array"/><MemPortTyVec>1 </MemPortTyVec>
</StgValue>
</port>
</ports>


<dataflows>
<dataflow id="100" from="_ssdm_op_Read.ap_auto.i48" to="linear_value_read" fromId="99" toId="25">
</dataflow>
<dataflow id="101" from="linear_value" to="linear_value_read" fromId="94" toId="25">
</dataflow>
<dataflow id="103" from="StgValue_102" to="sub_ln152" fromId="102" toId="26">
</dataflow>
<dataflow id="104" from="linear_value_read" to="sub_ln152" fromId="25" toId="26">
</dataflow>
<dataflow id="106" from="_ssdm_op_BitSet.i48.i48.i32.i1" to="tmp" fromId="105" toId="27">
</dataflow>
<dataflow id="107" from="sub_ln152" to="tmp" fromId="26" toId="27">
</dataflow>
<dataflow id="109" from="StgValue_108" to="tmp" fromId="108" toId="27">
</dataflow>
<dataflow id="111" from="StgValue_110" to="tmp" fromId="110" toId="27">
</dataflow>
<dataflow id="113" from="_ssdm_op_BitSelect.i1.i48.i32" to="tmp_50" fromId="112" toId="28">
</dataflow>
<dataflow id="114" from="linear_value_read" to="tmp_50" fromId="25" toId="28">
</dataflow>
<dataflow id="115" from="StgValue_108" to="tmp_50" fromId="108" toId="28">
</dataflow>
<dataflow id="116" from="tmp_50" to="select_ln154" fromId="28" toId="29">
</dataflow>
<dataflow id="117" from="tmp" to="select_ln154" fromId="27" toId="29">
</dataflow>
<dataflow id="118" from="linear_value_read" to="select_ln154" fromId="25" toId="29">
</dataflow>
<dataflow id="119" from="_ssdm_op_BitSelect.i1.i48.i32" to="tmp_51" fromId="112" toId="30">
</dataflow>
<dataflow id="120" from="select_ln154" to="tmp_51" fromId="29" toId="30">
</dataflow>
<dataflow id="121" from="StgValue_108" to="tmp_51" fromId="108" toId="30">
</dataflow>
<dataflow id="123" from="_ssdm_op_PartSelect.i25.i48.i32.i32" to="tmp_57" fromId="122" toId="31">
</dataflow>
<dataflow id="124" from="select_ln154" to="tmp_57" fromId="29" toId="31">
</dataflow>
<dataflow id="126" from="StgValue_125" to="tmp_57" fromId="125" toId="31">
</dataflow>
<dataflow id="127" from="StgValue_108" to="tmp_57" fromId="108" toId="31">
</dataflow>
<dataflow id="129" from="_ssdm_op_BitConcatenate.i72.i48.i24" to="shl_ln7" fromId="128" toId="32">
</dataflow>
<dataflow id="130" from="select_ln154" to="shl_ln7" fromId="29" toId="32">
</dataflow>
<dataflow id="132" from="StgValue_131" to="shl_ln7" fromId="131" toId="32">
</dataflow>
<dataflow id="134" from="StgValue_133" to="sub_ln7" fromId="133" toId="33">
</dataflow>
<dataflow id="135" from="shl_ln7" to="sub_ln7" fromId="32" toId="33">
</dataflow>
<dataflow id="137" from="_ssdm_op_PartSelect.i25.i72.i32.i32" to="tmp_s" fromId="136" toId="34">
</dataflow>
<dataflow id="138" from="sub_ln7" to="tmp_s" fromId="33" toId="34">
</dataflow>
<dataflow id="139" from="StgValue_108" to="tmp_s" fromId="108" toId="34">
</dataflow>
<dataflow id="141" from="StgValue_140" to="tmp_s" fromId="140" toId="34">
</dataflow>
<dataflow id="142" from="tmp_s" to="zext_ln7" fromId="34" toId="35">
</dataflow>
<dataflow id="143" from="tmp_57" to="zext_ln7_1" fromId="31" toId="36">
</dataflow>
<dataflow id="145" from="StgValue_144" to="sub_ln7_1" fromId="144" toId="37">
</dataflow>
<dataflow id="146" from="zext_ln7" to="sub_ln7_1" fromId="35" toId="37">
</dataflow>
<dataflow id="147" from="tmp_51" to="x" fromId="30" toId="38">
</dataflow>
<dataflow id="148" from="sub_ln7_1" to="x" fromId="37" toId="38">
</dataflow>
<dataflow id="149" from="zext_ln7_1" to="x" fromId="36" toId="38">
</dataflow>
<dataflow id="151" from="log10<48, 24>" to="ref_tmp5" fromId="150" toId="39">
</dataflow>
<dataflow id="152" from="x" to="ref_tmp5" fromId="38" toId="39">
</dataflow>
<dataflow id="153" from="log_apfixed_reduce_log_inverse_lut_table_array" to="ref_tmp5" fromId="95" toId="39">
</dataflow>
<dataflow id="154" from="log_apfixed_reduce_log0_lut_table_ap_fixed_0_5_64_array" to="ref_tmp5" fromId="96" toId="39">
</dataflow>
<dataflow id="155" from="log_apfixed_reduce_log_lut_table_ap_fixed_4_4_16_array" to="ref_tmp5" fromId="97" toId="39">
</dataflow>
<dataflow id="156" from="log_apfixed_reduce_log_lut_table_ap_fixed_7_6_64_array" to="ref_tmp5" fromId="98" toId="39">
</dataflow>
<dataflow id="157" from="log10<48, 24>" to="ref_tmp5" fromId="150" toId="40">
</dataflow>
<dataflow id="158" from="x" to="ref_tmp5" fromId="38" toId="40">
</dataflow>
<dataflow id="159" from="log_apfixed_reduce_log_inverse_lut_table_array" to="ref_tmp5" fromId="95" toId="40">
</dataflow>
<dataflow id="160" from="log_apfixed_reduce_log0_lut_table_ap_fixed_0_5_64_array" to="ref_tmp5" fromId="96" toId="40">
</dataflow>
<dataflow id="161" from="log_apfixed_reduce_log_lut_table_ap_fixed_4_4_16_array" to="ref_tmp5" fromId="97" toId="40">
</dataflow>
<dataflow id="162" from="log_apfixed_reduce_log_lut_table_ap_fixed_7_6_64_array" to="ref_tmp5" fromId="98" toId="40">
</dataflow>
<dataflow id="163" from="log10<48, 24>" to="ref_tmp5" fromId="150" toId="41">
</dataflow>
<dataflow id="164" from="x" to="ref_tmp5" fromId="38" toId="41">
</dataflow>
<dataflow id="165" from="log_apfixed_reduce_log_inverse_lut_table_array" to="ref_tmp5" fromId="95" toId="41">
</dataflow>
<dataflow id="166" from="log_apfixed_reduce_log0_lut_table_ap_fixed_0_5_64_array" to="ref_tmp5" fromId="96" toId="41">
</dataflow>
<dataflow id="167" from="log_apfixed_reduce_log_lut_table_ap_fixed_4_4_16_array" to="ref_tmp5" fromId="97" toId="41">
</dataflow>
<dataflow id="168" from="log_apfixed_reduce_log_lut_table_ap_fixed_7_6_64_array" to="ref_tmp5" fromId="98" toId="41">
</dataflow>
<dataflow id="169" from="log10<48, 24>" to="ref_tmp5" fromId="150" toId="42">
</dataflow>
<dataflow id="170" from="x" to="ref_tmp5" fromId="38" toId="42">
</dataflow>
<dataflow id="171" from="log_apfixed_reduce_log_inverse_lut_table_array" to="ref_tmp5" fromId="95" toId="42">
</dataflow>
<dataflow id="172" from="log_apfixed_reduce_log0_lut_table_ap_fixed_0_5_64_array" to="ref_tmp5" fromId="96" toId="42">
</dataflow>
<dataflow id="173" from="log_apfixed_reduce_log_lut_table_ap_fixed_4_4_16_array" to="ref_tmp5" fromId="97" toId="42">
</dataflow>
<dataflow id="174" from="log_apfixed_reduce_log_lut_table_ap_fixed_7_6_64_array" to="ref_tmp5" fromId="98" toId="42">
</dataflow>
<dataflow id="175" from="log10<48, 24>" to="ref_tmp5" fromId="150" toId="43">
</dataflow>
<dataflow id="176" from="x" to="ref_tmp5" fromId="38" toId="43">
</dataflow>
<dataflow id="177" from="log_apfixed_reduce_log_inverse_lut_table_array" to="ref_tmp5" fromId="95" toId="43">
</dataflow>
<dataflow id="178" from="log_apfixed_reduce_log0_lut_table_ap_fixed_0_5_64_array" to="ref_tmp5" fromId="96" toId="43">
</dataflow>
<dataflow id="179" from="log_apfixed_reduce_log_lut_table_ap_fixed_4_4_16_array" to="ref_tmp5" fromId="97" toId="43">
</dataflow>
<dataflow id="180" from="log_apfixed_reduce_log_lut_table_ap_fixed_7_6_64_array" to="ref_tmp5" fromId="98" toId="43">
</dataflow>
<dataflow id="181" from="log10<48, 24>" to="ref_tmp5" fromId="150" toId="44">
</dataflow>
<dataflow id="182" from="x" to="ref_tmp5" fromId="38" toId="44">
</dataflow>
<dataflow id="183" from="log_apfixed_reduce_log_inverse_lut_table_array" to="ref_tmp5" fromId="95" toId="44">
</dataflow>
<dataflow id="184" from="log_apfixed_reduce_log0_lut_table_ap_fixed_0_5_64_array" to="ref_tmp5" fromId="96" toId="44">
</dataflow>
<dataflow id="185" from="log_apfixed_reduce_log_lut_table_ap_fixed_4_4_16_array" to="ref_tmp5" fromId="97" toId="44">
</dataflow>
<dataflow id="186" from="log_apfixed_reduce_log_lut_table_ap_fixed_7_6_64_array" to="ref_tmp5" fromId="98" toId="44">
</dataflow>
<dataflow id="187" from="log10<48, 24>" to="ref_tmp5" fromId="150" toId="45">
</dataflow>
<dataflow id="188" from="x" to="ref_tmp5" fromId="38" toId="45">
</dataflow>
<dataflow id="189" from="log_apfixed_reduce_log_inverse_lut_table_array" to="ref_tmp5" fromId="95" toId="45">
</dataflow>
<dataflow id="190" from="log_apfixed_reduce_log0_lut_table_ap_fixed_0_5_64_array" to="ref_tmp5" fromId="96" toId="45">
</dataflow>
<dataflow id="191" from="log_apfixed_reduce_log_lut_table_ap_fixed_4_4_16_array" to="ref_tmp5" fromId="97" toId="45">
</dataflow>
<dataflow id="192" from="log_apfixed_reduce_log_lut_table_ap_fixed_7_6_64_array" to="ref_tmp5" fromId="98" toId="45">
</dataflow>
<dataflow id="193" from="log10<48, 24>" to="ref_tmp5" fromId="150" toId="46">
</dataflow>
<dataflow id="194" from="x" to="ref_tmp5" fromId="38" toId="46">
</dataflow>
<dataflow id="195" from="log_apfixed_reduce_log_inverse_lut_table_array" to="ref_tmp5" fromId="95" toId="46">
</dataflow>
<dataflow id="196" from="log_apfixed_reduce_log0_lut_table_ap_fixed_0_5_64_array" to="ref_tmp5" fromId="96" toId="46">
</dataflow>
<dataflow id="197" from="log_apfixed_reduce_log_lut_table_ap_fixed_4_4_16_array" to="ref_tmp5" fromId="97" toId="46">
</dataflow>
<dataflow id="198" from="log_apfixed_reduce_log_lut_table_ap_fixed_7_6_64_array" to="ref_tmp5" fromId="98" toId="46">
</dataflow>
<dataflow id="199" from="log10<48, 24>" to="ref_tmp5" fromId="150" toId="47">
</dataflow>
<dataflow id="200" from="x" to="ref_tmp5" fromId="38" toId="47">
</dataflow>
<dataflow id="201" from="log_apfixed_reduce_log_inverse_lut_table_array" to="ref_tmp5" fromId="95" toId="47">
</dataflow>
<dataflow id="202" from="log_apfixed_reduce_log0_lut_table_ap_fixed_0_5_64_array" to="ref_tmp5" fromId="96" toId="47">
</dataflow>
<dataflow id="203" from="log_apfixed_reduce_log_lut_table_ap_fixed_4_4_16_array" to="ref_tmp5" fromId="97" toId="47">
</dataflow>
<dataflow id="204" from="log_apfixed_reduce_log_lut_table_ap_fixed_7_6_64_array" to="ref_tmp5" fromId="98" toId="47">
</dataflow>
<dataflow id="205" from="log10<48, 24>" to="ref_tmp5" fromId="150" toId="48">
</dataflow>
<dataflow id="206" from="x" to="ref_tmp5" fromId="38" toId="48">
</dataflow>
<dataflow id="207" from="log_apfixed_reduce_log_inverse_lut_table_array" to="ref_tmp5" fromId="95" toId="48">
</dataflow>
<dataflow id="208" from="log_apfixed_reduce_log0_lut_table_ap_fixed_0_5_64_array" to="ref_tmp5" fromId="96" toId="48">
</dataflow>
<dataflow id="209" from="log_apfixed_reduce_log_lut_table_ap_fixed_4_4_16_array" to="ref_tmp5" fromId="97" toId="48">
</dataflow>
<dataflow id="210" from="log_apfixed_reduce_log_lut_table_ap_fixed_7_6_64_array" to="ref_tmp5" fromId="98" toId="48">
</dataflow>
<dataflow id="211" from="log10<48, 24>" to="ref_tmp5" fromId="150" toId="49">
</dataflow>
<dataflow id="212" from="x" to="ref_tmp5" fromId="38" toId="49">
</dataflow>
<dataflow id="213" from="log_apfixed_reduce_log_inverse_lut_table_array" to="ref_tmp5" fromId="95" toId="49">
</dataflow>
<dataflow id="214" from="log_apfixed_reduce_log0_lut_table_ap_fixed_0_5_64_array" to="ref_tmp5" fromId="96" toId="49">
</dataflow>
<dataflow id="215" from="log_apfixed_reduce_log_lut_table_ap_fixed_4_4_16_array" to="ref_tmp5" fromId="97" toId="49">
</dataflow>
<dataflow id="216" from="log_apfixed_reduce_log_lut_table_ap_fixed_7_6_64_array" to="ref_tmp5" fromId="98" toId="49">
</dataflow>
<dataflow id="217" from="log10<48, 24>" to="ref_tmp5" fromId="150" toId="50">
</dataflow>
<dataflow id="218" from="x" to="ref_tmp5" fromId="38" toId="50">
</dataflow>
<dataflow id="219" from="log_apfixed_reduce_log_inverse_lut_table_array" to="ref_tmp5" fromId="95" toId="50">
</dataflow>
<dataflow id="220" from="log_apfixed_reduce_log0_lut_table_ap_fixed_0_5_64_array" to="ref_tmp5" fromId="96" toId="50">
</dataflow>
<dataflow id="221" from="log_apfixed_reduce_log_lut_table_ap_fixed_4_4_16_array" to="ref_tmp5" fromId="97" toId="50">
</dataflow>
<dataflow id="222" from="log_apfixed_reduce_log_lut_table_ap_fixed_7_6_64_array" to="ref_tmp5" fromId="98" toId="50">
</dataflow>
<dataflow id="223" from="log10<48, 24>" to="ref_tmp5" fromId="150" toId="51">
</dataflow>
<dataflow id="224" from="x" to="ref_tmp5" fromId="38" toId="51">
</dataflow>
<dataflow id="225" from="log_apfixed_reduce_log_inverse_lut_table_array" to="ref_tmp5" fromId="95" toId="51">
</dataflow>
<dataflow id="226" from="log_apfixed_reduce_log0_lut_table_ap_fixed_0_5_64_array" to="ref_tmp5" fromId="96" toId="51">
</dataflow>
<dataflow id="227" from="log_apfixed_reduce_log_lut_table_ap_fixed_4_4_16_array" to="ref_tmp5" fromId="97" toId="51">
</dataflow>
<dataflow id="228" from="log_apfixed_reduce_log_lut_table_ap_fixed_7_6_64_array" to="ref_tmp5" fromId="98" toId="51">
</dataflow>
<dataflow id="229" from="log10<48, 24>" to="ref_tmp5" fromId="150" toId="52">
</dataflow>
<dataflow id="230" from="x" to="ref_tmp5" fromId="38" toId="52">
</dataflow>
<dataflow id="231" from="log_apfixed_reduce_log_inverse_lut_table_array" to="ref_tmp5" fromId="95" toId="52">
</dataflow>
<dataflow id="232" from="log_apfixed_reduce_log0_lut_table_ap_fixed_0_5_64_array" to="ref_tmp5" fromId="96" toId="52">
</dataflow>
<dataflow id="233" from="log_apfixed_reduce_log_lut_table_ap_fixed_4_4_16_array" to="ref_tmp5" fromId="97" toId="52">
</dataflow>
<dataflow id="234" from="log_apfixed_reduce_log_lut_table_ap_fixed_7_6_64_array" to="ref_tmp5" fromId="98" toId="52">
</dataflow>
<dataflow id="235" from="log10<48, 24>" to="ref_tmp5" fromId="150" toId="53">
</dataflow>
<dataflow id="236" from="x" to="ref_tmp5" fromId="38" toId="53">
</dataflow>
<dataflow id="237" from="log_apfixed_reduce_log_inverse_lut_table_array" to="ref_tmp5" fromId="95" toId="53">
</dataflow>
<dataflow id="238" from="log_apfixed_reduce_log0_lut_table_ap_fixed_0_5_64_array" to="ref_tmp5" fromId="96" toId="53">
</dataflow>
<dataflow id="239" from="log_apfixed_reduce_log_lut_table_ap_fixed_4_4_16_array" to="ref_tmp5" fromId="97" toId="53">
</dataflow>
<dataflow id="240" from="log_apfixed_reduce_log_lut_table_ap_fixed_7_6_64_array" to="ref_tmp5" fromId="98" toId="53">
</dataflow>
<dataflow id="241" from="log10<48, 24>" to="ref_tmp5" fromId="150" toId="54">
</dataflow>
<dataflow id="242" from="x" to="ref_tmp5" fromId="38" toId="54">
</dataflow>
<dataflow id="243" from="log_apfixed_reduce_log_inverse_lut_table_array" to="ref_tmp5" fromId="95" toId="54">
</dataflow>
<dataflow id="244" from="log_apfixed_reduce_log0_lut_table_ap_fixed_0_5_64_array" to="ref_tmp5" fromId="96" toId="54">
</dataflow>
<dataflow id="245" from="log_apfixed_reduce_log_lut_table_ap_fixed_4_4_16_array" to="ref_tmp5" fromId="97" toId="54">
</dataflow>
<dataflow id="246" from="log_apfixed_reduce_log_lut_table_ap_fixed_7_6_64_array" to="ref_tmp5" fromId="98" toId="54">
</dataflow>
<dataflow id="247" from="log10<48, 24>" to="ref_tmp5" fromId="150" toId="55">
</dataflow>
<dataflow id="248" from="x" to="ref_tmp5" fromId="38" toId="55">
</dataflow>
<dataflow id="249" from="log_apfixed_reduce_log_inverse_lut_table_array" to="ref_tmp5" fromId="95" toId="55">
</dataflow>
<dataflow id="250" from="log_apfixed_reduce_log0_lut_table_ap_fixed_0_5_64_array" to="ref_tmp5" fromId="96" toId="55">
</dataflow>
<dataflow id="251" from="log_apfixed_reduce_log_lut_table_ap_fixed_4_4_16_array" to="ref_tmp5" fromId="97" toId="55">
</dataflow>
<dataflow id="252" from="log_apfixed_reduce_log_lut_table_ap_fixed_7_6_64_array" to="ref_tmp5" fromId="98" toId="55">
</dataflow>
<dataflow id="253" from="log10<48, 24>" to="ref_tmp5" fromId="150" toId="56">
</dataflow>
<dataflow id="254" from="x" to="ref_tmp5" fromId="38" toId="56">
</dataflow>
<dataflow id="255" from="log_apfixed_reduce_log_inverse_lut_table_array" to="ref_tmp5" fromId="95" toId="56">
</dataflow>
<dataflow id="256" from="log_apfixed_reduce_log0_lut_table_ap_fixed_0_5_64_array" to="ref_tmp5" fromId="96" toId="56">
</dataflow>
<dataflow id="257" from="log_apfixed_reduce_log_lut_table_ap_fixed_4_4_16_array" to="ref_tmp5" fromId="97" toId="56">
</dataflow>
<dataflow id="258" from="log_apfixed_reduce_log_lut_table_ap_fixed_7_6_64_array" to="ref_tmp5" fromId="98" toId="56">
</dataflow>
<dataflow id="259" from="log10<48, 24>" to="ref_tmp5" fromId="150" toId="57">
</dataflow>
<dataflow id="260" from="x" to="ref_tmp5" fromId="38" toId="57">
</dataflow>
<dataflow id="261" from="log_apfixed_reduce_log_inverse_lut_table_array" to="ref_tmp5" fromId="95" toId="57">
</dataflow>
<dataflow id="262" from="log_apfixed_reduce_log0_lut_table_ap_fixed_0_5_64_array" to="ref_tmp5" fromId="96" toId="57">
</dataflow>
<dataflow id="263" from="log_apfixed_reduce_log_lut_table_ap_fixed_4_4_16_array" to="ref_tmp5" fromId="97" toId="57">
</dataflow>
<dataflow id="264" from="log_apfixed_reduce_log_lut_table_ap_fixed_7_6_64_array" to="ref_tmp5" fromId="98" toId="57">
</dataflow>
<dataflow id="265" from="log10<48, 24>" to="ref_tmp5" fromId="150" toId="58">
</dataflow>
<dataflow id="266" from="x" to="ref_tmp5" fromId="38" toId="58">
</dataflow>
<dataflow id="267" from="log_apfixed_reduce_log_inverse_lut_table_array" to="ref_tmp5" fromId="95" toId="58">
</dataflow>
<dataflow id="268" from="log_apfixed_reduce_log0_lut_table_ap_fixed_0_5_64_array" to="ref_tmp5" fromId="96" toId="58">
</dataflow>
<dataflow id="269" from="log_apfixed_reduce_log_lut_table_ap_fixed_4_4_16_array" to="ref_tmp5" fromId="97" toId="58">
</dataflow>
<dataflow id="270" from="log_apfixed_reduce_log_lut_table_ap_fixed_7_6_64_array" to="ref_tmp5" fromId="98" toId="58">
</dataflow>
<dataflow id="271" from="log10<48, 24>" to="ref_tmp5" fromId="150" toId="59">
</dataflow>
<dataflow id="272" from="x" to="ref_tmp5" fromId="38" toId="59">
</dataflow>
<dataflow id="273" from="log_apfixed_reduce_log_inverse_lut_table_array" to="ref_tmp5" fromId="95" toId="59">
</dataflow>
<dataflow id="274" from="log_apfixed_reduce_log0_lut_table_ap_fixed_0_5_64_array" to="ref_tmp5" fromId="96" toId="59">
</dataflow>
<dataflow id="275" from="log_apfixed_reduce_log_lut_table_ap_fixed_4_4_16_array" to="ref_tmp5" fromId="97" toId="59">
</dataflow>
<dataflow id="276" from="log_apfixed_reduce_log_lut_table_ap_fixed_7_6_64_array" to="ref_tmp5" fromId="98" toId="59">
</dataflow>
<dataflow id="278" from="_ssdm_op_SpecBitsMap" to="specbitsmap_ln0" fromId="277" toId="60">
</dataflow>
<dataflow id="279" from="StgValue_102" to="specbitsmap_ln0" fromId="102" toId="60">
</dataflow>
<dataflow id="281" from="_ssdm_op_SpecTopModule" to="spectopmodule_ln3" fromId="280" toId="61">
</dataflow>
<dataflow id="283" from="empty_1" to="spectopmodule_ln3" fromId="282" toId="61">
</dataflow>
<dataflow id="284" from="_ssdm_op_SpecBitsMap" to="specbitsmap_ln0" fromId="277" toId="62">
</dataflow>
<dataflow id="285" from="linear_value" to="specbitsmap_ln0" fromId="94" toId="62">
</dataflow>
<dataflow id="287" from="_ssdm_op_SpecInterface" to="specinterface_ln0" fromId="286" toId="63">
</dataflow>
<dataflow id="288" from="linear_value" to="specinterface_ln0" fromId="94" toId="63">
</dataflow>
<dataflow id="290" from="empty" to="specinterface_ln0" fromId="289" toId="63">
</dataflow>
<dataflow id="292" from="StgValue_291" to="specinterface_ln0" fromId="291" toId="63">
</dataflow>
<dataflow id="293" from="StgValue_291" to="specinterface_ln0" fromId="291" toId="63">
</dataflow>
<dataflow id="295" from="empty_0" to="specinterface_ln0" fromId="294" toId="63">
</dataflow>
<dataflow id="296" from="StgValue_291" to="specinterface_ln0" fromId="291" toId="63">
</dataflow>
<dataflow id="297" from="StgValue_291" to="specinterface_ln0" fromId="291" toId="63">
</dataflow>
<dataflow id="298" from="empty_0" to="specinterface_ln0" fromId="294" toId="63">
</dataflow>
<dataflow id="299" from="empty_0" to="specinterface_ln0" fromId="294" toId="63">
</dataflow>
<dataflow id="300" from="empty_0" to="specinterface_ln0" fromId="294" toId="63">
</dataflow>
<dataflow id="301" from="StgValue_291" to="specinterface_ln0" fromId="291" toId="63">
</dataflow>
<dataflow id="302" from="StgValue_291" to="specinterface_ln0" fromId="291" toId="63">
</dataflow>
<dataflow id="303" from="StgValue_291" to="specinterface_ln0" fromId="291" toId="63">
</dataflow>
<dataflow id="304" from="StgValue_291" to="specinterface_ln0" fromId="291" toId="63">
</dataflow>
<dataflow id="305" from="empty_0" to="specinterface_ln0" fromId="294" toId="63">
</dataflow>
<dataflow id="306" from="empty_0" to="specinterface_ln0" fromId="294" toId="63">
</dataflow>
<dataflow id="308" from="StgValue_307" to="specinterface_ln0" fromId="307" toId="63">
</dataflow>
<dataflow id="309" from="StgValue_291" to="specinterface_ln0" fromId="291" toId="63">
</dataflow>
<dataflow id="311" from="_ssdm_op_BitConcatenate.i32.i28.i4" to="shl_ln8" fromId="310" toId="64">
</dataflow>
<dataflow id="312" from="ref_tmp5" to="shl_ln8" fromId="59" toId="64">
</dataflow>
<dataflow id="314" from="StgValue_313" to="shl_ln8" fromId="313" toId="64">
</dataflow>
<dataflow id="315" from="shl_ln8" to="sext_ln8" fromId="64" toId="65">
</dataflow>
<dataflow id="317" from="_ssdm_op_BitConcatenate.i30.i28.i2" to="shl_ln8_1" fromId="316" toId="66">
</dataflow>
<dataflow id="318" from="ref_tmp5" to="shl_ln8_1" fromId="59" toId="66">
</dataflow>
<dataflow id="320" from="StgValue_319" to="shl_ln8_1" fromId="319" toId="66">
</dataflow>
<dataflow id="321" from="shl_ln8_1" to="sext_ln8_1" fromId="66" toId="67">
</dataflow>
<dataflow id="322" from="sext_ln8" to="add_ln8" fromId="65" toId="68">
</dataflow>
<dataflow id="323" from="sext_ln8_1" to="add_ln8" fromId="67" toId="68">
</dataflow>
<dataflow id="324" from="add_ln8" to="sext_ln8_2" fromId="68" toId="69">
</dataflow>
<dataflow id="325" from="sext_ln8_2" to="ret_ln8" fromId="69" toId="70">
</dataflow>
<dataflow id="326" from="tmp_51" to="StgValue_2" fromId="30" toId="2">
</dataflow>
</dataflows>


</stg>
