<profile>

<RTLDesignHierarchy>
<TopModule>
<ModuleName>dbfs_converter</ModuleName>
<InstancesList>
<Instance>
<InstName>grp_log10_48_24_s_fu_70</InstName>
<ModuleName>log10_48_24_s</ModuleName>
<IsCompInst>true</IsCompInst>
<ID>70</ID>
</Instance>
</InstancesList>
</TopModule>
</RTLDesignHierarchy>

<ModuleInformation>
<Module>
<Name>log10_48_24_s</Name>
<PerformanceEstimates>
<SummaryOfTimingAnalysis>
<TargetClockPeriod>10.00</TargetClockPeriod>
<ClockUncertainty>2.70</ClockUncertainty>
<TargetInitiationInterval>4294967295</TargetInitiationInterval>
<EstimatedClockPeriod>7.115</EstimatedClockPeriod>
</SummaryOfTimingAnalysis>
<SummaryOfOverallLatency>
<Best-caseLatency>20</Best-caseLatency>
<Average-caseLatency>20</Average-caseLatency>
<Worst-caseLatency>20</Worst-caseLatency>
<Best-caseRealTimeLatency>0.200 us</Best-caseRealTimeLatency>
<Average-caseRealTimeLatency>0.200 us</Average-caseRealTimeLatency>
<Worst-caseRealTimeLatency>0.200 us</Worst-caseRealTimeLatency>
<PipelineInitiationInterval>1</PipelineInitiationInterval>
<PipelineDepth>21</PipelineDepth>
<PipelineType>yes</PipelineType>
</SummaryOfOverallLatency>
<SummaryOfViolations>
<IssueType>-</IssueType>
<ViolationType>-</ViolationType>
<SourceLocation>/tools/Xilinx/Vitis_HLS/2023.2/common/technology/autopilot/etc/hls_log_apfixed.h:899</SourceLocation>
</SummaryOfViolations>
</PerformanceEstimates>
<AreaEstimates>
<Resources>
<BRAM_18K>3</BRAM_18K>
<AVAIL_BRAM>280</AVAIL_BRAM>
<UTIL_BRAM>1</UTIL_BRAM>
<DSP>14</DSP>
<AVAIL_DSP>220</AVAIL_DSP>
<UTIL_DSP>6</UTIL_DSP>
<FF>3202</FF>
<AVAIL_FF>106400</AVAIL_FF>
<UTIL_FF>3</UTIL_FF>
<LUT>3785</LUT>
<AVAIL_LUT>53200</AVAIL_LUT>
<UTIL_LUT>7</UTIL_LUT>
<URAM>0</URAM>
<AVAIL_URAM>0</AVAIL_URAM>
<UTIL_URAM>0</UTIL_URAM>
</Resources>
</AreaEstimates>
<InterfaceSummary>
<RtlPorts>
<name>ap_clk</name>
<Object>log10&lt;48, 24&gt;</Object>
<Type>return value</Type>
<Scope></Scope>
<IOProtocol>ap_ctrl_hs</IOProtocol>
<IOConfig></IOConfig>
<Dir>in</Dir>
<Bits>1</Bits>
<Attribute>control</Attribute>
</RtlPorts>
<RtlPorts>
<name>ap_rst</name>
<Object>log10&lt;48, 24&gt;</Object>
<Type>return value</Type>
<Scope></Scope>
<IOProtocol>ap_ctrl_hs</IOProtocol>
<IOConfig></IOConfig>
<Dir>in</Dir>
<Bits>1</Bits>
<Attribute>control</Attribute>
</RtlPorts>
<RtlPorts>
<name>ap_start</name>
<Object>log10&lt;48, 24&gt;</Object>
<Type>return value</Type>
<Scope></Scope>
<IOProtocol>ap_ctrl_hs</IOProtocol>
<IOConfig></IOConfig>
<Dir>in</Dir>
<Bits>1</Bits>
<Attribute>control</Attribute>
</RtlPorts>
<RtlPorts>
<name>ap_done</name>
<Object>log10&lt;48, 24&gt;</Object>
<Type>return value</Type>
<Scope></Scope>
<IOProtocol>ap_ctrl_hs</IOProtocol>
<IOConfig></IOConfig>
<Dir>out</Dir>
<Bits>1</Bits>
<Attribute>control</Attribute>
</RtlPorts>
<RtlPorts>
<name>ap_idle</name>
<Object>log10&lt;48, 24&gt;</Object>
<Type>return value</Type>
<Scope></Scope>
<IOProtocol>ap_ctrl_hs</IOProtocol>
<IOConfig></IOConfig>
<Dir>out</Dir>
<Bits>1</Bits>
<Attribute>control</Attribute>
</RtlPorts>
<RtlPorts>
<name>ap_ready</name>
<Object>log10&lt;48, 24&gt;</Object>
<Type>return value</Type>
<Scope></Scope>
<IOProtocol>ap_ctrl_hs</IOProtocol>
<IOConfig></IOConfig>
<Dir>out</Dir>
<Bits>1</Bits>
<Attribute>control</Attribute>
</RtlPorts>
<RtlPorts>
<name>ap_return</name>
<Object>log10&lt;48, 24&gt;</Object>
<Type>return value</Type>
<Scope></Scope>
<IOProtocol>ap_ctrl_hs</IOProtocol>
<IOConfig></IOConfig>
<Dir>out</Dir>
<Bits>28</Bits>
<Attribute>data</Attribute>
</RtlPorts>
<RtlPorts>
<name>x_val</name>
<Object>x_val</Object>
<Type>scalar</Type>
<Scope></Scope>
<IOProtocol>ap_none</IOProtocol>
<IOConfig></IOConfig>
<Dir>in</Dir>
<Bits>26</Bits>
<Attribute>data</Attribute>
</RtlPorts>
</InterfaceSummary>
</Module>
<Module>
<Name>dbfs_converter</Name>
<PerformanceEstimates>
<SummaryOfTimingAnalysis>
<TargetClockPeriod>10.00</TargetClockPeriod>
<ClockUncertainty>2.70</ClockUncertainty>
<EstimatedClockPeriod>7.115</EstimatedClockPeriod>
</SummaryOfTimingAnalysis>
<SummaryOfOverallLatency>
<Best-caseLatency>23</Best-caseLatency>
<Average-caseLatency>23</Average-caseLatency>
<Worst-caseLatency>23</Worst-caseLatency>
<Best-caseRealTimeLatency>0.230 us</Best-caseRealTimeLatency>
<Average-caseRealTimeLatency>0.230 us</Average-caseRealTimeLatency>
<Worst-caseRealTimeLatency>0.230 us</Worst-caseRealTimeLatency>
<PipelineInitiationInterval>24</PipelineInitiationInterval>
<PipelineType>no</PipelineType>
</SummaryOfOverallLatency>
<SummaryOfViolations>
<IssueType>-</IssueType>
<ViolationType>-</ViolationType>
<SourceLocation>dbfs_converter.cpp:3</SourceLocation>
</SummaryOfViolations>
</PerformanceEstimates>
<AreaEstimates>
<Resources>
<BRAM_18K>3</BRAM_18K>
<AVAIL_BRAM>280</AVAIL_BRAM>
<UTIL_BRAM>1</UTIL_BRAM>
<DSP>14</DSP>
<AVAIL_DSP>220</AVAIL_DSP>
<UTIL_DSP>6</UTIL_DSP>
<FF>3355</FF>
<AVAIL_FF>106400</AVAIL_FF>
<UTIL_FF>3</UTIL_FF>
<LUT>4179</LUT>
<AVAIL_LUT>53200</AVAIL_LUT>
<UTIL_LUT>7</UTIL_LUT>
<URAM>0</URAM>
<AVAIL_URAM>0</AVAIL_URAM>
<UTIL_URAM>0</UTIL_URAM>
</Resources>
</AreaEstimates>
<InterfaceSummary>
<RtlPorts>
<name>ap_clk</name>
<Object>dbfs_converter</Object>
<Type>return value</Type>
<Scope></Scope>
<IOProtocol>ap_ctrl_hs</IOProtocol>
<IOConfig></IOConfig>
<Dir>in</Dir>
<Bits>1</Bits>
<Attribute>control</Attribute>
</RtlPorts>
<RtlPorts>
<name>ap_rst</name>
<Object>dbfs_converter</Object>
<Type>return value</Type>
<Scope></Scope>
<IOProtocol>ap_ctrl_hs</IOProtocol>
<IOConfig></IOConfig>
<Dir>in</Dir>
<Bits>1</Bits>
<Attribute>control</Attribute>
</RtlPorts>
<RtlPorts>
<name>ap_start</name>
<Object>dbfs_converter</Object>
<Type>return value</Type>
<Scope></Scope>
<IOProtocol>ap_ctrl_hs</IOProtocol>
<IOConfig></IOConfig>
<Dir>in</Dir>
<Bits>1</Bits>
<Attribute>control</Attribute>
</RtlPorts>
<RtlPorts>
<name>ap_done</name>
<Object>dbfs_converter</Object>
<Type>return value</Type>
<Scope></Scope>
<IOProtocol>ap_ctrl_hs</IOProtocol>
<IOConfig></IOConfig>
<Dir>out</Dir>
<Bits>1</Bits>
<Attribute>control</Attribute>
</RtlPorts>
<RtlPorts>
<name>ap_idle</name>
<Object>dbfs_converter</Object>
<Type>return value</Type>
<Scope></Scope>
<IOProtocol>ap_ctrl_hs</IOProtocol>
<IOConfig></IOConfig>
<Dir>out</Dir>
<Bits>1</Bits>
<Attribute>control</Attribute>
</RtlPorts>
<RtlPorts>
<name>ap_ready</name>
<Object>dbfs_converter</Object>
<Type>return value</Type>
<Scope></Scope>
<IOProtocol>ap_ctrl_hs</IOProtocol>
<IOConfig></IOConfig>
<Dir>out</Dir>
<Bits>1</Bits>
<Attribute>control</Attribute>
</RtlPorts>
<RtlPorts>
<name>ap_return</name>
<Object>dbfs_converter</Object>
<Type>return value</Type>
<Scope></Scope>
<IOProtocol>ap_ctrl_hs</IOProtocol>
<IOConfig></IOConfig>
<Dir>out</Dir>
<Bits>48</Bits>
<Attribute>data</Attribute>
</RtlPorts>
<RtlPorts>
<name>linear_value</name>
<Object>linear_value</Object>
<Type>scalar</Type>
<Scope></Scope>
<IOProtocol>ap_none</IOProtocol>
<IOConfig></IOConfig>
<Dir>in</Dir>
<Bits>48</Bits>
<Attribute>data</Attribute>
<CType>int</CType>
</RtlPorts>
</InterfaceSummary>
</Module>
</ModuleInformation>

<FIFOInformation>
</FIFOInformation>

</profile>
