<profile>

<section name = "Vitis HLS Report for 'dbfs_converter'" level="0">
<item name = "Date">Mon Apr 14 10:59:08 2025
</item>
<item name = "Version">2023.2 (Build 4023990 on Oct 11 2023)</item>
<item name = "Project">dbfs_converter</item>
<item name = "Solution">solution1 (Vivado IP Flow Target)</item>
<item name = "Product family">zynq</item>
<item name = "Target device">xc7z020-clg484-1</item>
</section>

<section name = "Performance Estimates" level="0">
<item name = "Timing">
<section name = "" level="1">
<item name = "Summary"><table name="" hasTotal="0">
<keys size="4">Clock, Target, Estimated, Uncertainty</keys>
<column name="ap_clk">10.00 ns, 7.115 ns, 2.70 ns</column>
</table>
</item>
</section>
</item>
<item name = "Latency">
<section name = "" level="1">
<item name = "Summary"><table name="" hasTotal="0">
<keys size="8">, min, max, min, max, min, max, Type</keys>
<column name="">23, 23, 0.230 us, 0.230 us, 24, 24, no</column>
</table>
</item>
<item name = "Detail">
<section name = "" level="1">
<item name = "Instance"><table name="" hasTotal="0">
<keys size="9">Instance, Module, min, max, min, max, min, max, Type</keys>
</table>
</item>
<item name = "Loop"><table name="" hasTotal="0">
<keys size="8">Loop Name, min, max, Latency, achieved, target, Count, Pipelined</keys>
</table>
</item>
</section>
</item>
</section>
</item>
</section>
</profile>
