<?xml version="1.0" encoding="utf-8"?>
<BindInfo>
	<BindNode BINDTYPE="op" DISPLAY="bind_op icmp" ID="" IMPL="auto" LATENCY="0" OPTYPE="icmp" PRAGMA="" RTLNAME="icmp_ln899_fu_608_p2" SOURCE="/tools/Xilinx/Vitis_HLS/2023.2/common/technology/autopilot/etc/hls_log_apfixed.h:899" VARIABLE="icmp_ln899" MODULE="log10_48_24_s" LOOP="" BUNDLEDNAME="" DSP="0" BRAM="0" URAM="0" USAGE="" STORAGESUBTYPE="" STORAGESIZE=""/>
	<BindNode BINDTYPE="op" DISPLAY="bind_op icmp" ID="" IMPL="auto" LATENCY="0" OPTYPE="icmp" PRAGMA="" RTLNAME="icmp_ln923_fu_644_p2" SOURCE="/tools/Xilinx/Vitis_HLS/2023.2/common/technology/autopilot/etc/hls_log_apfixed.h:923" VARIABLE="icmp_ln923" MODULE="log10_48_24_s" LOOP="" BUNDLEDNAME="" DSP="0" BRAM="0" URAM="0" USAGE="" STORAGESUBTYPE="" STORAGESIZE=""/>
	<BindNode BINDTYPE="op" DISPLAY="bind_op icmp" ID="" IMPL="auto" LATENCY="0" OPTYPE="icmp" PRAGMA="" RTLNAME="icmp_ln923_1_fu_676_p2" SOURCE="/tools/Xilinx/Vitis_HLS/2023.2/common/technology/autopilot/etc/hls_log_apfixed.h:923" VARIABLE="icmp_ln923_1" MODULE="log10_48_24_s" LOOP="" BUNDLEDNAME="" DSP="0" BRAM="0" URAM="0" USAGE="" STORAGESUBTYPE="" STORAGESIZE=""/>
	<BindNode BINDTYPE="op" DISPLAY="bind_op icmp" ID="" IMPL="auto" LATENCY="0" OPTYPE="icmp" PRAGMA="" RTLNAME="icmp_ln923_2_fu_708_p2" SOURCE="/tools/Xilinx/Vitis_HLS/2023.2/common/technology/autopilot/etc/hls_log_apfixed.h:923" VARIABLE="icmp_ln923_2" MODULE="log10_48_24_s" LOOP="" BUNDLEDNAME="" DSP="0" BRAM="0" URAM="0" USAGE="" STORAGESUBTYPE="" STORAGESIZE=""/>
	<BindNode BINDTYPE="op" DISPLAY="bind_op xor" ID="" IMPL="auto" LATENCY="0" OPTYPE="xor" PRAGMA="" RTLNAME="xor_ln923_fu_722_p2" SOURCE="/tools/Xilinx/Vitis_HLS/2023.2/common/technology/autopilot/etc/hls_log_apfixed.h:923" VARIABLE="xor_ln923" MODULE="log10_48_24_s" LOOP="" BUNDLEDNAME="" DSP="0" BRAM="0" URAM="0" USAGE="" STORAGESUBTYPE="" STORAGESIZE=""/>
	<BindNode BINDTYPE="op" DISPLAY="bind_op select" ID="" IMPL="auto_sel" LATENCY="0" OPTYPE="select" PRAGMA="" RTLNAME="select_ln923_fu_728_p3" SOURCE="/tools/Xilinx/Vitis_HLS/2023.2/common/technology/autopilot/etc/hls_log_apfixed.h:923" VARIABLE="select_ln923" MODULE="log10_48_24_s" LOOP="" BUNDLEDNAME="" DSP="0" BRAM="0" URAM="0" USAGE="" STORAGESUBTYPE="" STORAGESIZE=""/>
	<BindNode BINDTYPE="op" DISPLAY="bind_op icmp" ID="" IMPL="auto" LATENCY="0" OPTYPE="icmp" PRAGMA="" RTLNAME="icmp_ln923_3_fu_754_p2" SOURCE="/tools/Xilinx/Vitis_HLS/2023.2/common/technology/autopilot/etc/hls_log_apfixed.h:923" VARIABLE="icmp_ln923_3" MODULE="log10_48_24_s" LOOP="" BUNDLEDNAME="" DSP="0" BRAM="0" URAM="0" USAGE="" STORAGESUBTYPE="" STORAGESIZE=""/>
	<BindNode BINDTYPE="op" DISPLAY="bind_op xor" ID="" IMPL="auto" LATENCY="0" OPTYPE="xor" PRAGMA="" RTLNAME="xor_ln923_1_fu_768_p2" SOURCE="/tools/Xilinx/Vitis_HLS/2023.2/common/technology/autopilot/etc/hls_log_apfixed.h:923" VARIABLE="xor_ln923_1" MODULE="log10_48_24_s" LOOP="" BUNDLEDNAME="" DSP="0" BRAM="0" URAM="0" USAGE="" STORAGESUBTYPE="" STORAGESIZE=""/>
	<BindNode BINDTYPE="op" DISPLAY="bind_op select" ID="" IMPL="auto_sel" LATENCY="0" OPTYPE="select" PRAGMA="" RTLNAME="select_ln923_1_fu_774_p3" SOURCE="/tools/Xilinx/Vitis_HLS/2023.2/common/technology/autopilot/etc/hls_log_apfixed.h:923" VARIABLE="select_ln923_1" MODULE="log10_48_24_s" LOOP="" BUNDLEDNAME="" DSP="0" BRAM="0" URAM="0" USAGE="" STORAGESUBTYPE="" STORAGESIZE=""/>
	<BindNode BINDTYPE="op" DISPLAY="bind_op icmp" ID="" IMPL="auto" LATENCY="0" OPTYPE="icmp" PRAGMA="" RTLNAME="icmp_ln923_4_fu_800_p2" SOURCE="/tools/Xilinx/Vitis_HLS/2023.2/common/technology/autopilot/etc/hls_log_apfixed.h:923" VARIABLE="icmp_ln923_4" MODULE="log10_48_24_s" LOOP="" BUNDLEDNAME="" DSP="0" BRAM="0" URAM="0" USAGE="" STORAGESUBTYPE="" STORAGESIZE=""/>
	<BindNode BINDTYPE="op" DISPLAY="bind_op xor" ID="" IMPL="auto" LATENCY="0" OPTYPE="xor" PRAGMA="" RTLNAME="xor_ln923_2_fu_814_p2" SOURCE="/tools/Xilinx/Vitis_HLS/2023.2/common/technology/autopilot/etc/hls_log_apfixed.h:923" VARIABLE="xor_ln923_2" MODULE="log10_48_24_s" LOOP="" BUNDLEDNAME="" DSP="0" BRAM="0" URAM="0" USAGE="" STORAGESUBTYPE="" STORAGESIZE=""/>
	<BindNode BINDTYPE="op" DISPLAY="bind_op select" ID="" IMPL="auto_sel" LATENCY="0" OPTYPE="select" PRAGMA="" RTLNAME="select_ln923_2_fu_820_p3" SOURCE="/tools/Xilinx/Vitis_HLS/2023.2/common/technology/autopilot/etc/hls_log_apfixed.h:923" VARIABLE="select_ln923_2" MODULE="log10_48_24_s" LOOP="" BUNDLEDNAME="" DSP="0" BRAM="0" URAM="0" USAGE="" STORAGESUBTYPE="" STORAGESIZE=""/>
	<BindNode BINDTYPE="op" DISPLAY="bind_op icmp" ID="" IMPL="auto" LATENCY="0" OPTYPE="icmp" PRAGMA="" RTLNAME="icmp_ln923_5_fu_846_p2" SOURCE="/tools/Xilinx/Vitis_HLS/2023.2/common/technology/autopilot/etc/hls_log_apfixed.h:923" VARIABLE="icmp_ln923_5" MODULE="log10_48_24_s" LOOP="" BUNDLEDNAME="" DSP="0" BRAM="0" URAM="0" USAGE="" STORAGESUBTYPE="" STORAGESIZE=""/>
	<BindNode BINDTYPE="op" DISPLAY="bind_op xor" ID="" IMPL="auto" LATENCY="0" OPTYPE="xor" PRAGMA="" RTLNAME="xor_ln923_3_fu_860_p2" SOURCE="/tools/Xilinx/Vitis_HLS/2023.2/common/technology/autopilot/etc/hls_log_apfixed.h:923" VARIABLE="xor_ln923_3" MODULE="log10_48_24_s" LOOP="" BUNDLEDNAME="" DSP="0" BRAM="0" URAM="0" USAGE="" STORAGESUBTYPE="" STORAGESIZE=""/>
	<BindNode BINDTYPE="op" DISPLAY="bind_op select" ID="" IMPL="auto_sel" LATENCY="0" OPTYPE="select" PRAGMA="" RTLNAME="select_ln923_3_fu_866_p3" SOURCE="/tools/Xilinx/Vitis_HLS/2023.2/common/technology/autopilot/etc/hls_log_apfixed.h:923" VARIABLE="select_ln923_3" MODULE="log10_48_24_s" LOOP="" BUNDLEDNAME="" DSP="0" BRAM="0" URAM="0" USAGE="" STORAGESUBTYPE="" STORAGESIZE=""/>
	<BindNode BINDTYPE="op" DISPLAY="bind_op icmp" ID="" IMPL="auto" LATENCY="0" OPTYPE="icmp" PRAGMA="" RTLNAME="icmp_ln923_6_fu_892_p2" SOURCE="/tools/Xilinx/Vitis_HLS/2023.2/common/technology/autopilot/etc/hls_log_apfixed.h:923" VARIABLE="icmp_ln923_6" MODULE="log10_48_24_s" LOOP="" BUNDLEDNAME="" DSP="0" BRAM="0" URAM="0" USAGE="" STORAGESUBTYPE="" STORAGESIZE=""/>
	<BindNode BINDTYPE="op" DISPLAY="bind_op xor" ID="" IMPL="auto" LATENCY="0" OPTYPE="xor" PRAGMA="" RTLNAME="xor_ln923_4_fu_906_p2" SOURCE="/tools/Xilinx/Vitis_HLS/2023.2/common/technology/autopilot/etc/hls_log_apfixed.h:923" VARIABLE="xor_ln923_4" MODULE="log10_48_24_s" LOOP="" BUNDLEDNAME="" DSP="0" BRAM="0" URAM="0" USAGE="" STORAGESUBTYPE="" STORAGESIZE=""/>
	<BindNode BINDTYPE="op" DISPLAY="bind_op select" ID="" IMPL="auto_sel" LATENCY="0" OPTYPE="select" PRAGMA="" RTLNAME="select_ln923_4_fu_912_p3" SOURCE="/tools/Xilinx/Vitis_HLS/2023.2/common/technology/autopilot/etc/hls_log_apfixed.h:923" VARIABLE="select_ln923_4" MODULE="log10_48_24_s" LOOP="" BUNDLEDNAME="" DSP="0" BRAM="0" URAM="0" USAGE="" STORAGESUBTYPE="" STORAGESIZE=""/>
	<BindNode BINDTYPE="op" DISPLAY="bind_op icmp" ID="" IMPL="auto" LATENCY="0" OPTYPE="icmp" PRAGMA="" RTLNAME="icmp_ln923_7_fu_938_p2" SOURCE="/tools/Xilinx/Vitis_HLS/2023.2/common/technology/autopilot/etc/hls_log_apfixed.h:923" VARIABLE="icmp_ln923_7" MODULE="log10_48_24_s" LOOP="" BUNDLEDNAME="" DSP="0" BRAM="0" URAM="0" USAGE="" STORAGESUBTYPE="" STORAGESIZE=""/>
	<BindNode BINDTYPE="op" DISPLAY="bind_op xor" ID="" IMPL="auto" LATENCY="0" OPTYPE="xor" PRAGMA="" RTLNAME="xor_ln923_5_fu_952_p2" SOURCE="/tools/Xilinx/Vitis_HLS/2023.2/common/technology/autopilot/etc/hls_log_apfixed.h:923" VARIABLE="xor_ln923_5" MODULE="log10_48_24_s" LOOP="" BUNDLEDNAME="" DSP="0" BRAM="0" URAM="0" USAGE="" STORAGESUBTYPE="" STORAGESIZE=""/>
	<BindNode BINDTYPE="op" DISPLAY="bind_op select" ID="" IMPL="auto_sel" LATENCY="0" OPTYPE="select" PRAGMA="" RTLNAME="select_ln923_5_fu_958_p3" SOURCE="/tools/Xilinx/Vitis_HLS/2023.2/common/technology/autopilot/etc/hls_log_apfixed.h:923" VARIABLE="select_ln923_5" MODULE="log10_48_24_s" LOOP="" BUNDLEDNAME="" DSP="0" BRAM="0" URAM="0" USAGE="" STORAGESUBTYPE="" STORAGESIZE=""/>
	<BindNode BINDTYPE="op" DISPLAY="bind_op icmp" ID="" IMPL="auto" LATENCY="0" OPTYPE="icmp" PRAGMA="" RTLNAME="icmp_ln923_8_fu_984_p2" SOURCE="/tools/Xilinx/Vitis_HLS/2023.2/common/technology/autopilot/etc/hls_log_apfixed.h:923" VARIABLE="icmp_ln923_8" MODULE="log10_48_24_s" LOOP="" BUNDLEDNAME="" DSP="0" BRAM="0" URAM="0" USAGE="" STORAGESUBTYPE="" STORAGESIZE=""/>
	<BindNode BINDTYPE="op" DISPLAY="bind_op xor" ID="" IMPL="auto" LATENCY="0" OPTYPE="xor" PRAGMA="" RTLNAME="xor_ln923_6_fu_998_p2" SOURCE="/tools/Xilinx/Vitis_HLS/2023.2/common/technology/autopilot/etc/hls_log_apfixed.h:923" VARIABLE="xor_ln923_6" MODULE="log10_48_24_s" LOOP="" BUNDLEDNAME="" DSP="0" BRAM="0" URAM="0" USAGE="" STORAGESUBTYPE="" STORAGESIZE=""/>
	<BindNode BINDTYPE="op" DISPLAY="bind_op select" ID="" IMPL="auto_sel" LATENCY="0" OPTYPE="select" PRAGMA="" RTLNAME="select_ln923_6_fu_1004_p3" SOURCE="/tools/Xilinx/Vitis_HLS/2023.2/common/technology/autopilot/etc/hls_log_apfixed.h:923" VARIABLE="select_ln923_6" MODULE="log10_48_24_s" LOOP="" BUNDLEDNAME="" DSP="0" BRAM="0" URAM="0" USAGE="" STORAGESUBTYPE="" STORAGESIZE=""/>
	<BindNode BINDTYPE="op" DISPLAY="bind_op icmp" ID="" IMPL="auto" LATENCY="0" OPTYPE="icmp" PRAGMA="" RTLNAME="icmp_ln923_9_fu_1030_p2" SOURCE="/tools/Xilinx/Vitis_HLS/2023.2/common/technology/autopilot/etc/hls_log_apfixed.h:923" VARIABLE="icmp_ln923_9" MODULE="log10_48_24_s" LOOP="" BUNDLEDNAME="" DSP="0" BRAM="0" URAM="0" USAGE="" STORAGESUBTYPE="" STORAGESIZE=""/>
	<BindNode BINDTYPE="op" DISPLAY="bind_op xor" ID="" IMPL="auto" LATENCY="0" OPTYPE="xor" PRAGMA="" RTLNAME="xor_ln923_7_fu_1044_p2" SOURCE="/tools/Xilinx/Vitis_HLS/2023.2/common/technology/autopilot/etc/hls_log_apfixed.h:923" VARIABLE="xor_ln923_7" MODULE="log10_48_24_s" LOOP="" BUNDLEDNAME="" DSP="0" BRAM="0" URAM="0" USAGE="" STORAGESUBTYPE="" STORAGESIZE=""/>
	<BindNode BINDTYPE="op" DISPLAY="bind_op select" ID="" IMPL="auto_sel" LATENCY="0" OPTYPE="select" PRAGMA="" RTLNAME="select_ln923_7_fu_1050_p3" SOURCE="/tools/Xilinx/Vitis_HLS/2023.2/common/technology/autopilot/etc/hls_log_apfixed.h:923" VARIABLE="select_ln923_7" MODULE="log10_48_24_s" LOOP="" BUNDLEDNAME="" DSP="0" BRAM="0" URAM="0" USAGE="" STORAGESUBTYPE="" STORAGESIZE=""/>
	<BindNode BINDTYPE="op" DISPLAY="bind_op icmp" ID="" IMPL="auto" LATENCY="0" OPTYPE="icmp" PRAGMA="" RTLNAME="icmp_ln923_10_fu_1076_p2" SOURCE="/tools/Xilinx/Vitis_HLS/2023.2/common/technology/autopilot/etc/hls_log_apfixed.h:923" VARIABLE="icmp_ln923_10" MODULE="log10_48_24_s" LOOP="" BUNDLEDNAME="" DSP="0" BRAM="0" URAM="0" USAGE="" STORAGESUBTYPE="" STORAGESIZE=""/>
	<BindNode BINDTYPE="op" DISPLAY="bind_op xor" ID="" IMPL="auto" LATENCY="0" OPTYPE="xor" PRAGMA="" RTLNAME="xor_ln923_8_fu_1090_p2" SOURCE="/tools/Xilinx/Vitis_HLS/2023.2/common/technology/autopilot/etc/hls_log_apfixed.h:923" VARIABLE="xor_ln923_8" MODULE="log10_48_24_s" LOOP="" BUNDLEDNAME="" DSP="0" BRAM="0" URAM="0" USAGE="" STORAGESUBTYPE="" STORAGESIZE=""/>
	<BindNode BINDTYPE="op" DISPLAY="bind_op select" ID="" IMPL="auto_sel" LATENCY="0" OPTYPE="select" PRAGMA="" RTLNAME="select_ln923_8_fu_1096_p3" SOURCE="/tools/Xilinx/Vitis_HLS/2023.2/common/technology/autopilot/etc/hls_log_apfixed.h:923" VARIABLE="select_ln923_8" MODULE="log10_48_24_s" LOOP="" BUNDLEDNAME="" DSP="0" BRAM="0" URAM="0" USAGE="" STORAGESUBTYPE="" STORAGESIZE=""/>
	<BindNode BINDTYPE="op" DISPLAY="bind_op icmp" ID="" IMPL="auto" LATENCY="0" OPTYPE="icmp" PRAGMA="" RTLNAME="icmp_ln923_11_fu_1122_p2" SOURCE="/tools/Xilinx/Vitis_HLS/2023.2/common/technology/autopilot/etc/hls_log_apfixed.h:923" VARIABLE="icmp_ln923_11" MODULE="log10_48_24_s" LOOP="" BUNDLEDNAME="" DSP="0" BRAM="0" URAM="0" USAGE="" STORAGESUBTYPE="" STORAGESIZE=""/>
	<BindNode BINDTYPE="op" DISPLAY="bind_op xor" ID="" IMPL="auto" LATENCY="0" OPTYPE="xor" PRAGMA="" RTLNAME="xor_ln923_9_fu_1136_p2" SOURCE="/tools/Xilinx/Vitis_HLS/2023.2/common/technology/autopilot/etc/hls_log_apfixed.h:923" VARIABLE="xor_ln923_9" MODULE="log10_48_24_s" LOOP="" BUNDLEDNAME="" DSP="0" BRAM="0" URAM="0" USAGE="" STORAGESUBTYPE="" STORAGESIZE=""/>
	<BindNode BINDTYPE="op" DISPLAY="bind_op select" ID="" IMPL="auto_sel" LATENCY="0" OPTYPE="select" PRAGMA="" RTLNAME="select_ln923_9_fu_1142_p3" SOURCE="/tools/Xilinx/Vitis_HLS/2023.2/common/technology/autopilot/etc/hls_log_apfixed.h:923" VARIABLE="select_ln923_9" MODULE="log10_48_24_s" LOOP="" BUNDLEDNAME="" DSP="0" BRAM="0" URAM="0" USAGE="" STORAGESUBTYPE="" STORAGESIZE=""/>
	<BindNode BINDTYPE="op" DISPLAY="bind_op icmp" ID="" IMPL="auto" LATENCY="0" OPTYPE="icmp" PRAGMA="" RTLNAME="icmp_ln923_12_fu_1168_p2" SOURCE="/tools/Xilinx/Vitis_HLS/2023.2/common/technology/autopilot/etc/hls_log_apfixed.h:923" VARIABLE="icmp_ln923_12" MODULE="log10_48_24_s" LOOP="" BUNDLEDNAME="" DSP="0" BRAM="0" URAM="0" USAGE="" STORAGESUBTYPE="" STORAGESIZE=""/>
	<BindNode BINDTYPE="op" DISPLAY="bind_op xor" ID="" IMPL="auto" LATENCY="0" OPTYPE="xor" PRAGMA="" RTLNAME="xor_ln923_10_fu_1182_p2" SOURCE="/tools/Xilinx/Vitis_HLS/2023.2/common/technology/autopilot/etc/hls_log_apfixed.h:923" VARIABLE="xor_ln923_10" MODULE="log10_48_24_s" LOOP="" BUNDLEDNAME="" DSP="0" BRAM="0" URAM="0" USAGE="" STORAGESUBTYPE="" STORAGESIZE=""/>
	<BindNode BINDTYPE="op" DISPLAY="bind_op select" ID="" IMPL="auto_sel" LATENCY="0" OPTYPE="select" PRAGMA="" RTLNAME="select_ln923_10_fu_1188_p3" SOURCE="/tools/Xilinx/Vitis_HLS/2023.2/common/technology/autopilot/etc/hls_log_apfixed.h:923" VARIABLE="select_ln923_10" MODULE="log10_48_24_s" LOOP="" BUNDLEDNAME="" DSP="0" BRAM="0" URAM="0" USAGE="" STORAGESUBTYPE="" STORAGESIZE=""/>
	<BindNode BINDTYPE="op" DISPLAY="bind_op icmp" ID="" IMPL="auto" LATENCY="0" OPTYPE="icmp" PRAGMA="" RTLNAME="icmp_ln923_13_fu_1214_p2" SOURCE="/tools/Xilinx/Vitis_HLS/2023.2/common/technology/autopilot/etc/hls_log_apfixed.h:923" VARIABLE="icmp_ln923_13" MODULE="log10_48_24_s" LOOP="" BUNDLEDNAME="" DSP="0" BRAM="0" URAM="0" USAGE="" STORAGESUBTYPE="" STORAGESIZE=""/>
	<BindNode BINDTYPE="op" DISPLAY="bind_op xor" ID="" IMPL="auto" LATENCY="0" OPTYPE="xor" PRAGMA="" RTLNAME="xor_ln923_11_fu_1228_p2" SOURCE="/tools/Xilinx/Vitis_HLS/2023.2/common/technology/autopilot/etc/hls_log_apfixed.h:923" VARIABLE="xor_ln923_11" MODULE="log10_48_24_s" LOOP="" BUNDLEDNAME="" DSP="0" BRAM="0" URAM="0" USAGE="" STORAGESUBTYPE="" STORAGESIZE=""/>
	<BindNode BINDTYPE="op" DISPLAY="bind_op select" ID="" IMPL="auto_sel" LATENCY="0" OPTYPE="select" PRAGMA="" RTLNAME="select_ln923_11_fu_1234_p3" SOURCE="/tools/Xilinx/Vitis_HLS/2023.2/common/technology/autopilot/etc/hls_log_apfixed.h:923" VARIABLE="select_ln923_11" MODULE="log10_48_24_s" LOOP="" BUNDLEDNAME="" DSP="0" BRAM="0" URAM="0" USAGE="" STORAGESUBTYPE="" STORAGESIZE=""/>
	<BindNode BINDTYPE="op" DISPLAY="bind_op icmp" ID="" IMPL="auto" LATENCY="0" OPTYPE="icmp" PRAGMA="" RTLNAME="icmp_ln923_14_fu_1260_p2" SOURCE="/tools/Xilinx/Vitis_HLS/2023.2/common/technology/autopilot/etc/hls_log_apfixed.h:923" VARIABLE="icmp_ln923_14" MODULE="log10_48_24_s" LOOP="" BUNDLEDNAME="" DSP="0" BRAM="0" URAM="0" USAGE="" STORAGESUBTYPE="" STORAGESIZE=""/>
	<BindNode BINDTYPE="op" DISPLAY="bind_op xor" ID="" IMPL="auto" LATENCY="0" OPTYPE="xor" PRAGMA="" RTLNAME="xor_ln923_12_fu_1274_p2" SOURCE="/tools/Xilinx/Vitis_HLS/2023.2/common/technology/autopilot/etc/hls_log_apfixed.h:923" VARIABLE="xor_ln923_12" MODULE="log10_48_24_s" LOOP="" BUNDLEDNAME="" DSP="0" BRAM="0" URAM="0" USAGE="" STORAGESUBTYPE="" STORAGESIZE=""/>
	<BindNode BINDTYPE="op" DISPLAY="bind_op select" ID="" IMPL="auto_sel" LATENCY="0" OPTYPE="select" PRAGMA="" RTLNAME="select_ln923_12_fu_1280_p3" SOURCE="/tools/Xilinx/Vitis_HLS/2023.2/common/technology/autopilot/etc/hls_log_apfixed.h:923" VARIABLE="select_ln923_12" MODULE="log10_48_24_s" LOOP="" BUNDLEDNAME="" DSP="0" BRAM="0" URAM="0" USAGE="" STORAGESUBTYPE="" STORAGESIZE=""/>
	<BindNode BINDTYPE="op" DISPLAY="bind_op icmp" ID="" IMPL="auto" LATENCY="0" OPTYPE="icmp" PRAGMA="" RTLNAME="icmp_ln923_15_fu_1306_p2" SOURCE="/tools/Xilinx/Vitis_HLS/2023.2/common/technology/autopilot/etc/hls_log_apfixed.h:923" VARIABLE="icmp_ln923_15" MODULE="log10_48_24_s" LOOP="" BUNDLEDNAME="" DSP="0" BRAM="0" URAM="0" USAGE="" STORAGESUBTYPE="" STORAGESIZE=""/>
	<BindNode BINDTYPE="op" DISPLAY="bind_op xor" ID="" IMPL="auto" LATENCY="0" OPTYPE="xor" PRAGMA="" RTLNAME="xor_ln923_13_fu_1320_p2" SOURCE="/tools/Xilinx/Vitis_HLS/2023.2/common/technology/autopilot/etc/hls_log_apfixed.h:923" VARIABLE="xor_ln923_13" MODULE="log10_48_24_s" LOOP="" BUNDLEDNAME="" DSP="0" BRAM="0" URAM="0" USAGE="" STORAGESUBTYPE="" STORAGESIZE=""/>
	<BindNode BINDTYPE="op" DISPLAY="bind_op select" ID="" IMPL="auto_sel" LATENCY="0" OPTYPE="select" PRAGMA="" RTLNAME="select_ln923_13_fu_1326_p3" SOURCE="/tools/Xilinx/Vitis_HLS/2023.2/common/technology/autopilot/etc/hls_log_apfixed.h:923" VARIABLE="select_ln923_13" MODULE="log10_48_24_s" LOOP="" BUNDLEDNAME="" DSP="0" BRAM="0" URAM="0" USAGE="" STORAGESUBTYPE="" STORAGESIZE=""/>
	<BindNode BINDTYPE="op" DISPLAY="bind_op icmp" ID="" IMPL="auto" LATENCY="0" OPTYPE="icmp" PRAGMA="" RTLNAME="icmp_ln923_16_fu_1352_p2" SOURCE="/tools/Xilinx/Vitis_HLS/2023.2/common/technology/autopilot/etc/hls_log_apfixed.h:923" VARIABLE="icmp_ln923_16" MODULE="log10_48_24_s" LOOP="" BUNDLEDNAME="" DSP="0" BRAM="0" URAM="0" USAGE="" STORAGESUBTYPE="" STORAGESIZE=""/>
	<BindNode BINDTYPE="op" DISPLAY="bind_op xor" ID="" IMPL="auto" LATENCY="0" OPTYPE="xor" PRAGMA="" RTLNAME="xor_ln923_14_fu_1366_p2" SOURCE="/tools/Xilinx/Vitis_HLS/2023.2/common/technology/autopilot/etc/hls_log_apfixed.h:923" VARIABLE="xor_ln923_14" MODULE="log10_48_24_s" LOOP="" BUNDLEDNAME="" DSP="0" BRAM="0" URAM="0" USAGE="" STORAGESUBTYPE="" STORAGESIZE=""/>
	<BindNode BINDTYPE="op" DISPLAY="bind_op select" ID="" IMPL="auto_sel" LATENCY="0" OPTYPE="select" PRAGMA="" RTLNAME="select_ln923_14_fu_1372_p3" SOURCE="/tools/Xilinx/Vitis_HLS/2023.2/common/technology/autopilot/etc/hls_log_apfixed.h:923" VARIABLE="select_ln923_14" MODULE="log10_48_24_s" LOOP="" BUNDLEDNAME="" DSP="0" BRAM="0" URAM="0" USAGE="" STORAGESUBTYPE="" STORAGESIZE=""/>
	<BindNode BINDTYPE="op" DISPLAY="bind_op icmp" ID="" IMPL="auto" LATENCY="0" OPTYPE="icmp" PRAGMA="" RTLNAME="icmp_ln923_17_fu_1398_p2" SOURCE="/tools/Xilinx/Vitis_HLS/2023.2/common/technology/autopilot/etc/hls_log_apfixed.h:923" VARIABLE="icmp_ln923_17" MODULE="log10_48_24_s" LOOP="" BUNDLEDNAME="" DSP="0" BRAM="0" URAM="0" USAGE="" STORAGESUBTYPE="" STORAGESIZE=""/>
	<BindNode BINDTYPE="op" DISPLAY="bind_op xor" ID="" IMPL="auto" LATENCY="0" OPTYPE="xor" PRAGMA="" RTLNAME="xor_ln923_15_fu_1412_p2" SOURCE="/tools/Xilinx/Vitis_HLS/2023.2/common/technology/autopilot/etc/hls_log_apfixed.h:923" VARIABLE="xor_ln923_15" MODULE="log10_48_24_s" LOOP="" BUNDLEDNAME="" DSP="0" BRAM="0" URAM="0" USAGE="" STORAGESUBTYPE="" STORAGESIZE=""/>
	<BindNode BINDTYPE="op" DISPLAY="bind_op select" ID="" IMPL="auto_sel" LATENCY="0" OPTYPE="select" PRAGMA="" RTLNAME="select_ln923_15_fu_1418_p3" SOURCE="/tools/Xilinx/Vitis_HLS/2023.2/common/technology/autopilot/etc/hls_log_apfixed.h:923" VARIABLE="select_ln923_15" MODULE="log10_48_24_s" LOOP="" BUNDLEDNAME="" DSP="0" BRAM="0" URAM="0" USAGE="" STORAGESUBTYPE="" STORAGESIZE=""/>
	<BindNode BINDTYPE="op" DISPLAY="bind_op icmp" ID="" IMPL="auto" LATENCY="0" OPTYPE="icmp" PRAGMA="" RTLNAME="icmp_ln923_18_fu_1444_p2" SOURCE="/tools/Xilinx/Vitis_HLS/2023.2/common/technology/autopilot/etc/hls_log_apfixed.h:923" VARIABLE="icmp_ln923_18" MODULE="log10_48_24_s" LOOP="" BUNDLEDNAME="" DSP="0" BRAM="0" URAM="0" USAGE="" STORAGESUBTYPE="" STORAGESIZE=""/>
	<BindNode BINDTYPE="op" DISPLAY="bind_op xor" ID="" IMPL="auto" LATENCY="0" OPTYPE="xor" PRAGMA="" RTLNAME="xor_ln923_16_fu_1458_p2" SOURCE="/tools/Xilinx/Vitis_HLS/2023.2/common/technology/autopilot/etc/hls_log_apfixed.h:923" VARIABLE="xor_ln923_16" MODULE="log10_48_24_s" LOOP="" BUNDLEDNAME="" DSP="0" BRAM="0" URAM="0" USAGE="" STORAGESUBTYPE="" STORAGESIZE=""/>
	<BindNode BINDTYPE="op" DISPLAY="bind_op select" ID="" IMPL="auto_sel" LATENCY="0" OPTYPE="select" PRAGMA="" RTLNAME="select_ln923_16_fu_1464_p3" SOURCE="/tools/Xilinx/Vitis_HLS/2023.2/common/technology/autopilot/etc/hls_log_apfixed.h:923" VARIABLE="select_ln923_16" MODULE="log10_48_24_s" LOOP="" BUNDLEDNAME="" DSP="0" BRAM="0" URAM="0" USAGE="" STORAGESUBTYPE="" STORAGESIZE=""/>
	<BindNode BINDTYPE="op" DISPLAY="bind_op icmp" ID="" IMPL="auto" LATENCY="0" OPTYPE="icmp" PRAGMA="" RTLNAME="icmp_ln923_19_fu_1490_p2" SOURCE="/tools/Xilinx/Vitis_HLS/2023.2/common/technology/autopilot/etc/hls_log_apfixed.h:923" VARIABLE="icmp_ln923_19" MODULE="log10_48_24_s" LOOP="" BUNDLEDNAME="" DSP="0" BRAM="0" URAM="0" USAGE="" STORAGESUBTYPE="" STORAGESIZE=""/>
	<BindNode BINDTYPE="op" DISPLAY="bind_op xor" ID="" IMPL="auto" LATENCY="0" OPTYPE="xor" PRAGMA="" RTLNAME="xor_ln923_17_fu_1504_p2" SOURCE="/tools/Xilinx/Vitis_HLS/2023.2/common/technology/autopilot/etc/hls_log_apfixed.h:923" VARIABLE="xor_ln923_17" MODULE="log10_48_24_s" LOOP="" BUNDLEDNAME="" DSP="0" BRAM="0" URAM="0" USAGE="" STORAGESUBTYPE="" STORAGESIZE=""/>
	<BindNode BINDTYPE="op" DISPLAY="bind_op select" ID="" IMPL="auto_sel" LATENCY="0" OPTYPE="select" PRAGMA="" RTLNAME="select_ln923_17_fu_1510_p3" SOURCE="/tools/Xilinx/Vitis_HLS/2023.2/common/technology/autopilot/etc/hls_log_apfixed.h:923" VARIABLE="select_ln923_17" MODULE="log10_48_24_s" LOOP="" BUNDLEDNAME="" DSP="0" BRAM="0" URAM="0" USAGE="" STORAGESUBTYPE="" STORAGESIZE=""/>
	<BindNode BINDTYPE="op" DISPLAY="bind_op icmp" ID="" IMPL="auto" LATENCY="0" OPTYPE="icmp" PRAGMA="" RTLNAME="icmp_ln923_20_fu_1536_p2" SOURCE="/tools/Xilinx/Vitis_HLS/2023.2/common/technology/autopilot/etc/hls_log_apfixed.h:923" VARIABLE="icmp_ln923_20" MODULE="log10_48_24_s" LOOP="" BUNDLEDNAME="" DSP="0" BRAM="0" URAM="0" USAGE="" STORAGESUBTYPE="" STORAGESIZE=""/>
	<BindNode BINDTYPE="op" DISPLAY="bind_op xor" ID="" IMPL="auto" LATENCY="0" OPTYPE="xor" PRAGMA="" RTLNAME="xor_ln923_18_fu_1550_p2" SOURCE="/tools/Xilinx/Vitis_HLS/2023.2/common/technology/autopilot/etc/hls_log_apfixed.h:923" VARIABLE="xor_ln923_18" MODULE="log10_48_24_s" LOOP="" BUNDLEDNAME="" DSP="0" BRAM="0" URAM="0" USAGE="" STORAGESUBTYPE="" STORAGESIZE=""/>
	<BindNode BINDTYPE="op" DISPLAY="bind_op select" ID="" IMPL="auto_sel" LATENCY="0" OPTYPE="select" PRAGMA="" RTLNAME="select_ln923_18_fu_1556_p3" SOURCE="/tools/Xilinx/Vitis_HLS/2023.2/common/technology/autopilot/etc/hls_log_apfixed.h:923" VARIABLE="select_ln923_18" MODULE="log10_48_24_s" LOOP="" BUNDLEDNAME="" DSP="0" BRAM="0" URAM="0" USAGE="" STORAGESUBTYPE="" STORAGESIZE=""/>
	<BindNode BINDTYPE="op" DISPLAY="bind_op icmp" ID="" IMPL="auto" LATENCY="0" OPTYPE="icmp" PRAGMA="" RTLNAME="icmp_ln923_21_fu_1582_p2" SOURCE="/tools/Xilinx/Vitis_HLS/2023.2/common/technology/autopilot/etc/hls_log_apfixed.h:923" VARIABLE="icmp_ln923_21" MODULE="log10_48_24_s" LOOP="" BUNDLEDNAME="" DSP="0" BRAM="0" URAM="0" USAGE="" STORAGESUBTYPE="" STORAGESIZE=""/>
	<BindNode BINDTYPE="op" DISPLAY="bind_op xor" ID="" IMPL="auto" LATENCY="0" OPTYPE="xor" PRAGMA="" RTLNAME="xor_ln923_19_fu_1596_p2" SOURCE="/tools/Xilinx/Vitis_HLS/2023.2/common/technology/autopilot/etc/hls_log_apfixed.h:923" VARIABLE="xor_ln923_19" MODULE="log10_48_24_s" LOOP="" BUNDLEDNAME="" DSP="0" BRAM="0" URAM="0" USAGE="" STORAGESUBTYPE="" STORAGESIZE=""/>
	<BindNode BINDTYPE="op" DISPLAY="bind_op select" ID="" IMPL="auto_sel" LATENCY="0" OPTYPE="select" PRAGMA="" RTLNAME="select_ln923_19_fu_1602_p3" SOURCE="/tools/Xilinx/Vitis_HLS/2023.2/common/technology/autopilot/etc/hls_log_apfixed.h:923" VARIABLE="select_ln923_19" MODULE="log10_48_24_s" LOOP="" BUNDLEDNAME="" DSP="0" BRAM="0" URAM="0" USAGE="" STORAGESUBTYPE="" STORAGESIZE=""/>
	<BindNode BINDTYPE="op" DISPLAY="bind_op icmp" ID="" IMPL="auto" LATENCY="0" OPTYPE="icmp" PRAGMA="" RTLNAME="icmp_ln923_22_fu_1628_p2" SOURCE="/tools/Xilinx/Vitis_HLS/2023.2/common/technology/autopilot/etc/hls_log_apfixed.h:923" VARIABLE="icmp_ln923_22" MODULE="log10_48_24_s" LOOP="" BUNDLEDNAME="" DSP="0" BRAM="0" URAM="0" USAGE="" STORAGESUBTYPE="" STORAGESIZE=""/>
	<BindNode BINDTYPE="op" DISPLAY="bind_op xor" ID="" IMPL="auto" LATENCY="0" OPTYPE="xor" PRAGMA="" RTLNAME="xor_ln923_20_fu_1642_p2" SOURCE="/tools/Xilinx/Vitis_HLS/2023.2/common/technology/autopilot/etc/hls_log_apfixed.h:923" VARIABLE="xor_ln923_20" MODULE="log10_48_24_s" LOOP="" BUNDLEDNAME="" DSP="0" BRAM="0" URAM="0" USAGE="" STORAGESUBTYPE="" STORAGESIZE=""/>
	<BindNode BINDTYPE="op" DISPLAY="bind_op select" ID="" IMPL="auto_sel" LATENCY="0" OPTYPE="select" PRAGMA="" RTLNAME="select_ln923_20_fu_1648_p3" SOURCE="/tools/Xilinx/Vitis_HLS/2023.2/common/technology/autopilot/etc/hls_log_apfixed.h:923" VARIABLE="select_ln923_20" MODULE="log10_48_24_s" LOOP="" BUNDLEDNAME="" DSP="0" BRAM="0" URAM="0" USAGE="" STORAGESUBTYPE="" STORAGESIZE=""/>
	<BindNode BINDTYPE="op" DISPLAY="bind_op icmp" ID="" IMPL="auto" LATENCY="0" OPTYPE="icmp" PRAGMA="" RTLNAME="icmp_ln923_23_fu_1674_p2" SOURCE="/tools/Xilinx/Vitis_HLS/2023.2/common/technology/autopilot/etc/hls_log_apfixed.h:923" VARIABLE="icmp_ln923_23" MODULE="log10_48_24_s" LOOP="" BUNDLEDNAME="" DSP="0" BRAM="0" URAM="0" USAGE="" STORAGESUBTYPE="" STORAGESIZE=""/>
	<BindNode BINDTYPE="op" DISPLAY="bind_op xor" ID="" IMPL="auto" LATENCY="0" OPTYPE="xor" PRAGMA="" RTLNAME="xor_ln923_21_fu_1688_p2" SOURCE="/tools/Xilinx/Vitis_HLS/2023.2/common/technology/autopilot/etc/hls_log_apfixed.h:923" VARIABLE="xor_ln923_21" MODULE="log10_48_24_s" LOOP="" BUNDLEDNAME="" DSP="0" BRAM="0" URAM="0" USAGE="" STORAGESUBTYPE="" STORAGESIZE=""/>
	<BindNode BINDTYPE="op" DISPLAY="bind_op select" ID="" IMPL="auto_sel" LATENCY="0" OPTYPE="select" PRAGMA="" RTLNAME="select_ln923_21_fu_1694_p3" SOURCE="/tools/Xilinx/Vitis_HLS/2023.2/common/technology/autopilot/etc/hls_log_apfixed.h:923" VARIABLE="select_ln923_21" MODULE="log10_48_24_s" LOOP="" BUNDLEDNAME="" DSP="0" BRAM="0" URAM="0" USAGE="" STORAGESUBTYPE="" STORAGESIZE=""/>
	<BindNode BINDTYPE="op" DISPLAY="bind_op icmp" ID="" IMPL="auto" LATENCY="0" OPTYPE="icmp" PRAGMA="" RTLNAME="icmp_ln923_24_fu_1714_p2" SOURCE="/tools/Xilinx/Vitis_HLS/2023.2/common/technology/autopilot/etc/hls_log_apfixed.h:923" VARIABLE="icmp_ln923_24" MODULE="log10_48_24_s" LOOP="" BUNDLEDNAME="" DSP="0" BRAM="0" URAM="0" USAGE="" STORAGESUBTYPE="" STORAGESIZE=""/>
	<BindNode BINDTYPE="op" DISPLAY="bind_op xor" ID="" IMPL="auto" LATENCY="0" OPTYPE="xor" PRAGMA="" RTLNAME="xor_ln923_22_fu_1728_p2" SOURCE="/tools/Xilinx/Vitis_HLS/2023.2/common/technology/autopilot/etc/hls_log_apfixed.h:923" VARIABLE="xor_ln923_22" MODULE="log10_48_24_s" LOOP="" BUNDLEDNAME="" DSP="0" BRAM="0" URAM="0" USAGE="" STORAGESUBTYPE="" STORAGESIZE=""/>
	<BindNode BINDTYPE="op" DISPLAY="bind_op select" ID="" IMPL="auto_sel" LATENCY="0" OPTYPE="select" PRAGMA="" RTLNAME="select_ln923_22_fu_1734_p3" SOURCE="/tools/Xilinx/Vitis_HLS/2023.2/common/technology/autopilot/etc/hls_log_apfixed.h:923" VARIABLE="select_ln923_22" MODULE="log10_48_24_s" LOOP="" BUNDLEDNAME="" DSP="0" BRAM="0" URAM="0" USAGE="" STORAGESUBTYPE="" STORAGESIZE=""/>
	<BindNode BINDTYPE="op" DISPLAY="bind_op icmp" ID="" IMPL="auto" LATENCY="0" OPTYPE="icmp" PRAGMA="" RTLNAME="icmp_ln923_25_fu_1750_p2" SOURCE="/tools/Xilinx/Vitis_HLS/2023.2/common/technology/autopilot/etc/hls_log_apfixed.h:923" VARIABLE="icmp_ln923_25" MODULE="log10_48_24_s" LOOP="" BUNDLEDNAME="" DSP="0" BRAM="0" URAM="0" USAGE="" STORAGESUBTYPE="" STORAGESIZE=""/>
	<BindNode BINDTYPE="op" DISPLAY="bind_op icmp" ID="" IMPL="auto" LATENCY="0" OPTYPE="icmp" PRAGMA="" RTLNAME="icmp_ln923_26_fu_1768_p2" SOURCE="/tools/Xilinx/Vitis_HLS/2023.2/common/technology/autopilot/etc/hls_log_apfixed.h:923" VARIABLE="icmp_ln923_26" MODULE="log10_48_24_s" LOOP="" BUNDLEDNAME="" DSP="0" BRAM="0" URAM="0" USAGE="" STORAGESUBTYPE="" STORAGESIZE=""/>
	<BindNode BINDTYPE="op" DISPLAY="bind_op select" ID="" IMPL="auto_sel" LATENCY="0" OPTYPE="select" PRAGMA="" RTLNAME="select_ln923_23_fu_1774_p3" SOURCE="/tools/Xilinx/Vitis_HLS/2023.2/common/technology/autopilot/etc/hls_log_apfixed.h:923" VARIABLE="select_ln923_23" MODULE="log10_48_24_s" LOOP="" BUNDLEDNAME="" DSP="0" BRAM="0" URAM="0" USAGE="" STORAGESUBTYPE="" STORAGESIZE=""/>
	<BindNode BINDTYPE="op" DISPLAY="bind_op mul" ID="" IMPL="auto" LATENCY="2" OPTYPE="mul" PRAGMA="" RTLNAME="mul_6s_43ns_47_3_1_U1" SOURCE="/tools/Xilinx/Vitis_HLS/2023.2/common/technology/autopilot/etc/hls_log_apfixed.h:970" VARIABLE="mul_ln970_1" MODULE="log10_48_24_s" LOOP="" BUNDLEDNAME="" DSP="2" BRAM="0" URAM="0" USAGE="" STORAGESUBTYPE="" STORAGESIZE=""/>
	<BindNode BINDTYPE="op" DISPLAY="bind_op mul" ID="" IMPL="auto" LATENCY="4" OPTYPE="mul" PRAGMA="" RTLNAME="mul_58s_6ns_58_5_1_U4" SOURCE="/tools/Xilinx/Vitis_HLS/2023.2/common/technology/autopilot/etc/hls_log_apfixed.h:950" VARIABLE="b_frac1" MODULE="log10_48_24_s" LOOP="" BUNDLEDNAME="" DSP="3" BRAM="0" URAM="0" USAGE="" STORAGESUBTYPE="" STORAGESIZE=""/>
	<BindNode BINDTYPE="op" DISPLAY="bind_op select" ID="" IMPL="auto_sel" LATENCY="0" OPTYPE="select" PRAGMA="" RTLNAME="select_ln156_fu_2163_p3" SOURCE="/tools/Xilinx/Vitis_HLS/2023.2/common/technology/autopilot/etc/hls_log_apfixed.h:156" VARIABLE="select_ln156" MODULE="log10_48_24_s" LOOP="" BUNDLEDNAME="" DSP="0" BRAM="0" URAM="0" USAGE="" STORAGESUBTYPE="" STORAGESIZE=""/>
	<BindNode BINDTYPE="op" DISPLAY="bind_op mul" ID="" IMPL="auto" LATENCY="1" OPTYPE="mul" PRAGMA="" RTLNAME="mul_38ns_4ns_42_2_1_U5" SOURCE="/tools/Xilinx/Vitis_HLS/2023.2/common/technology/autopilot/etc/hls_log_apfixed.h:158" VARIABLE="mul_ln158" MODULE="log10_48_24_s" LOOP="" BUNDLEDNAME="" DSP="0" BRAM="0" URAM="0" USAGE="" STORAGESUBTYPE="" STORAGESIZE=""/>
	<BindNode BINDTYPE="op" DISPLAY="bind_op mul" ID="" IMPL="auto" LATENCY="1" OPTYPE="mul" PRAGMA="" RTLNAME="mul_30ns_6ns_36_2_1_U2" SOURCE="/tools/Xilinx/Vitis_HLS/2023.2/common/technology/autopilot/etc/hls_log_apfixed.h:158" VARIABLE="mul_ln158_1" MODULE="log10_48_24_s" LOOP="" BUNDLEDNAME="" DSP="2" BRAM="0" URAM="0" USAGE="" STORAGESUBTYPE="" STORAGESIZE=""/>
	<BindNode BINDTYPE="op" DISPLAY="bind_op mul" ID="" IMPL="auto" LATENCY="0" OPTYPE="mul" PRAGMA="" RTLNAME="mul_14ns_14ns_28_1_1_U6" SOURCE="/tools/Xilinx/Vitis_HLS/2023.2/common/technology/autopilot/etc/hls_log_apfixed.h:962" VARIABLE="mul_ln962" MODULE="log10_48_24_s" LOOP="" BUNDLEDNAME="" DSP="1" BRAM="0" URAM="0" USAGE="" STORAGESUBTYPE="" STORAGESIZE=""/>
	<BindNode BINDTYPE="op" DISPLAY="bind_op sub" ID="" IMPL="fabric" LATENCY="0" OPTYPE="sub" PRAGMA="" RTLNAME="sub_ln962_fu_2355_p2" SOURCE="/tools/Xilinx/Vitis_HLS/2023.2/common/technology/autopilot/etc/hls_log_apfixed.h:962" VARIABLE="sub_ln962" MODULE="log10_48_24_s" LOOP="" BUNDLEDNAME="" DSP="0" BRAM="0" URAM="0" USAGE="" STORAGESUBTYPE="" STORAGESIZE=""/>
	<BindNode BINDTYPE="op" DISPLAY="bind_op add" ID="" IMPL="fabric" LATENCY="0" OPTYPE="add" PRAGMA="" RTLNAME="add_ln964_1_fu_2375_p2" SOURCE="/tools/Xilinx/Vitis_HLS/2023.2/common/technology/autopilot/etc/hls_log_apfixed.h:964" VARIABLE="add_ln964_1" MODULE="log10_48_24_s" LOOP="" BUNDLEDNAME="" DSP="0" BRAM="0" URAM="0" USAGE="" STORAGESUBTYPE="" STORAGESIZE=""/>
	<BindNode BINDTYPE="op" DISPLAY="bind_op mul" ID="" IMPL="auto" LATENCY="2" OPTYPE="mul" PRAGMA="" RTLNAME="mul_37s_43ns_79_3_1_U3" SOURCE="/tools/Xilinx/Vitis_HLS/2023.2/common/technology/autopilot/etc/hls_log_apfixed.h:970" VARIABLE="mul_ln970" MODULE="log10_48_24_s" LOOP="" BUNDLEDNAME="" DSP="6" BRAM="0" URAM="0" USAGE="" STORAGESUBTYPE="" STORAGESIZE=""/>
	<BindNode BINDTYPE="op" DISPLAY="bind_op add" ID="" IMPL="fabric" LATENCY="0" OPTYPE="add" PRAGMA="" RTLNAME="add_ln970_fu_2418_p2" SOURCE="/tools/Xilinx/Vitis_HLS/2023.2/common/technology/autopilot/etc/hls_log_apfixed.h:970" VARIABLE="add_ln970" MODULE="log10_48_24_s" LOOP="" BUNDLEDNAME="" DSP="0" BRAM="0" URAM="0" USAGE="" STORAGESUBTYPE="" STORAGESIZE=""/>
	<BindNode BINDTYPE="storage" DISPLAY="bind_storage rom_1p" ID="" IMPL="auto" LATENCY="1" OPTYPE="rom_1p" PRAGMA="" RTLNAME="log_apfixed_reduce_log_inverse_lut_table_array_U" SOURCE="" VARIABLE="log_apfixed_reduce_log_inverse_lut_table_array" MODULE="log10_48_24_s" LOOP="" BUNDLEDNAME="" DSP="0" BRAM="0" URAM="0" USAGE="" STORAGESUBTYPE="" STORAGESIZE="6 64 1"/>
	<BindNode BINDTYPE="storage" DISPLAY="bind_storage rom_1p" ID="" IMPL="auto" LATENCY="1" OPTYPE="rom_1p" PRAGMA="" RTLNAME="log_apfixed_reduce_log0_lut_table_ap_fixed_0_5_64_array_U" SOURCE="" VARIABLE="log_apfixed_reduce_log0_lut_table_ap_fixed_0_5_64_array" MODULE="log10_48_24_s" LOOP="" BUNDLEDNAME="" DSP="0" BRAM="2" URAM="0" USAGE="" STORAGESUBTYPE="" STORAGESIZE="37 64 1"/>
	<BindNode BINDTYPE="storage" DISPLAY="bind_storage rom_1p" ID="" IMPL="auto" LATENCY="1" OPTYPE="rom_1p" PRAGMA="" RTLNAME="log_apfixed_reduce_log_lut_table_ap_fixed_4_4_16_array_U" SOURCE="" VARIABLE="log_apfixed_reduce_log_lut_table_ap_fixed_4_4_16_array" MODULE="log10_48_24_s" LOOP="" BUNDLEDNAME="" DSP="0" BRAM="0" URAM="0" USAGE="" STORAGESUBTYPE="" STORAGESIZE="33 16 1"/>
	<BindNode BINDTYPE="storage" DISPLAY="bind_storage rom_1p" ID="" IMPL="auto" LATENCY="1" OPTYPE="rom_1p" PRAGMA="" RTLNAME="log_apfixed_reduce_log_lut_table_ap_fixed_7_6_64_array_U" SOURCE="" VARIABLE="log_apfixed_reduce_log_lut_table_ap_fixed_7_6_64_array" MODULE="log10_48_24_s" LOOP="" BUNDLEDNAME="" DSP="0" BRAM="1" URAM="0" USAGE="" STORAGESUBTYPE="" STORAGESIZE="30 64 1"/>
	<BindNode BINDTYPE="op" DISPLAY="bind_op sub" ID="" IMPL="fabric" LATENCY="0" OPTYPE="sub" PRAGMA="" RTLNAME="sub_ln152_fu_83_p2" SOURCE="/tools/Xilinx/Vitis_HLS/2023.2/common/technology/autopilot/etc/hls_round_copysign_apfixed.h:152" VARIABLE="sub_ln152" MODULE="dbfs_converter" LOOP="" BUNDLEDNAME="" DSP="0" BRAM="0" URAM="0" USAGE="" STORAGESUBTYPE="" STORAGESIZE=""/>
	<BindNode BINDTYPE="op" DISPLAY="bind_op select" ID="" IMPL="auto_sel" LATENCY="0" OPTYPE="select" PRAGMA="" RTLNAME="select_ln154_fu_107_p3" SOURCE="/tools/Xilinx/Vitis_HLS/2023.2/common/technology/autopilot/etc/hls_round_copysign_apfixed.h:154" VARIABLE="select_ln154" MODULE="dbfs_converter" LOOP="" BUNDLEDNAME="" DSP="0" BRAM="0" URAM="0" USAGE="" STORAGESUBTYPE="" STORAGESIZE=""/>
	<BindNode BINDTYPE="op" DISPLAY="bind_op sub" ID="" IMPL="fabric" LATENCY="0" OPTYPE="sub" PRAGMA="" RTLNAME="sub_ln7_fu_140_p2" SOURCE="dbfs_converter.cpp:7" VARIABLE="sub_ln7" MODULE="dbfs_converter" LOOP="" BUNDLEDNAME="" DSP="0" BRAM="0" URAM="0" USAGE="" STORAGESUBTYPE="" STORAGESIZE=""/>
	<BindNode BINDTYPE="op" DISPLAY="bind_op sub" ID="" IMPL="fabric" LATENCY="0" OPTYPE="sub" PRAGMA="" RTLNAME="sub_ln7_1_fu_163_p2" SOURCE="dbfs_converter.cpp:7" VARIABLE="sub_ln7_1" MODULE="dbfs_converter" LOOP="" BUNDLEDNAME="" DSP="0" BRAM="0" URAM="0" USAGE="" STORAGESUBTYPE="" STORAGESIZE=""/>
	<BindNode BINDTYPE="op" DISPLAY="bind_op select" ID="" IMPL="auto_sel" LATENCY="0" OPTYPE="select" PRAGMA="" RTLNAME="x_fu_169_p3" SOURCE="dbfs_converter.cpp:7" VARIABLE="x" MODULE="dbfs_converter" LOOP="" BUNDLEDNAME="" DSP="0" BRAM="0" URAM="0" USAGE="" STORAGESUBTYPE="" STORAGESIZE=""/>
	<BindNode BINDTYPE="op" DISPLAY="bind_op add" ID="" IMPL="fabric" LATENCY="0" OPTYPE="add" PRAGMA="" RTLNAME="add_ln8_fu_198_p2" SOURCE="dbfs_converter.cpp:8" VARIABLE="add_ln8" MODULE="dbfs_converter" LOOP="" BUNDLEDNAME="" DSP="0" BRAM="0" URAM="0" USAGE="" STORAGESUBTYPE="" STORAGESIZE=""/>
</BindInfo>
