<xilinx:hls_fe_msgs>
    <msg msg_groups="PRAGMA_VERBOSE_DUMP" msg_id="207-5471" msg_severity="WARNING" msg_loc="/tools/Xilinx/Vitis_HLS/2023.2/common/technology/autopilot/utils/x_hls_utils.h:224:9" msg_body="HLS pragma dump">
        <args ARG_PragmaFunction="reg" ARG_PragmaIsValid="1" ARG_PragmaOptions="II=1" ARG_PragmaType="pipeline" ClangWarningOption="dump-hls-pragmas"/>
    </msg>
    <msg msg_groups="PRAGMA_VERBOSE_DUMP" msg_id="207-5471" msg_severity="WARNING" msg_loc="/tools/Xilinx/Vitis_HLS/2023.2/common/technology/autopilot/utils/x_hls_utils.h:225:9" msg_body="HLS pragma dump">
        <args ARG_PragmaFunction="reg" ARG_PragmaIsValid="1" ARG_PragmaOptions="min=1 max=1" ARG_PragmaType="latency" ClangWarningOption="dump-hls-pragmas"/>
    </msg>
    <msg msg_groups="PRAGMA_VERBOSE_DUMP" msg_id="207-5471" msg_severity="WARNING" msg_loc="/tools/Xilinx/Vitis_HLS/2023.2/common/technology/autopilot/utils/x_hls_utils.h:226:9" msg_body="HLS pragma dump">
        <args ARG_PragmaFunction="reg" ARG_PragmaIsValid="1" ARG_PragmaOptions="off" ARG_PragmaType="inline" ClangWarningOption="dump-hls-pragmas"/>
    </msg>
    <msg msg_groups="PRAGMA_VERBOSE_DUMP" msg_id="207-5471" msg_severity="WARNING" msg_loc="/tools/Xilinx/Vitis_HLS/2023.2/common/technology/autopilot/etc/hls_hotbm_apfixed.h:90:9" msg_body="HLS pragma dump">
        <args ARG_PragmaFunction="sin_or_cos_approximation" ARG_PragmaIsValid="1" ARG_PragmaOptions="variable=swap_table complete" ARG_PragmaType="array_partition" ClangWarningOption="dump-hls-pragmas"/>
    </msg>
    <msg msg_groups="PRAGMA_VERBOSE_DUMP" msg_id="207-5471" msg_severity="WARNING" msg_loc="/tools/Xilinx/Vitis_HLS/2023.2/common/technology/autopilot/etc/hls_hotbm_apfixed.h:91:9" msg_body="HLS pragma dump">
        <args ARG_PragmaFunction="sin_or_cos_approximation" ARG_PragmaIsValid="1" ARG_PragmaOptions="variable=fourth_order_double::sin_cos_K0 type=ROM_1P impl=LUTRAM" ARG_PragmaType="bind_storage" ClangWarningOption="dump-hls-pragmas"/>
    </msg>
    <msg msg_groups="PRAGMA_VERBOSE_DUMP" msg_id="207-5471" msg_severity="WARNING" msg_loc="/tools/Xilinx/Vitis_HLS/2023.2/common/technology/autopilot/etc/hls_hotbm_apfixed.h:92:9" msg_body="HLS pragma dump">
        <args ARG_PragmaFunction="sin_or_cos_approximation" ARG_PragmaIsValid="1" ARG_PragmaOptions="variable=fourth_order_double::sin_cos_K1 type=ROM_1P impl=LUTRAM" ARG_PragmaType="bind_storage" ClangWarningOption="dump-hls-pragmas"/>
    </msg>
    <msg msg_groups="PRAGMA_VERBOSE_DUMP" msg_id="207-5471" msg_severity="WARNING" msg_loc="/tools/Xilinx/Vitis_HLS/2023.2/common/technology/autopilot/etc/hls_hotbm_apfixed.h:93:9" msg_body="HLS pragma dump">
        <args ARG_PragmaFunction="sin_or_cos_approximation" ARG_PragmaIsValid="1" ARG_PragmaOptions="variable=fourth_order_double::sin_cos_K2 type=ROM_1P impl=LUTRAM" ARG_PragmaType="bind_storage" ClangWarningOption="dump-hls-pragmas"/>
    </msg>
    <msg msg_groups="PRAGMA_VERBOSE_DUMP" msg_id="207-5471" msg_severity="WARNING" msg_loc="/tools/Xilinx/Vitis_HLS/2023.2/common/technology/autopilot/etc/hls_hotbm_apfixed.h:94:9" msg_body="HLS pragma dump">
        <args ARG_PragmaFunction="sin_or_cos_approximation" ARG_PragmaIsValid="1" ARG_PragmaOptions="variable=fourth_order_double::sin_cos_K3 type=ROM_1P impl=LUTRAM" ARG_PragmaType="bind_storage" ClangWarningOption="dump-hls-pragmas"/>
    </msg>
    <msg msg_groups="PRAGMA_VERBOSE_DUMP" msg_id="207-5471" msg_severity="WARNING" msg_loc="/tools/Xilinx/Vitis_HLS/2023.2/common/technology/autopilot/etc/hls_hotbm_apfixed.h:95:9" msg_body="HLS pragma dump">
        <args ARG_PragmaFunction="sin_or_cos_approximation" ARG_PragmaIsValid="1" ARG_PragmaOptions="variable=fourth_order_double::sin_cos_K4 type=ROM_1P impl=LUTRAM" ARG_PragmaType="bind_storage" ClangWarningOption="dump-hls-pragmas"/>
    </msg>
    <msg msg_groups="PRAGMA_VERBOSE_DUMP" msg_id="207-5471" msg_severity="WARNING" msg_loc="/tools/Xilinx/Vitis_HLS/2023.2/common/technology/autopilot/etc/hls_hotbm_apfixed.h:125:9" msg_body="HLS pragma dump">
        <args ARG_PragmaFunction="sincos_approximation" ARG_PragmaIsValid="1" ARG_PragmaOptions="variable=fourth_order_double::cos_K0 type=ROM_1P impl=LUTRAM" ARG_PragmaType="bind_storage" ClangWarningOption="dump-hls-pragmas"/>
    </msg>
    <msg msg_groups="PRAGMA_VERBOSE_DUMP" msg_id="207-5471" msg_severity="WARNING" msg_loc="/tools/Xilinx/Vitis_HLS/2023.2/common/technology/autopilot/etc/hls_hotbm_apfixed.h:126:9" msg_body="HLS pragma dump">
        <args ARG_PragmaFunction="sincos_approximation" ARG_PragmaIsValid="1" ARG_PragmaOptions="variable=fourth_order_double::cos_K1 type=ROM_1P impl=LUTRAM" ARG_PragmaType="bind_storage" ClangWarningOption="dump-hls-pragmas"/>
    </msg>
    <msg msg_groups="PRAGMA_VERBOSE_DUMP" msg_id="207-5471" msg_severity="WARNING" msg_loc="/tools/Xilinx/Vitis_HLS/2023.2/common/technology/autopilot/etc/hls_hotbm_apfixed.h:127:9" msg_body="HLS pragma dump">
        <args ARG_PragmaFunction="sincos_approximation" ARG_PragmaIsValid="1" ARG_PragmaOptions="variable=fourth_order_double::cos_K2 type=ROM_1P impl=LUTRAM" ARG_PragmaType="bind_storage" ClangWarningOption="dump-hls-pragmas"/>
    </msg>
    <msg msg_groups="PRAGMA_VERBOSE_DUMP" msg_id="207-5471" msg_severity="WARNING" msg_loc="/tools/Xilinx/Vitis_HLS/2023.2/common/technology/autopilot/etc/hls_hotbm_apfixed.h:128:9" msg_body="HLS pragma dump">
        <args ARG_PragmaFunction="sincos_approximation" ARG_PragmaIsValid="1" ARG_PragmaOptions="variable=fourth_order_double::cos_K3 type=ROM_1P impl=LUTRAM" ARG_PragmaType="bind_storage" ClangWarningOption="dump-hls-pragmas"/>
    </msg>
    <msg msg_groups="PRAGMA_VERBOSE_DUMP" msg_id="207-5471" msg_severity="WARNING" msg_loc="/tools/Xilinx/Vitis_HLS/2023.2/common/technology/autopilot/etc/hls_hotbm_apfixed.h:129:9" msg_body="HLS pragma dump">
        <args ARG_PragmaFunction="sincos_approximation" ARG_PragmaIsValid="1" ARG_PragmaOptions="variable=fourth_order_double::cos_K4 type=ROM_1P impl=LUTRAM" ARG_PragmaType="bind_storage" ClangWarningOption="dump-hls-pragmas"/>
    </msg>
    <msg msg_groups="PRAGMA_VERBOSE_DUMP" msg_id="207-5471" msg_severity="WARNING" msg_loc="/tools/Xilinx/Vitis_HLS/2023.2/common/technology/autopilot/etc/hls_hotbm_apfixed.h:130:9" msg_body="HLS pragma dump">
        <args ARG_PragmaFunction="sincos_approximation" ARG_PragmaIsValid="1" ARG_PragmaOptions="variable=fourth_order_double::sin_K0 type=ROM_1P impl=LUTRAM" ARG_PragmaType="bind_storage" ClangWarningOption="dump-hls-pragmas"/>
    </msg>
    <msg msg_groups="PRAGMA_VERBOSE_DUMP" msg_id="207-5471" msg_severity="WARNING" msg_loc="/tools/Xilinx/Vitis_HLS/2023.2/common/technology/autopilot/etc/hls_hotbm_apfixed.h:131:9" msg_body="HLS pragma dump">
        <args ARG_PragmaFunction="sincos_approximation" ARG_PragmaIsValid="1" ARG_PragmaOptions="variable=fourth_order_double::sin_K1 type=ROM_1P impl=LUTRAM" ARG_PragmaType="bind_storage" ClangWarningOption="dump-hls-pragmas"/>
    </msg>
    <msg msg_groups="PRAGMA_VERBOSE_DUMP" msg_id="207-5471" msg_severity="WARNING" msg_loc="/tools/Xilinx/Vitis_HLS/2023.2/common/technology/autopilot/etc/hls_hotbm_apfixed.h:132:9" msg_body="HLS pragma dump">
        <args ARG_PragmaFunction="sincos_approximation" ARG_PragmaIsValid="1" ARG_PragmaOptions="variable=fourth_order_double::sin_K2 type=ROM_1P impl=LUTRAM" ARG_PragmaType="bind_storage" ClangWarningOption="dump-hls-pragmas"/>
    </msg>
    <msg msg_groups="PRAGMA_VERBOSE_DUMP" msg_id="207-5471" msg_severity="WARNING" msg_loc="/tools/Xilinx/Vitis_HLS/2023.2/common/technology/autopilot/etc/hls_hotbm_apfixed.h:133:9" msg_body="HLS pragma dump">
        <args ARG_PragmaFunction="sincos_approximation" ARG_PragmaIsValid="1" ARG_PragmaOptions="variable=fourth_order_double::sin_K3 type=ROM_1P impl=LUTRAM" ARG_PragmaType="bind_storage" ClangWarningOption="dump-hls-pragmas"/>
    </msg>
    <msg msg_groups="PRAGMA_VERBOSE_DUMP" msg_id="207-5471" msg_severity="WARNING" msg_loc="/tools/Xilinx/Vitis_HLS/2023.2/common/technology/autopilot/etc/hls_hotbm_apfixed.h:134:9" msg_body="HLS pragma dump">
        <args ARG_PragmaFunction="sincos_approximation" ARG_PragmaIsValid="1" ARG_PragmaOptions="variable=fourth_order_double::sin_K4 type=ROM_1P impl=LUTRAM" ARG_PragmaType="bind_storage" ClangWarningOption="dump-hls-pragmas"/>
    </msg>
    <msg msg_groups="PRAGMA_VERBOSE_DUMP" msg_id="207-5471" msg_severity="WARNING" msg_loc="/tools/Xilinx/Vitis_HLS/2023.2/common/technology/autopilot/etc/hls_hotbm_apfixed.h:183:9" msg_body="HLS pragma dump">
        <args ARG_PragmaFunction="sin_or_cos_approximation" ARG_PragmaIsValid="1" ARG_PragmaOptions="variable=swap_table complete" ARG_PragmaType="array_partition" ClangWarningOption="dump-hls-pragmas"/>
    </msg>
    <msg msg_groups="PRAGMA_VERBOSE_DUMP" msg_id="207-5471" msg_severity="WARNING" msg_loc="/tools/Xilinx/Vitis_HLS/2023.2/common/technology/autopilot/etc/hls_hotbm_apfixed.h:184:9" msg_body="HLS pragma dump">
        <args ARG_PragmaFunction="sin_or_cos_approximation" ARG_PragmaIsValid="1" ARG_PragmaOptions="variable=second_order_float::sin_cos_K0 type=ROM_1P impl=LUTRAM" ARG_PragmaType="bind_storage" ClangWarningOption="dump-hls-pragmas"/>
    </msg>
    <msg msg_groups="PRAGMA_VERBOSE_DUMP" msg_id="207-5471" msg_severity="WARNING" msg_loc="/tools/Xilinx/Vitis_HLS/2023.2/common/technology/autopilot/etc/hls_hotbm_apfixed.h:185:9" msg_body="HLS pragma dump">
        <args ARG_PragmaFunction="sin_or_cos_approximation" ARG_PragmaIsValid="1" ARG_PragmaOptions="variable=second_order_float::sin_cos_K1 type=ROM_1P impl=LUTRAM" ARG_PragmaType="bind_storage" ClangWarningOption="dump-hls-pragmas"/>
    </msg>
    <msg msg_groups="PRAGMA_VERBOSE_DUMP" msg_id="207-5471" msg_severity="WARNING" msg_loc="/tools/Xilinx/Vitis_HLS/2023.2/common/technology/autopilot/etc/hls_hotbm_apfixed.h:186:9" msg_body="HLS pragma dump">
        <args ARG_PragmaFunction="sin_or_cos_approximation" ARG_PragmaIsValid="1" ARG_PragmaOptions="variable=second_order_float::sin_cos_K2 type=ROM_1P impl=LUTRAM" ARG_PragmaType="bind_storage" ClangWarningOption="dump-hls-pragmas"/>
    </msg>
    <msg msg_groups="PRAGMA_VERBOSE_DUMP" msg_id="207-5471" msg_severity="WARNING" msg_loc="/tools/Xilinx/Vitis_HLS/2023.2/common/technology/autopilot/etc/hls_hotbm_apfixed.h:213:9" msg_body="HLS pragma dump">
        <args ARG_PragmaFunction="sincos_approximation" ARG_PragmaIsValid="1" ARG_PragmaOptions="variable=second_order_float::cos_K0 type=ROM_1P impl=LUTRAM" ARG_PragmaType="bind_storage" ClangWarningOption="dump-hls-pragmas"/>
    </msg>
    <msg msg_groups="PRAGMA_VERBOSE_DUMP" msg_id="207-5471" msg_severity="WARNING" msg_loc="/tools/Xilinx/Vitis_HLS/2023.2/common/technology/autopilot/etc/hls_hotbm_apfixed.h:214:9" msg_body="HLS pragma dump">
        <args ARG_PragmaFunction="sincos_approximation" ARG_PragmaIsValid="1" ARG_PragmaOptions="variable=second_order_float::cos_K1 type=ROM_1P impl=LUTRAM" ARG_PragmaType="bind_storage" ClangWarningOption="dump-hls-pragmas"/>
    </msg>
    <msg msg_groups="PRAGMA_VERBOSE_DUMP" msg_id="207-5471" msg_severity="WARNING" msg_loc="/tools/Xilinx/Vitis_HLS/2023.2/common/technology/autopilot/etc/hls_hotbm_apfixed.h:215:9" msg_body="HLS pragma dump">
        <args ARG_PragmaFunction="sincos_approximation" ARG_PragmaIsValid="1" ARG_PragmaOptions="variable=second_order_float::cos_K2 type=ROM_1P impl=LUTRAM" ARG_PragmaType="bind_storage" ClangWarningOption="dump-hls-pragmas"/>
    </msg>
    <msg msg_groups="PRAGMA_VERBOSE_DUMP" msg_id="207-5471" msg_severity="WARNING" msg_loc="/tools/Xilinx/Vitis_HLS/2023.2/common/technology/autopilot/etc/hls_hotbm_apfixed.h:216:9" msg_body="HLS pragma dump">
        <args ARG_PragmaFunction="sincos_approximation" ARG_PragmaIsValid="1" ARG_PragmaOptions="variable=second_order_float::sin_K0 type=ROM_1P impl=LUTRAM" ARG_PragmaType="bind_storage" ClangWarningOption="dump-hls-pragmas"/>
    </msg>
    <msg msg_groups="PRAGMA_VERBOSE_DUMP" msg_id="207-5471" msg_severity="WARNING" msg_loc="/tools/Xilinx/Vitis_HLS/2023.2/common/technology/autopilot/etc/hls_hotbm_apfixed.h:217:9" msg_body="HLS pragma dump">
        <args ARG_PragmaFunction="sincos_approximation" ARG_PragmaIsValid="1" ARG_PragmaOptions="variable=second_order_float::sin_K1 type=ROM_1P impl=LUTRAM" ARG_PragmaType="bind_storage" ClangWarningOption="dump-hls-pragmas"/>
    </msg>
    <msg msg_groups="PRAGMA_VERBOSE_DUMP" msg_id="207-5471" msg_severity="WARNING" msg_loc="/tools/Xilinx/Vitis_HLS/2023.2/common/technology/autopilot/etc/hls_hotbm_apfixed.h:218:9" msg_body="HLS pragma dump">
        <args ARG_PragmaFunction="sincos_approximation" ARG_PragmaIsValid="1" ARG_PragmaOptions="variable=second_order_float::sin_K2 type=ROM_1P impl=LUTRAM" ARG_PragmaType="bind_storage" ClangWarningOption="dump-hls-pragmas"/>
    </msg>
    <msg msg_groups="PRAGMA_VERBOSE_DUMP" msg_id="207-5471" msg_severity="WARNING" msg_loc="/tools/Xilinx/Vitis_HLS/2023.2/common/technology/autopilot/etc/hls_hotbm_apfixed.h:254:9" msg_body="HLS pragma dump">
        <args ARG_PragmaFunction="sin_or_cos_approximation" ARG_PragmaIsValid="1" ARG_PragmaOptions="variable=first_order_fixed_16::sin_cos_K0 type=ROM_1P impl=LUTRAM" ARG_PragmaType="bind_storage" ClangWarningOption="dump-hls-pragmas"/>
    </msg>
    <msg msg_groups="PRAGMA_VERBOSE_DUMP" msg_id="207-5471" msg_severity="WARNING" msg_loc="/tools/Xilinx/Vitis_HLS/2023.2/common/technology/autopilot/etc/hls_hotbm_apfixed.h:255:9" msg_body="HLS pragma dump">
        <args ARG_PragmaFunction="sin_or_cos_approximation" ARG_PragmaIsValid="1" ARG_PragmaOptions="variable=first_order_fixed_16::sin_cos_K1 type=ROM_1P impl=LUTRAM" ARG_PragmaType="bind_storage" ClangWarningOption="dump-hls-pragmas"/>
    </msg>
    <msg msg_groups="PRAGMA_VERBOSE_DUMP" msg_id="207-5471" msg_severity="WARNING" msg_loc="/tools/Xilinx/Vitis_HLS/2023.2/common/technology/autopilot/etc/hls_hotbm_apfixed.h:284:9" msg_body="HLS pragma dump">
        <args ARG_PragmaFunction="sinf_or_cosf" ARG_PragmaIsValid="1" ARG_PragmaOptions="variable=swap_table complete" ARG_PragmaType="array_partition" ClangWarningOption="dump-hls-pragmas"/>
    </msg>
    <msg msg_groups="PRAGMA_VERBOSE_DUMP" msg_id="207-5471" msg_severity="WARNING" msg_loc="/tools/Xilinx/Vitis_HLS/2023.2/common/technology/autopilot/etc/hls_hotbm_apfixed.h:285:9" msg_body="HLS pragma dump">
        <args ARG_PragmaFunction="sinf_or_cosf" ARG_PragmaIsValid="1" ARG_PragmaOptions="variable=neg_sin_table complete" ARG_PragmaType="array_partition" ClangWarningOption="dump-hls-pragmas"/>
    </msg>
    <msg msg_groups="PRAGMA_VERBOSE_DUMP" msg_id="207-5471" msg_severity="WARNING" msg_loc="/tools/Xilinx/Vitis_HLS/2023.2/common/technology/autopilot/etc/hls_hotbm_apfixed.h:286:9" msg_body="HLS pragma dump">
        <args ARG_PragmaFunction="sinf_or_cosf" ARG_PragmaIsValid="1" ARG_PragmaOptions="variable=neg_cos_table complete" ARG_PragmaType="array_partition" ClangWarningOption="dump-hls-pragmas"/>
    </msg>
    <msg msg_groups="PRAGMA_VERBOSE_DUMP" msg_id="207-5471" msg_severity="WARNING" msg_loc="/tools/Xilinx/Vitis_HLS/2023.2/common/technology/autopilot/etc/hls_hotbm_apfixed.h:356:9" msg_body="HLS pragma dump">
        <args ARG_PragmaFunction="sinf_or_cosf" ARG_PragmaIsValid="1" ARG_PragmaOptions="variable=swap_table complete" ARG_PragmaType="array_partition" ClangWarningOption="dump-hls-pragmas"/>
    </msg>
    <msg msg_groups="PRAGMA_VERBOSE_DUMP" msg_id="207-5471" msg_severity="WARNING" msg_loc="/tools/Xilinx/Vitis_HLS/2023.2/common/technology/autopilot/etc/hls_hotbm_apfixed.h:357:9" msg_body="HLS pragma dump">
        <args ARG_PragmaFunction="sinf_or_cosf" ARG_PragmaIsValid="1" ARG_PragmaOptions="variable=neg_sin_table complete" ARG_PragmaType="array_partition" ClangWarningOption="dump-hls-pragmas"/>
    </msg>
    <msg msg_groups="PRAGMA_VERBOSE_DUMP" msg_id="207-5471" msg_severity="WARNING" msg_loc="/tools/Xilinx/Vitis_HLS/2023.2/common/technology/autopilot/etc/hls_hotbm_apfixed.h:358:9" msg_body="HLS pragma dump">
        <args ARG_PragmaFunction="sinf_or_cosf" ARG_PragmaIsValid="1" ARG_PragmaOptions="variable=neg_cos_table complete" ARG_PragmaType="array_partition" ClangWarningOption="dump-hls-pragmas"/>
    </msg>
    <msg msg_groups="PRAGMA_VERBOSE_DUMP" msg_id="207-5471" msg_severity="WARNING" msg_loc="/tools/Xilinx/Vitis_HLS/2023.2/common/technology/autopilot/etc/hls_hotbm_apfixed.h:427:9" msg_body="HLS pragma dump">
        <args ARG_PragmaFunction="sinf_or_cosf" ARG_PragmaIsValid="1" ARG_PragmaOptions="variable=neg_sin_table complete" ARG_PragmaType="array_partition" ClangWarningOption="dump-hls-pragmas"/>
    </msg>
    <msg msg_groups="PRAGMA_VERBOSE_DUMP" msg_id="207-5471" msg_severity="WARNING" msg_loc="/tools/Xilinx/Vitis_HLS/2023.2/common/technology/autopilot/etc/hls_hotbm_apfixed.h:428:9" msg_body="HLS pragma dump">
        <args ARG_PragmaFunction="sinf_or_cosf" ARG_PragmaIsValid="1" ARG_PragmaOptions="variable=neg_cos_table complete" ARG_PragmaType="array_partition" ClangWarningOption="dump-hls-pragmas"/>
    </msg>
    <msg msg_groups="PRAGMA_VERBOSE_DUMP" msg_id="207-5471" msg_severity="WARNING" msg_loc="/tools/Xilinx/Vitis_HLS/2023.2/common/technology/autopilot/etc/hls_cordic_apfixed.h:62:9" msg_body="HLS pragma dump">
        <args ARG_PragmaFunction="cordic_circ_apfixed" ARG_PragmaIsValid="1" ARG_PragmaType="pipeline" ClangWarningOption="dump-hls-pragmas"/>
    </msg>
    <msg msg_groups="PRAGMA_VERBOSE_DUMP" msg_id="207-5471" msg_severity="WARNING" msg_loc="/tools/Xilinx/Vitis_HLS/2023.2/common/technology/autopilot/etc/hls_cordic_apfixed.h:120:9" msg_body="HLS pragma dump">
        <args ARG_PragmaFunction="doublecordic_apfixed" ARG_PragmaIsValid="1" ARG_PragmaOptions="II=5" ARG_PragmaType="pipeline" ClangWarningOption="dump-hls-pragmas"/>
    </msg>
    <msg msg_groups="PRAGMA_VERBOSE_DUMP" msg_id="207-5471" msg_severity="WARNING" msg_loc="/tools/Xilinx/Vitis_HLS/2023.2/common/technology/autopilot/etc/hls_cordic_apfixed.h:123:9" msg_body="HLS pragma dump">
        <args ARG_PragmaFunction="doublecordic_apfixed" ARG_PragmaIsValid="1" ARG_PragmaOptions="II=3" ARG_PragmaType="pipeline" ClangWarningOption="dump-hls-pragmas"/>
    </msg>
    <msg msg_groups="PRAGMA_VERBOSE_DUMP" msg_id="207-5471" msg_severity="WARNING" msg_loc="/tools/Xilinx/Vitis_HLS/2023.2/common/technology/autopilot/etc/hls_cordic_apfixed.h:126:9" msg_body="HLS pragma dump">
        <args ARG_PragmaFunction="doublecordic_apfixed" ARG_PragmaIsValid="1" ARG_PragmaOptions="II=1" ARG_PragmaType="pipeline" ClangWarningOption="dump-hls-pragmas"/>
    </msg>
    <msg msg_groups="PRAGMA_VERBOSE_DUMP" msg_id="207-5471" msg_severity="WARNING" msg_loc="/tools/Xilinx/Vitis_HLS/2023.2/common/technology/autopilot/etc/hls_cordic_apfixed.h:129:9" msg_body="HLS pragma dump">
        <args ARG_PragmaFunction="doublecordic_apfixed" ARG_PragmaIsValid="1" ARG_PragmaOptions="II=4" ARG_PragmaType="pipeline" ClangWarningOption="dump-hls-pragmas"/>
    </msg>
    <msg msg_groups="PRAGMA_VERBOSE_DUMP" msg_id="207-5471" msg_severity="WARNING" msg_loc="/tools/Xilinx/Vitis_HLS/2023.2/common/technology/autopilot/etc/hls_cordic_apfixed.h:290:9" msg_body="HLS pragma dump">
        <args ARG_PragmaFunction="generic_tan" ARG_PragmaIsValid="1" ARG_PragmaType="unroll" ClangWarningOption="dump-hls-pragmas"/>
    </msg>
    <msg msg_groups="PRAGMA_VERBOSE_DUMP" msg_id="207-5471" msg_severity="WARNING" msg_loc="/tools/Xilinx/Vitis_HLS/2023.2/common/technology/autopilot/etc/hls_cordic_apfixed.h:450:9" msg_body="HLS pragma dump">
        <args ARG_PragmaFunction="generic_tanpi" ARG_PragmaIsValid="1" ARG_PragmaType="unroll" ClangWarningOption="dump-hls-pragmas"/>
    </msg>
    <msg msg_groups="PRAGMA_VERBOSE_DUMP" msg_id="207-5471" msg_severity="WARNING" msg_loc="/tools/Xilinx/Vitis_HLS/2023.2/common/technology/autopilot/etc/hls_cordic_apfixed.h:630:9" msg_body="HLS pragma dump">
        <args ARG_PragmaFunction="generic_atan2" ARG_PragmaIsValid="1" ARG_PragmaType="unroll" ClangWarningOption="dump-hls-pragmas"/>
    </msg>
    <msg msg_groups="PRAGMA_VERBOSE_DUMP" msg_id="207-5471" msg_severity="WARNING" msg_loc="/tools/Xilinx/Vitis_HLS/2023.2/common/technology/autopilot/etc/hls_cordic_apfixed.h:634:9" msg_body="HLS pragma dump">
        <args ARG_PragmaFunction="generic_atan2" ARG_PragmaIsValid="1" ARG_PragmaType="unroll" ClangWarningOption="dump-hls-pragmas"/>
    </msg>
    <msg msg_groups="PRAGMA_VERBOSE_DUMP" msg_id="207-5471" msg_severity="WARNING" msg_loc="/tools/Xilinx/Vitis_HLS/2023.2/common/technology/autopilot/etc/hls_cordic_apfixed.h:841:9" msg_body="HLS pragma dump">
        <args ARG_PragmaFunction="sinh_cosh_range_redux_cordic" ARG_PragmaIsValid="1" ARG_PragmaType="unroll" ClangWarningOption="dump-hls-pragmas"/>
    </msg>
    <msg msg_groups="PRAGMA_VERBOSE_DUMP" msg_id="207-5471" msg_severity="WARNING" msg_loc="/tools/Xilinx/Vitis_HLS/2023.2/common/technology/autopilot/etc/hls_cordic_apfixed.h:860:9" msg_body="HLS pragma dump">
        <args ARG_PragmaFunction="sinh_cosh_range_redux_cordic" ARG_PragmaIsValid="1" ARG_PragmaType="unroll" ClangWarningOption="dump-hls-pragmas"/>
    </msg>
    <msg msg_groups="PRAGMA_VERBOSE_DUMP" msg_id="207-5471" msg_severity="WARNING" msg_loc="/tools/Xilinx/Vitis_HLS/2023.2/common/technology/autopilot/etc/hls_exp_apfixed.h:15:9" msg_body="HLS pragma dump">
        <args ARG_PragmaFunction="exp" ARG_PragmaIsValid="1" ARG_PragmaType="pipeline" ClangWarningOption="dump-hls-pragmas"/>
    </msg>
    <msg msg_groups="PRAGMA_VERBOSE_DUMP" msg_id="207-5471" msg_severity="WARNING" msg_loc="/tools/Xilinx/Vitis_HLS/2023.2/common/technology/autopilot/etc/hls_exp_apfixed.h:69:9" msg_body="HLS pragma dump">
        <args ARG_PragmaFunction="exp" ARG_PragmaIsValid="1" ARG_PragmaType="unroll" ClangWarningOption="dump-hls-pragmas"/>
    </msg>
    <msg msg_groups="PRAGMA_VERBOSE_DUMP" msg_id="207-5471" msg_severity="WARNING" msg_loc="/tools/Xilinx/Vitis_HLS/2023.2/common/technology/autopilot/etc/hls_exp_apfixed.h:75:9" msg_body="HLS pragma dump">
        <args ARG_PragmaFunction="exp" ARG_PragmaIsValid="1" ARG_PragmaType="unroll" ClangWarningOption="dump-hls-pragmas"/>
    </msg>
    <msg msg_groups="PRAGMA_VERBOSE_DUMP" msg_id="207-5471" msg_severity="WARNING" msg_loc="/tools/Xilinx/Vitis_HLS/2023.2/common/technology/autopilot/etc/hls_exp_apfixed.h:79:9" msg_body="HLS pragma dump">
        <args ARG_PragmaFunction="exp" ARG_PragmaIsValid="1" ARG_PragmaType="unroll" ClangWarningOption="dump-hls-pragmas"/>
    </msg>
    <msg msg_groups="PRAGMA_VERBOSE_DUMP" msg_id="207-5471" msg_severity="WARNING" msg_loc="/tools/Xilinx/Vitis_HLS/2023.2/common/technology/autopilot/etc/hls_exp_apfixed.h:146:9" msg_body="HLS pragma dump">
        <args ARG_PragmaFunction="exp" ARG_PragmaIsValid="1" ARG_PragmaType="unroll" ClangWarningOption="dump-hls-pragmas"/>
    </msg>
    <msg msg_groups="PRAGMA_VERBOSE_DUMP" msg_id="207-5471" msg_severity="WARNING" msg_loc="/tools/Xilinx/Vitis_HLS/2023.2/common/technology/autopilot/etc/hls_exp_apfixed.h:152:9" msg_body="HLS pragma dump">
        <args ARG_PragmaFunction="exp" ARG_PragmaIsValid="1" ARG_PragmaType="unroll" ClangWarningOption="dump-hls-pragmas"/>
    </msg>
    <msg msg_groups="PRAGMA_VERBOSE_DUMP" msg_id="207-5471" msg_severity="WARNING" msg_loc="/tools/Xilinx/Vitis_HLS/2023.2/common/technology/autopilot/etc/hls_exp_apfixed.h:156:9" msg_body="HLS pragma dump">
        <args ARG_PragmaFunction="exp" ARG_PragmaIsValid="1" ARG_PragmaType="unroll" ClangWarningOption="dump-hls-pragmas"/>
    </msg>
    <msg msg_groups="PRAGMA_VERBOSE_DUMP" msg_id="207-5471" msg_severity="WARNING" msg_loc="/tools/Xilinx/Vitis_HLS/2023.2/common/technology/autopilot/etc/hls_exp_apfixed.h:171:9" msg_body="HLS pragma dump">
        <args ARG_PragmaFunction="exp" ARG_PragmaIsValid="1" ARG_PragmaType="unroll" ClangWarningOption="dump-hls-pragmas"/>
    </msg>
    <msg msg_groups="PRAGMA_VERBOSE_DUMP" msg_id="207-5471" msg_severity="WARNING" msg_loc="/tools/Xilinx/Vitis_HLS/2023.2/common/technology/autopilot/etc/hls_exp_apfixed.h:179:9" msg_body="HLS pragma dump">
        <args ARG_PragmaFunction="exp" ARG_PragmaIsValid="1" ARG_PragmaType="unroll" ClangWarningOption="dump-hls-pragmas"/>
    </msg>
    <msg msg_groups="PRAGMA_VERBOSE_DUMP" msg_id="207-5471" msg_severity="WARNING" msg_loc="/tools/Xilinx/Vitis_HLS/2023.2/common/technology/autopilot/etc/hls_exp_apfixed.h:244:9" msg_body="HLS pragma dump">
        <args ARG_PragmaFunction="exp" ARG_PragmaIsValid="1" ARG_PragmaType="unroll" ClangWarningOption="dump-hls-pragmas"/>
    </msg>
    <msg msg_groups="PRAGMA_VERBOSE_DUMP" msg_id="207-5471" msg_severity="WARNING" msg_loc="/tools/Xilinx/Vitis_HLS/2023.2/common/technology/autopilot/etc/hls_exp_apfixed.h:250:9" msg_body="HLS pragma dump">
        <args ARG_PragmaFunction="exp" ARG_PragmaIsValid="1" ARG_PragmaType="unroll" ClangWarningOption="dump-hls-pragmas"/>
    </msg>
    <msg msg_groups="PRAGMA_VERBOSE_DUMP" msg_id="207-5471" msg_severity="WARNING" msg_loc="/tools/Xilinx/Vitis_HLS/2023.2/common/technology/autopilot/etc/hls_exp_apfixed.h:254:9" msg_body="HLS pragma dump">
        <args ARG_PragmaFunction="exp" ARG_PragmaIsValid="1" ARG_PragmaType="unroll" ClangWarningOption="dump-hls-pragmas"/>
    </msg>
    <msg msg_groups="PRAGMA_VERBOSE_DUMP" msg_id="207-5471" msg_severity="WARNING" msg_loc="/tools/Xilinx/Vitis_HLS/2023.2/common/technology/autopilot/etc/hls_exp_apfixed.h:269:9" msg_body="HLS pragma dump">
        <args ARG_PragmaFunction="exp" ARG_PragmaIsValid="1" ARG_PragmaType="unroll" ClangWarningOption="dump-hls-pragmas"/>
    </msg>
    <msg msg_groups="PRAGMA_VERBOSE_DUMP" msg_id="207-5471" msg_severity="WARNING" msg_loc="/tools/Xilinx/Vitis_HLS/2023.2/common/technology/autopilot/etc/hls_exp_apfixed.h:277:9" msg_body="HLS pragma dump">
        <args ARG_PragmaFunction="exp" ARG_PragmaIsValid="1" ARG_PragmaType="unroll" ClangWarningOption="dump-hls-pragmas"/>
    </msg>
    <msg msg_groups="PRAGMA_VERBOSE_DUMP" msg_id="207-5471" msg_severity="WARNING" msg_loc="/tools/Xilinx/Vitis_HLS/2023.2/common/technology/autopilot/etc/hls_exp_apfixed.h:506:9" msg_body="HLS pragma dump">
        <args ARG_PragmaFunction="exp" ARG_PragmaIsValid="1" ARG_PragmaType="unroll" ClangWarningOption="dump-hls-pragmas"/>
    </msg>
    <msg msg_groups="PRAGMA_VERBOSE_DUMP" msg_id="207-5471" msg_severity="WARNING" msg_loc="/tools/Xilinx/Vitis_HLS/2023.2/common/technology/autopilot/etc/hls_exp_apfixed.h:512:9" msg_body="HLS pragma dump">
        <args ARG_PragmaFunction="exp" ARG_PragmaIsValid="1" ARG_PragmaType="unroll" ClangWarningOption="dump-hls-pragmas"/>
    </msg>
    <msg msg_groups="PRAGMA_VERBOSE_DUMP" msg_id="207-5471" msg_severity="WARNING" msg_loc="/tools/Xilinx/Vitis_HLS/2023.2/common/technology/autopilot/etc/hls_exp_apfixed.h:516:9" msg_body="HLS pragma dump">
        <args ARG_PragmaFunction="exp" ARG_PragmaIsValid="1" ARG_PragmaType="unroll" ClangWarningOption="dump-hls-pragmas"/>
    </msg>
    <msg msg_groups="PRAGMA_VERBOSE_DUMP" msg_id="207-5471" msg_severity="WARNING" msg_loc="/tools/Xilinx/Vitis_HLS/2023.2/common/technology/autopilot/etc/hls_exp_apfixed.h:526:9" msg_body="HLS pragma dump">
        <args ARG_PragmaFunction="exp" ARG_PragmaIsValid="1" ARG_PragmaType="unroll" ClangWarningOption="dump-hls-pragmas"/>
    </msg>
    <msg msg_groups="PRAGMA_VERBOSE_DUMP" msg_id="207-5471" msg_severity="WARNING" msg_loc="/tools/Xilinx/Vitis_HLS/2023.2/common/technology/autopilot/etc/hls_exp_apfixed.h:530:9" msg_body="HLS pragma dump">
        <args ARG_PragmaFunction="exp" ARG_PragmaIsValid="1" ARG_PragmaType="unroll" ClangWarningOption="dump-hls-pragmas"/>
    </msg>
    <msg msg_groups="PRAGMA_VERBOSE_DUMP" msg_id="207-5471" msg_severity="WARNING" msg_loc="/tools/Xilinx/Vitis_HLS/2023.2/common/technology/autopilot/etc/hls_exp_apfixed.h:540:9" msg_body="HLS pragma dump">
        <args ARG_PragmaFunction="exp" ARG_PragmaIsValid="1" ARG_PragmaType="unroll" ClangWarningOption="dump-hls-pragmas"/>
    </msg>
    <msg msg_groups="PRAGMA_VERBOSE_DUMP" msg_id="207-5471" msg_severity="WARNING" msg_loc="/tools/Xilinx/Vitis_HLS/2023.2/common/technology/autopilot/etc/hls_exp_apfixed.h:548:9" msg_body="HLS pragma dump">
        <args ARG_PragmaFunction="exp" ARG_PragmaIsValid="1" ARG_PragmaType="unroll" ClangWarningOption="dump-hls-pragmas"/>
    </msg>
    <msg msg_groups="PRAGMA_VERBOSE_DUMP" msg_id="207-5471" msg_severity="WARNING" msg_loc="/tools/Xilinx/Vitis_HLS/2023.2/common/technology/autopilot/etc/hls_exp_apfixed.h:909:9" msg_body="HLS pragma dump">
        <args ARG_PragmaFunction="exp" ARG_PragmaIsValid="1" ARG_PragmaType="unroll" ClangWarningOption="dump-hls-pragmas"/>
    </msg>
    <msg msg_groups="PRAGMA_VERBOSE_DUMP" msg_id="207-5471" msg_severity="WARNING" msg_loc="/tools/Xilinx/Vitis_HLS/2023.2/common/technology/autopilot/etc/hls_exp_apfixed.h:915:9" msg_body="HLS pragma dump">
        <args ARG_PragmaFunction="exp" ARG_PragmaIsValid="1" ARG_PragmaType="unroll" ClangWarningOption="dump-hls-pragmas"/>
    </msg>
    <msg msg_groups="PRAGMA_VERBOSE_DUMP" msg_id="207-5471" msg_severity="WARNING" msg_loc="/tools/Xilinx/Vitis_HLS/2023.2/common/technology/autopilot/etc/hls_exp_apfixed.h:919:9" msg_body="HLS pragma dump">
        <args ARG_PragmaFunction="exp" ARG_PragmaIsValid="1" ARG_PragmaType="unroll" ClangWarningOption="dump-hls-pragmas"/>
    </msg>
    <msg msg_groups="PRAGMA_VERBOSE_DUMP" msg_id="207-5471" msg_severity="WARNING" msg_loc="/tools/Xilinx/Vitis_HLS/2023.2/common/technology/autopilot/etc/hls_exp_apfixed.h:933:9" msg_body="HLS pragma dump">
        <args ARG_PragmaFunction="exp_core" ARG_PragmaIsValid="1" ARG_PragmaType="pipeline" ClangWarningOption="dump-hls-pragmas"/>
    </msg>
    <msg msg_groups="PRAGMA_VERBOSE_DUMP" msg_id="207-5471" msg_severity="WARNING" msg_loc="/tools/Xilinx/Vitis_HLS/2023.2/common/technology/autopilot/etc/hls_exp_apfixed.h:1035:9" msg_body="HLS pragma dump">
        <args ARG_PragmaFunction="exp_core" ARG_PragmaIsValid="1" ARG_PragmaType="unroll" ClangWarningOption="dump-hls-pragmas"/>
    </msg>
    <msg msg_groups="PRAGMA_VERBOSE_DUMP" msg_id="207-5471" msg_severity="WARNING" msg_loc="/tools/Xilinx/Vitis_HLS/2023.2/common/technology/autopilot/etc/hls_exp_apfixed.h:1041:9" msg_body="HLS pragma dump">
        <args ARG_PragmaFunction="exp_core" ARG_PragmaIsValid="1" ARG_PragmaType="unroll" ClangWarningOption="dump-hls-pragmas"/>
    </msg>
    <msg msg_groups="PRAGMA_VERBOSE_DUMP" msg_id="207-5471" msg_severity="WARNING" msg_loc="/tools/Xilinx/Vitis_HLS/2023.2/common/technology/autopilot/etc/hls_exp_apfixed.h:1045:9" msg_body="HLS pragma dump">
        <args ARG_PragmaFunction="exp_core" ARG_PragmaIsValid="1" ARG_PragmaType="unroll" ClangWarningOption="dump-hls-pragmas"/>
    </msg>
    <msg msg_groups="PRAGMA_VERBOSE_DUMP" msg_id="207-5471" msg_severity="WARNING" msg_loc="/tools/Xilinx/Vitis_HLS/2023.2/common/technology/autopilot/etc/hls_exp_apfixed.h:1132:9" msg_body="HLS pragma dump">
        <args ARG_PragmaFunction="exp_core" ARG_PragmaIsValid="1" ARG_PragmaType="unroll" ClangWarningOption="dump-hls-pragmas"/>
    </msg>
    <msg msg_groups="PRAGMA_VERBOSE_DUMP" msg_id="207-5471" msg_severity="WARNING" msg_loc="/tools/Xilinx/Vitis_HLS/2023.2/common/technology/autopilot/etc/hls_exp_apfixed.h:1138:9" msg_body="HLS pragma dump">
        <args ARG_PragmaFunction="exp_core" ARG_PragmaIsValid="1" ARG_PragmaType="unroll" ClangWarningOption="dump-hls-pragmas"/>
    </msg>
    <msg msg_groups="PRAGMA_VERBOSE_DUMP" msg_id="207-5471" msg_severity="WARNING" msg_loc="/tools/Xilinx/Vitis_HLS/2023.2/common/technology/autopilot/etc/hls_exp_apfixed.h:1142:9" msg_body="HLS pragma dump">
        <args ARG_PragmaFunction="exp_core" ARG_PragmaIsValid="1" ARG_PragmaType="unroll" ClangWarningOption="dump-hls-pragmas"/>
    </msg>
    <msg msg_groups="PRAGMA_VERBOSE_DUMP" msg_id="207-5471" msg_severity="WARNING" msg_loc="/tools/Xilinx/Vitis_HLS/2023.2/common/technology/autopilot/etc/hls_exp_apfixed.h:1161:9" msg_body="HLS pragma dump">
        <args ARG_PragmaFunction="exp_core" ARG_PragmaIsValid="1" ARG_PragmaType="unroll" ClangWarningOption="dump-hls-pragmas"/>
    </msg>
    <msg msg_groups="PRAGMA_VERBOSE_DUMP" msg_id="207-5471" msg_severity="WARNING" msg_loc="/tools/Xilinx/Vitis_HLS/2023.2/common/technology/autopilot/etc/hls_exp_apfixed.h:1168:9" msg_body="HLS pragma dump">
        <args ARG_PragmaFunction="exp_core" ARG_PragmaIsValid="1" ARG_PragmaType="unroll" ClangWarningOption="dump-hls-pragmas"/>
    </msg>
    <msg msg_groups="PRAGMA_VERBOSE_DUMP" msg_id="207-5471" msg_severity="WARNING" msg_loc="/tools/Xilinx/Vitis_HLS/2023.2/common/technology/autopilot/etc/hls_exp_apfixed.h:1284:9" msg_body="HLS pragma dump">
        <args ARG_PragmaFunction="exp_core" ARG_PragmaIsValid="1" ARG_PragmaType="unroll" ClangWarningOption="dump-hls-pragmas"/>
    </msg>
    <msg msg_groups="PRAGMA_VERBOSE_DUMP" msg_id="207-5471" msg_severity="WARNING" msg_loc="/tools/Xilinx/Vitis_HLS/2023.2/common/technology/autopilot/etc/hls_exp_apfixed.h:1290:9" msg_body="HLS pragma dump">
        <args ARG_PragmaFunction="exp_core" ARG_PragmaIsValid="1" ARG_PragmaType="unroll" ClangWarningOption="dump-hls-pragmas"/>
    </msg>
    <msg msg_groups="PRAGMA_VERBOSE_DUMP" msg_id="207-5471" msg_severity="WARNING" msg_loc="/tools/Xilinx/Vitis_HLS/2023.2/common/technology/autopilot/etc/hls_exp_apfixed.h:1294:9" msg_body="HLS pragma dump">
        <args ARG_PragmaFunction="exp_core" ARG_PragmaIsValid="1" ARG_PragmaType="unroll" ClangWarningOption="dump-hls-pragmas"/>
    </msg>
    <msg msg_groups="PRAGMA_VERBOSE_DUMP" msg_id="207-5471" msg_severity="WARNING" msg_loc="/tools/Xilinx/Vitis_HLS/2023.2/common/technology/autopilot/etc/hls_exp_apfixed.h:1314:9" msg_body="HLS pragma dump">
        <args ARG_PragmaFunction="exp_core" ARG_PragmaIsValid="1" ARG_PragmaType="unroll" ClangWarningOption="dump-hls-pragmas"/>
    </msg>
    <msg msg_groups="PRAGMA_VERBOSE_DUMP" msg_id="207-5471" msg_severity="WARNING" msg_loc="/tools/Xilinx/Vitis_HLS/2023.2/common/technology/autopilot/etc/hls_exp_apfixed.h:1321:9" msg_body="HLS pragma dump">
        <args ARG_PragmaFunction="exp_core" ARG_PragmaIsValid="1" ARG_PragmaType="unroll" ClangWarningOption="dump-hls-pragmas"/>
    </msg>
    <msg msg_groups="PRAGMA_VERBOSE_DUMP" msg_id="207-5471" msg_severity="WARNING" msg_loc="/tools/Xilinx/Vitis_HLS/2023.2/common/technology/autopilot/etc/hls_exp_apfixed.h:1583:9" msg_body="HLS pragma dump">
        <args ARG_PragmaFunction="exp_core" ARG_PragmaIsValid="1" ARG_PragmaType="unroll" ClangWarningOption="dump-hls-pragmas"/>
    </msg>
    <msg msg_groups="PRAGMA_VERBOSE_DUMP" msg_id="207-5471" msg_severity="WARNING" msg_loc="/tools/Xilinx/Vitis_HLS/2023.2/common/technology/autopilot/etc/hls_exp_apfixed.h:1589:9" msg_body="HLS pragma dump">
        <args ARG_PragmaFunction="exp_core" ARG_PragmaIsValid="1" ARG_PragmaType="unroll" ClangWarningOption="dump-hls-pragmas"/>
    </msg>
    <msg msg_groups="PRAGMA_VERBOSE_DUMP" msg_id="207-5471" msg_severity="WARNING" msg_loc="/tools/Xilinx/Vitis_HLS/2023.2/common/technology/autopilot/etc/hls_exp_apfixed.h:1593:9" msg_body="HLS pragma dump">
        <args ARG_PragmaFunction="exp_core" ARG_PragmaIsValid="1" ARG_PragmaType="unroll" ClangWarningOption="dump-hls-pragmas"/>
    </msg>
    <msg msg_groups="PRAGMA_VERBOSE_DUMP" msg_id="207-5471" msg_severity="WARNING" msg_loc="/tools/Xilinx/Vitis_HLS/2023.2/common/technology/autopilot/etc/hls_exp_apfixed.h:1617:9" msg_body="HLS pragma dump">
        <args ARG_PragmaFunction="exp_core" ARG_PragmaIsValid="1" ARG_PragmaType="unroll" ClangWarningOption="dump-hls-pragmas"/>
    </msg>
    <msg msg_groups="PRAGMA_VERBOSE_DUMP" msg_id="207-5471" msg_severity="WARNING" msg_loc="/tools/Xilinx/Vitis_HLS/2023.2/common/technology/autopilot/etc/hls_exp_apfixed.h:1624:9" msg_body="HLS pragma dump">
        <args ARG_PragmaFunction="exp_core" ARG_PragmaIsValid="1" ARG_PragmaType="unroll" ClangWarningOption="dump-hls-pragmas"/>
    </msg>
    <msg msg_groups="PRAGMA_VERBOSE_DUMP" msg_id="207-5471" msg_severity="WARNING" msg_loc="/tools/Xilinx/Vitis_HLS/2023.2/common/technology/autopilot/etc/hls_exp_apfixed.h:2054:9" msg_body="HLS pragma dump">
        <args ARG_PragmaFunction="exp_core" ARG_PragmaIsValid="1" ARG_PragmaType="unroll" ClangWarningOption="dump-hls-pragmas"/>
    </msg>
    <msg msg_groups="PRAGMA_VERBOSE_DUMP" msg_id="207-5471" msg_severity="WARNING" msg_loc="/tools/Xilinx/Vitis_HLS/2023.2/common/technology/autopilot/etc/hls_exp_apfixed.h:2060:9" msg_body="HLS pragma dump">
        <args ARG_PragmaFunction="exp_core" ARG_PragmaIsValid="1" ARG_PragmaType="unroll" ClangWarningOption="dump-hls-pragmas"/>
    </msg>
    <msg msg_groups="PRAGMA_VERBOSE_DUMP" msg_id="207-5471" msg_severity="WARNING" msg_loc="/tools/Xilinx/Vitis_HLS/2023.2/common/technology/autopilot/etc/hls_exp_apfixed.h:2064:9" msg_body="HLS pragma dump">
        <args ARG_PragmaFunction="exp_core" ARG_PragmaIsValid="1" ARG_PragmaType="unroll" ClangWarningOption="dump-hls-pragmas"/>
    </msg>
    <msg msg_groups="PRAGMA_VERBOSE_DUMP" msg_id="207-5471" msg_severity="WARNING" msg_loc="/tools/Xilinx/Vitis_HLS/2023.2/common/technology/autopilot/etc/hls_exp_apfixed.h:2194:9" msg_body="HLS pragma dump">
        <args ARG_PragmaFunction="exp2" ARG_PragmaIsValid="1" ARG_PragmaType="unroll" ClangWarningOption="dump-hls-pragmas"/>
    </msg>
    <msg msg_groups="PRAGMA_VERBOSE_DUMP" msg_id="207-5471" msg_severity="WARNING" msg_loc="/tools/Xilinx/Vitis_HLS/2023.2/common/technology/autopilot/etc/hls_exp_apfixed.h:2201:9" msg_body="HLS pragma dump">
        <args ARG_PragmaFunction="exp2" ARG_PragmaIsValid="1" ARG_PragmaType="unroll" ClangWarningOption="dump-hls-pragmas"/>
    </msg>
    <msg msg_groups="PRAGMA_VERBOSE_DUMP" msg_id="207-5471" msg_severity="WARNING" msg_loc="/tools/Xilinx/Vitis_HLS/2023.2/common/technology/autopilot/etc/hls_exp_apfixed.h:2205:9" msg_body="HLS pragma dump">
        <args ARG_PragmaFunction="exp2" ARG_PragmaIsValid="1" ARG_PragmaType="unroll" ClangWarningOption="dump-hls-pragmas"/>
    </msg>
    <msg msg_groups="PRAGMA_VERBOSE_DUMP" msg_id="207-5471" msg_severity="WARNING" msg_loc="/tools/Xilinx/Vitis_HLS/2023.2/common/technology/autopilot/etc/hls_exp_apfixed.h:2252:9" msg_body="HLS pragma dump">
        <args ARG_PragmaFunction="exp2" ARG_PragmaIsValid="1" ARG_PragmaType="unroll" ClangWarningOption="dump-hls-pragmas"/>
    </msg>
    <msg msg_groups="PRAGMA_VERBOSE_DUMP" msg_id="207-5471" msg_severity="WARNING" msg_loc="/tools/Xilinx/Vitis_HLS/2023.2/common/technology/autopilot/etc/hls_exp_apfixed.h:2259:9" msg_body="HLS pragma dump">
        <args ARG_PragmaFunction="exp2" ARG_PragmaIsValid="1" ARG_PragmaType="unroll" ClangWarningOption="dump-hls-pragmas"/>
    </msg>
    <msg msg_groups="PRAGMA_VERBOSE_DUMP" msg_id="207-5471" msg_severity="WARNING" msg_loc="/tools/Xilinx/Vitis_HLS/2023.2/common/technology/autopilot/etc/hls_exp_apfixed.h:2263:9" msg_body="HLS pragma dump">
        <args ARG_PragmaFunction="exp2" ARG_PragmaIsValid="1" ARG_PragmaType="unroll" ClangWarningOption="dump-hls-pragmas"/>
    </msg>
    <msg msg_groups="PRAGMA_VERBOSE_DUMP" msg_id="207-5471" msg_severity="WARNING" msg_loc="/tools/Xilinx/Vitis_HLS/2023.2/common/technology/autopilot/etc/hls_exp_apfixed.h:2281:9" msg_body="HLS pragma dump">
        <args ARG_PragmaFunction="exp2" ARG_PragmaIsValid="1" ARG_PragmaType="unroll" ClangWarningOption="dump-hls-pragmas"/>
    </msg>
    <msg msg_groups="PRAGMA_VERBOSE_DUMP" msg_id="207-5471" msg_severity="WARNING" msg_loc="/tools/Xilinx/Vitis_HLS/2023.2/common/technology/autopilot/etc/hls_exp_apfixed.h:2336:9" msg_body="HLS pragma dump">
        <args ARG_PragmaFunction="exp2" ARG_PragmaIsValid="1" ARG_PragmaType="unroll" ClangWarningOption="dump-hls-pragmas"/>
    </msg>
    <msg msg_groups="PRAGMA_VERBOSE_DUMP" msg_id="207-5471" msg_severity="WARNING" msg_loc="/tools/Xilinx/Vitis_HLS/2023.2/common/technology/autopilot/etc/hls_exp_apfixed.h:2343:9" msg_body="HLS pragma dump">
        <args ARG_PragmaFunction="exp2" ARG_PragmaIsValid="1" ARG_PragmaType="unroll" ClangWarningOption="dump-hls-pragmas"/>
    </msg>
    <msg msg_groups="PRAGMA_VERBOSE_DUMP" msg_id="207-5471" msg_severity="WARNING" msg_loc="/tools/Xilinx/Vitis_HLS/2023.2/common/technology/autopilot/etc/hls_exp_apfixed.h:2347:9" msg_body="HLS pragma dump">
        <args ARG_PragmaFunction="exp2" ARG_PragmaIsValid="1" ARG_PragmaType="unroll" ClangWarningOption="dump-hls-pragmas"/>
    </msg>
    <msg msg_groups="PRAGMA_VERBOSE_DUMP" msg_id="207-5471" msg_severity="WARNING" msg_loc="/tools/Xilinx/Vitis_HLS/2023.2/common/technology/autopilot/etc/hls_exp_apfixed.h:2365:9" msg_body="HLS pragma dump">
        <args ARG_PragmaFunction="exp2" ARG_PragmaIsValid="1" ARG_PragmaType="unroll" ClangWarningOption="dump-hls-pragmas"/>
    </msg>
    <msg msg_groups="PRAGMA_VERBOSE_DUMP" msg_id="207-5471" msg_severity="WARNING" msg_loc="/tools/Xilinx/Vitis_HLS/2023.2/common/technology/autopilot/etc/hls_exp_apfixed.h:2454:9" msg_body="HLS pragma dump">
        <args ARG_PragmaFunction="exp2" ARG_PragmaIsValid="1" ARG_PragmaType="unroll" ClangWarningOption="dump-hls-pragmas"/>
    </msg>
    <msg msg_groups="PRAGMA_VERBOSE_DUMP" msg_id="207-5471" msg_severity="WARNING" msg_loc="/tools/Xilinx/Vitis_HLS/2023.2/common/technology/autopilot/etc/hls_exp_apfixed.h:2461:9" msg_body="HLS pragma dump">
        <args ARG_PragmaFunction="exp2" ARG_PragmaIsValid="1" ARG_PragmaType="unroll" ClangWarningOption="dump-hls-pragmas"/>
    </msg>
    <msg msg_groups="PRAGMA_VERBOSE_DUMP" msg_id="207-5471" msg_severity="WARNING" msg_loc="/tools/Xilinx/Vitis_HLS/2023.2/common/technology/autopilot/etc/hls_exp_apfixed.h:2465:9" msg_body="HLS pragma dump">
        <args ARG_PragmaFunction="exp2" ARG_PragmaIsValid="1" ARG_PragmaType="unroll" ClangWarningOption="dump-hls-pragmas"/>
    </msg>
    <msg msg_groups="PRAGMA_VERBOSE_DUMP" msg_id="207-5471" msg_severity="WARNING" msg_loc="/tools/Xilinx/Vitis_HLS/2023.2/common/technology/autopilot/etc/hls_exp_apfixed.h:2475:9" msg_body="HLS pragma dump">
        <args ARG_PragmaFunction="exp2" ARG_PragmaIsValid="1" ARG_PragmaType="unroll" ClangWarningOption="dump-hls-pragmas"/>
    </msg>
    <msg msg_groups="PRAGMA_VERBOSE_DUMP" msg_id="207-5471" msg_severity="WARNING" msg_loc="/tools/Xilinx/Vitis_HLS/2023.2/common/technology/autopilot/etc/hls_exp_apfixed.h:2479:9" msg_body="HLS pragma dump">
        <args ARG_PragmaFunction="exp2" ARG_PragmaIsValid="1" ARG_PragmaType="unroll" ClangWarningOption="dump-hls-pragmas"/>
    </msg>
    <msg msg_groups="PRAGMA_VERBOSE_DUMP" msg_id="207-5471" msg_severity="WARNING" msg_loc="/tools/Xilinx/Vitis_HLS/2023.2/common/technology/autopilot/etc/hls_exp_apfixed.h:2490:9" msg_body="HLS pragma dump">
        <args ARG_PragmaFunction="exp2" ARG_PragmaIsValid="1" ARG_PragmaType="unroll" ClangWarningOption="dump-hls-pragmas"/>
    </msg>
    <msg msg_groups="PRAGMA_VERBOSE_DUMP" msg_id="207-5471" msg_severity="WARNING" msg_loc="/tools/Xilinx/Vitis_HLS/2023.2/common/technology/autopilot/etc/hls_exp_apfixed.h:2498:9" msg_body="HLS pragma dump">
        <args ARG_PragmaFunction="exp2" ARG_PragmaIsValid="1" ARG_PragmaType="unroll" ClangWarningOption="dump-hls-pragmas"/>
    </msg>
    <msg msg_groups="PRAGMA_VERBOSE_DUMP" msg_id="207-5471" msg_severity="WARNING" msg_loc="/tools/Xilinx/Vitis_HLS/2023.2/common/technology/autopilot/etc/hls_exp_apfixed.h:2823:9" msg_body="HLS pragma dump">
        <args ARG_PragmaFunction="exp2" ARG_PragmaIsValid="1" ARG_PragmaType="unroll" ClangWarningOption="dump-hls-pragmas"/>
    </msg>
    <msg msg_groups="PRAGMA_VERBOSE_DUMP" msg_id="207-5471" msg_severity="WARNING" msg_loc="/tools/Xilinx/Vitis_HLS/2023.2/common/technology/autopilot/etc/hls_exp_apfixed.h:2830:9" msg_body="HLS pragma dump">
        <args ARG_PragmaFunction="exp2" ARG_PragmaIsValid="1" ARG_PragmaType="unroll" ClangWarningOption="dump-hls-pragmas"/>
    </msg>
    <msg msg_groups="PRAGMA_VERBOSE_DUMP" msg_id="207-5471" msg_severity="WARNING" msg_loc="/tools/Xilinx/Vitis_HLS/2023.2/common/technology/autopilot/etc/hls_exp_apfixed.h:2834:9" msg_body="HLS pragma dump">
        <args ARG_PragmaFunction="exp2" ARG_PragmaIsValid="1" ARG_PragmaType="unroll" ClangWarningOption="dump-hls-pragmas"/>
    </msg>
    <msg msg_groups="PRAGMA_VERBOSE_DUMP" msg_id="207-5471" msg_severity="WARNING" msg_loc="/tools/Xilinx/Vitis_HLS/2023.2/common/technology/autopilot/etc/hls_exp_apfixed.h:2922:9" msg_body="HLS pragma dump">
        <args ARG_PragmaFunction="exp10" ARG_PragmaIsValid="1" ARG_PragmaType="unroll" ClangWarningOption="dump-hls-pragmas"/>
    </msg>
    <msg msg_groups="PRAGMA_VERBOSE_DUMP" msg_id="207-5471" msg_severity="WARNING" msg_loc="/tools/Xilinx/Vitis_HLS/2023.2/common/technology/autopilot/etc/hls_exp_apfixed.h:2929:9" msg_body="HLS pragma dump">
        <args ARG_PragmaFunction="exp10" ARG_PragmaIsValid="1" ARG_PragmaType="unroll" ClangWarningOption="dump-hls-pragmas"/>
    </msg>
    <msg msg_groups="PRAGMA_VERBOSE_DUMP" msg_id="207-5471" msg_severity="WARNING" msg_loc="/tools/Xilinx/Vitis_HLS/2023.2/common/technology/autopilot/etc/hls_exp_apfixed.h:2933:9" msg_body="HLS pragma dump">
        <args ARG_PragmaFunction="exp10" ARG_PragmaIsValid="1" ARG_PragmaType="unroll" ClangWarningOption="dump-hls-pragmas"/>
    </msg>
    <msg msg_groups="PRAGMA_VERBOSE_DUMP" msg_id="207-5471" msg_severity="WARNING" msg_loc="/tools/Xilinx/Vitis_HLS/2023.2/common/technology/autopilot/etc/hls_exp_apfixed.h:2948:9" msg_body="HLS pragma dump">
        <args ARG_PragmaFunction="exp10" ARG_PragmaIsValid="1" ARG_PragmaType="unroll" ClangWarningOption="dump-hls-pragmas"/>
    </msg>
    <msg msg_groups="PRAGMA_VERBOSE_DUMP" msg_id="207-5471" msg_severity="WARNING" msg_loc="/tools/Xilinx/Vitis_HLS/2023.2/common/technology/autopilot/etc/hls_exp_apfixed.h:2980:9" msg_body="HLS pragma dump">
        <args ARG_PragmaFunction="exp10" ARG_PragmaIsValid="1" ARG_PragmaType="unroll" ClangWarningOption="dump-hls-pragmas"/>
    </msg>
    <msg msg_groups="PRAGMA_VERBOSE_DUMP" msg_id="207-5471" msg_severity="WARNING" msg_loc="/tools/Xilinx/Vitis_HLS/2023.2/common/technology/autopilot/etc/hls_exp_apfixed.h:2987:9" msg_body="HLS pragma dump">
        <args ARG_PragmaFunction="exp10" ARG_PragmaIsValid="1" ARG_PragmaType="unroll" ClangWarningOption="dump-hls-pragmas"/>
    </msg>
    <msg msg_groups="PRAGMA_VERBOSE_DUMP" msg_id="207-5471" msg_severity="WARNING" msg_loc="/tools/Xilinx/Vitis_HLS/2023.2/common/technology/autopilot/etc/hls_exp_apfixed.h:2991:9" msg_body="HLS pragma dump">
        <args ARG_PragmaFunction="exp10" ARG_PragmaIsValid="1" ARG_PragmaType="unroll" ClangWarningOption="dump-hls-pragmas"/>
    </msg>
    <msg msg_groups="PRAGMA_VERBOSE_DUMP" msg_id="207-5471" msg_severity="WARNING" msg_loc="/tools/Xilinx/Vitis_HLS/2023.2/common/technology/autopilot/etc/hls_exp_apfixed.h:3006:9" msg_body="HLS pragma dump">
        <args ARG_PragmaFunction="exp10" ARG_PragmaIsValid="1" ARG_PragmaType="unroll" ClangWarningOption="dump-hls-pragmas"/>
    </msg>
    <msg msg_groups="PRAGMA_VERBOSE_DUMP" msg_id="207-5471" msg_severity="WARNING" msg_loc="/tools/Xilinx/Vitis_HLS/2023.2/common/technology/autopilot/etc/hls_exp_apfixed.h:3056:9" msg_body="HLS pragma dump">
        <args ARG_PragmaFunction="exp10" ARG_PragmaIsValid="1" ARG_PragmaType="unroll" ClangWarningOption="dump-hls-pragmas"/>
    </msg>
    <msg msg_groups="PRAGMA_VERBOSE_DUMP" msg_id="207-5471" msg_severity="WARNING" msg_loc="/tools/Xilinx/Vitis_HLS/2023.2/common/technology/autopilot/etc/hls_exp_apfixed.h:3063:9" msg_body="HLS pragma dump">
        <args ARG_PragmaFunction="exp10" ARG_PragmaIsValid="1" ARG_PragmaType="unroll" ClangWarningOption="dump-hls-pragmas"/>
    </msg>
    <msg msg_groups="PRAGMA_VERBOSE_DUMP" msg_id="207-5471" msg_severity="WARNING" msg_loc="/tools/Xilinx/Vitis_HLS/2023.2/common/technology/autopilot/etc/hls_exp_apfixed.h:3067:9" msg_body="HLS pragma dump">
        <args ARG_PragmaFunction="exp10" ARG_PragmaIsValid="1" ARG_PragmaType="unroll" ClangWarningOption="dump-hls-pragmas"/>
    </msg>
    <msg msg_groups="PRAGMA_VERBOSE_DUMP" msg_id="207-5471" msg_severity="WARNING" msg_loc="/tools/Xilinx/Vitis_HLS/2023.2/common/technology/autopilot/etc/hls_exp_apfixed.h:3082:9" msg_body="HLS pragma dump">
        <args ARG_PragmaFunction="exp10" ARG_PragmaIsValid="1" ARG_PragmaType="unroll" ClangWarningOption="dump-hls-pragmas"/>
    </msg>
    <msg msg_groups="PRAGMA_VERBOSE_DUMP" msg_id="207-5471" msg_severity="WARNING" msg_loc="/tools/Xilinx/Vitis_HLS/2023.2/common/technology/autopilot/etc/hls_exp_apfixed.h:3219:9" msg_body="HLS pragma dump">
        <args ARG_PragmaFunction="exp10" ARG_PragmaIsValid="1" ARG_PragmaType="unroll" ClangWarningOption="dump-hls-pragmas"/>
    </msg>
    <msg msg_groups="PRAGMA_VERBOSE_DUMP" msg_id="207-5471" msg_severity="WARNING" msg_loc="/tools/Xilinx/Vitis_HLS/2023.2/common/technology/autopilot/etc/hls_exp_apfixed.h:3226:9" msg_body="HLS pragma dump">
        <args ARG_PragmaFunction="exp10" ARG_PragmaIsValid="1" ARG_PragmaType="unroll" ClangWarningOption="dump-hls-pragmas"/>
    </msg>
    <msg msg_groups="PRAGMA_VERBOSE_DUMP" msg_id="207-5471" msg_severity="WARNING" msg_loc="/tools/Xilinx/Vitis_HLS/2023.2/common/technology/autopilot/etc/hls_exp_apfixed.h:3230:9" msg_body="HLS pragma dump">
        <args ARG_PragmaFunction="exp10" ARG_PragmaIsValid="1" ARG_PragmaType="unroll" ClangWarningOption="dump-hls-pragmas"/>
    </msg>
    <msg msg_groups="PRAGMA_VERBOSE_DUMP" msg_id="207-5471" msg_severity="WARNING" msg_loc="/tools/Xilinx/Vitis_HLS/2023.2/common/technology/autopilot/etc/hls_exp_apfixed.h:3245:9" msg_body="HLS pragma dump">
        <args ARG_PragmaFunction="exp10" ARG_PragmaIsValid="1" ARG_PragmaType="unroll" ClangWarningOption="dump-hls-pragmas"/>
    </msg>
    <msg msg_groups="PRAGMA_VERBOSE_DUMP" msg_id="207-5471" msg_severity="WARNING" msg_loc="/tools/Xilinx/Vitis_HLS/2023.2/common/technology/autopilot/etc/hls_exp_apfixed.h:3405:9" msg_body="HLS pragma dump">
        <args ARG_PragmaFunction="exp10" ARG_PragmaIsValid="1" ARG_PragmaType="unroll" ClangWarningOption="dump-hls-pragmas"/>
    </msg>
    <msg msg_groups="PRAGMA_VERBOSE_DUMP" msg_id="207-5471" msg_severity="WARNING" msg_loc="/tools/Xilinx/Vitis_HLS/2023.2/common/technology/autopilot/etc/hls_exp_apfixed.h:3412:9" msg_body="HLS pragma dump">
        <args ARG_PragmaFunction="exp10" ARG_PragmaIsValid="1" ARG_PragmaType="unroll" ClangWarningOption="dump-hls-pragmas"/>
    </msg>
    <msg msg_groups="PRAGMA_VERBOSE_DUMP" msg_id="207-5471" msg_severity="WARNING" msg_loc="/tools/Xilinx/Vitis_HLS/2023.2/common/technology/autopilot/etc/hls_exp_apfixed.h:3416:9" msg_body="HLS pragma dump">
        <args ARG_PragmaFunction="exp10" ARG_PragmaIsValid="1" ARG_PragmaType="unroll" ClangWarningOption="dump-hls-pragmas"/>
    </msg>
    <msg msg_groups="PRAGMA_VERBOSE_DUMP" msg_id="207-5471" msg_severity="WARNING" msg_loc="/tools/Xilinx/Vitis_HLS/2023.2/common/technology/autopilot/etc/hls_log_apfixed.h:475:9" msg_body="HLS pragma dump">
        <args ARG_PragmaFunction="log" ARG_PragmaIsValid="1" ARG_PragmaType="pipeline" ClangWarningOption="dump-hls-pragmas"/>
    </msg>
    <msg msg_groups="PRAGMA_VERBOSE_DUMP" msg_id="207-5471" msg_severity="WARNING" msg_loc="/tools/Xilinx/Vitis_HLS/2023.2/common/technology/autopilot/etc/hls_log_apfixed.h:704:9" msg_body="HLS pragma dump">
        <args ARG_PragmaFunction="log" ARG_PragmaIsValid="1" ARG_PragmaType="unroll" ClangWarningOption="dump-hls-pragmas"/>
    </msg>
    <msg msg_groups="PRAGMA_VERBOSE_DUMP" msg_id="207-5471" msg_severity="WARNING" msg_loc="/tools/Xilinx/Vitis_HLS/2023.2/common/technology/autopilot/etc/hls_log_apfixed.h:792:9" msg_body="HLS pragma dump">
        <args ARG_PragmaFunction="log10" ARG_PragmaIsValid="1" ARG_PragmaType="pipeline" ClangWarningOption="dump-hls-pragmas"/>
    </msg>
    <msg msg_groups="PRAGMA_VERBOSE_DUMP" msg_id="207-5471" msg_severity="WARNING" msg_loc="/tools/Xilinx/Vitis_HLS/2023.2/common/technology/autopilot/etc/hls_log_apfixed.h:922:9" msg_body="HLS pragma dump">
        <args ARG_PragmaFunction="log10" ARG_PragmaIsValid="1" ARG_PragmaType="unroll" ClangWarningOption="dump-hls-pragmas"/>
    </msg>
    <msg msg_groups="PRAGMA_VERBOSE_DUMP" msg_id="207-5471" msg_severity="WARNING" msg_loc="/tools/Xilinx/Vitis_HLS/2023.2/common/technology/autopilot/etc/hls_log_apfixed.h:1068:9" msg_body="HLS pragma dump">
        <args ARG_PragmaFunction="log2" ARG_PragmaIsValid="1" ARG_PragmaType="pipeline" ClangWarningOption="dump-hls-pragmas"/>
    </msg>
    <msg msg_groups="PRAGMA_VERBOSE_DUMP" msg_id="207-5471" msg_severity="WARNING" msg_loc="/tools/Xilinx/Vitis_HLS/2023.2/common/technology/autopilot/etc/hls_log_apfixed.h:1346:9" msg_body="HLS pragma dump">
        <args ARG_PragmaFunction="log2" ARG_PragmaIsValid="1" ARG_PragmaType="unroll" ClangWarningOption="dump-hls-pragmas"/>
    </msg>
    <msg msg_groups="PRAGMA_VERBOSE_DUMP" msg_id="207-5471" msg_severity="WARNING" msg_loc="/tools/Xilinx/Vitis_HLS/2023.2/common/technology/autopilot/etc/hls_sqrt_apfixed.h:18:9" msg_body="HLS pragma dump">
        <args ARG_PragmaFunction="sqrt_fixed" ARG_PragmaIsValid="1" ARG_PragmaType="pipeline" ClangWarningOption="dump-hls-pragmas"/>
    </msg>
    <msg msg_groups="PRAGMA_VERBOSE_DUMP" msg_id="207-5471" msg_severity="WARNING" msg_loc="/tools/Xilinx/Vitis_HLS/2023.2/common/technology/autopilot/etc/hls_sqrt_apfixed.h:241:9" msg_body="HLS pragma dump">
        <args ARG_PragmaFunction="sqrt_fixed" ARG_PragmaIsValid="1" ARG_PragmaType="unroll" ClangWarningOption="dump-hls-pragmas"/>
    </msg>
    <msg msg_groups="PRAGMA_VERBOSE_DUMP" msg_id="207-5471" msg_severity="WARNING" msg_loc="/tools/Xilinx/Vitis_HLS/2023.2/common/technology/autopilot/etc/hls_sqrt_apfixed.h:269:9" msg_body="HLS pragma dump">
        <args ARG_PragmaFunction="sqrt_fixed" ARG_PragmaIsValid="1" ARG_PragmaType="unroll" ClangWarningOption="dump-hls-pragmas"/>
    </msg>
    <msg msg_groups="PRAGMA_VERBOSE_DUMP" msg_id="207-5471" msg_severity="WARNING" msg_loc="/tools/Xilinx/Vitis_HLS/2023.2/common/technology/autopilot/etc/hls_sqrt_apfixed.h:367:9" msg_body="HLS pragma dump">
        <args ARG_PragmaFunction="rsqrt_fixed" ARG_PragmaIsValid="1" ARG_PragmaType="pipeline" ClangWarningOption="dump-hls-pragmas"/>
    </msg>
    <msg msg_groups="PRAGMA_VERBOSE_DUMP" msg_id="207-5471" msg_severity="WARNING" msg_loc="/tools/Xilinx/Vitis_HLS/2023.2/common/technology/autopilot/etc/hls_sqrt_apfixed.h:414:9" msg_body="HLS pragma dump">
        <args ARG_PragmaFunction="recip_fixed" ARG_PragmaIsValid="1" ARG_PragmaType="pipeline" ClangWarningOption="dump-hls-pragmas"/>
    </msg>
    <msg msg_groups="PRAGMA_VERBOSE_DUMP" msg_id="207-5471" msg_severity="WARNING" msg_loc="/tools/Xilinx/Vitis_HLS/2023.2/common/technology/autopilot/etc/hls_round_copysign_apfixed.h:14:9" msg_body="HLS pragma dump">
        <args ARG_PragmaFunction="ceil_fixed" ARG_PragmaIsValid="1" ARG_PragmaType="pipeline" ClangWarningOption="dump-hls-pragmas"/>
    </msg>
    <msg msg_groups="PRAGMA_VERBOSE_DUMP" msg_id="207-5471" msg_severity="WARNING" msg_loc="/tools/Xilinx/Vitis_HLS/2023.2/common/technology/autopilot/etc/hls_round_copysign_apfixed.h:31:9" msg_body="HLS pragma dump">
        <args ARG_PragmaFunction="ceil_fixed" ARG_PragmaIsValid="1" ARG_PragmaType="pipeline" ClangWarningOption="dump-hls-pragmas"/>
    </msg>
    <msg msg_groups="PRAGMA_VERBOSE_DUMP" msg_id="207-5471" msg_severity="WARNING" msg_loc="/tools/Xilinx/Vitis_HLS/2023.2/common/technology/autopilot/etc/hls_round_copysign_apfixed.h:91:9" msg_body="HLS pragma dump">
        <args ARG_PragmaFunction="trunc_fixed" ARG_PragmaIsValid="1" ARG_PragmaType="pipeline" ClangWarningOption="dump-hls-pragmas"/>
    </msg>
    <msg msg_groups="PRAGMA_VERBOSE_DUMP" msg_id="207-5471" msg_severity="WARNING" msg_loc="/tools/Xilinx/Vitis_HLS/2023.2/common/technology/autopilot/etc/hls_round_copysign_apfixed.h:177:9" msg_body="HLS pragma dump">
        <args ARG_PragmaFunction="round_fixed" ARG_PragmaIsValid="1" ARG_PragmaType="pipeline" ClangWarningOption="dump-hls-pragmas"/>
    </msg>
    <msg msg_groups="PRAGMA_VERBOSE_DUMP" msg_id="207-5471" msg_severity="WARNING" msg_loc="/tools/Xilinx/Vitis_HLS/2023.2/common/technology/autopilot/etc/hls_round_copysign_apfixed.h:213:9" msg_body="HLS pragma dump">
        <args ARG_PragmaFunction="rint_fixed" ARG_PragmaIsValid="1" ARG_PragmaType="pipeline" ClangWarningOption="dump-hls-pragmas"/>
    </msg>
    <msg msg_groups="PRAGMA_VERBOSE_DUMP" msg_id="207-5471" msg_severity="WARNING" msg_loc="/tools/Xilinx/Vitis_HLS/2023.2/common/technology/autopilot/etc/hls_pow_apfixed.h:49:9" msg_body="HLS pragma dump">
        <args ARG_PragmaFunction="pow" ARG_PragmaIsValid="1" ARG_PragmaType="unroll" ClangWarningOption="dump-hls-pragmas"/>
    </msg>
    <msg msg_groups="PRAGMA_VERBOSE_DUMP" msg_id="207-5471" msg_severity="WARNING" msg_loc="/tools/Xilinx/Vitis_HLS/2023.2/common/technology/autopilot/etc/hls_pow_apfixed.h:110:9" msg_body="HLS pragma dump">
        <args ARG_PragmaFunction="pow" ARG_PragmaIsValid="1" ARG_PragmaType="unroll" ClangWarningOption="dump-hls-pragmas"/>
    </msg>
    <msg msg_groups="PRAGMA_VERBOSE_DUMP" msg_id="207-5471" msg_severity="WARNING" msg_loc="/tools/Xilinx/Vitis_HLS/2023.2/common/technology/autopilot/etc/hls_pow_apfixed.h:124:9" msg_body="HLS pragma dump">
        <args ARG_PragmaFunction="pow" ARG_PragmaIsValid="1" ARG_PragmaType="unroll" ClangWarningOption="dump-hls-pragmas"/>
    </msg>
    <msg msg_groups="PRAGMA_VERBOSE_DUMP" msg_id="207-5471" msg_severity="WARNING" msg_loc="/tools/Xilinx/Vitis_HLS/2023.2/common/technology/autopilot/etc/hls_pow_apfixed.h:154:9" msg_body="HLS pragma dump">
        <args ARG_PragmaFunction="pow" ARG_PragmaIsValid="1" ARG_PragmaType="unroll" ClangWarningOption="dump-hls-pragmas"/>
    </msg>
    <msg msg_groups="PRAGMA_VERBOSE_DUMP" msg_id="207-5471" msg_severity="WARNING" msg_loc="/tools/Xilinx/Vitis_HLS/2023.2/common/technology/autopilot/etc/hls_pow_apfixed.h:282:9" msg_body="HLS pragma dump">
        <args ARG_PragmaFunction="pown" ARG_PragmaIsValid="1" ARG_PragmaType="unroll" ClangWarningOption="dump-hls-pragmas"/>
    </msg>
    <msg msg_groups="PRAGMA_VERBOSE_DUMP" msg_id="207-5471" msg_severity="WARNING" msg_loc="/tools/Xilinx/Vitis_HLS/2023.2/common/technology/autopilot/etc/hls_pow_apfixed.h:302:9" msg_body="HLS pragma dump">
        <args ARG_PragmaFunction="pown" ARG_PragmaIsValid="1" ARG_PragmaType="unroll" ClangWarningOption="dump-hls-pragmas"/>
    </msg>
    <msg msg_groups="PRAGMA_VERBOSE_DUMP" msg_id="207-5471" msg_severity="WARNING" msg_loc="/tools/Xilinx/Vitis_HLS/2023.2/common/technology/autopilot/etc/hls_pow_apfixed.h:316:9" msg_body="HLS pragma dump">
        <args ARG_PragmaFunction="pown" ARG_PragmaIsValid="1" ARG_PragmaType="unroll" ClangWarningOption="dump-hls-pragmas"/>
    </msg>
    <msg msg_groups="PRAGMA_VERBOSE_DUMP" msg_id="207-5471" msg_severity="WARNING" msg_loc="/tools/Xilinx/Vitis_HLS/2023.2/common/technology/autopilot/etc/hls_pow_apfixed.h:434:9" msg_body="HLS pragma dump">
        <args ARG_PragmaFunction="rootn" ARG_PragmaIsValid="1" ARG_PragmaType="unroll" ClangWarningOption="dump-hls-pragmas"/>
    </msg>
    <msg msg_groups="PRAGMA_VERBOSE_DUMP" msg_id="207-5471" msg_severity="WARNING" msg_loc="/tools/Xilinx/Vitis_HLS/2023.2/common/technology/autopilot/etc/hls_pow_apfixed.h:448:9" msg_body="HLS pragma dump">
        <args ARG_PragmaFunction="rootn" ARG_PragmaIsValid="1" ARG_PragmaType="unroll" ClangWarningOption="dump-hls-pragmas"/>
    </msg>
    <msg msg_groups="PRAGMA_VERBOSE_DUMP" msg_id="207-5471" msg_severity="WARNING" msg_loc="/tools/Xilinx/Vitis_HLS/2023.2/common/technology/autopilot/etc/hls_diff_apfixed.h:23:9" msg_body="HLS pragma dump">
        <args ARG_PragmaFunction="fdim_fixed" ARG_PragmaIsValid="1" ARG_PragmaOptions="II=1" ARG_PragmaType="pipeline" ClangWarningOption="dump-hls-pragmas"/>
    </msg>
    <msg msg_groups="PRAGMA_VERBOSE_DUMP" msg_id="207-5471" msg_severity="WARNING" msg_loc="/tools/Xilinx/Vitis_HLS/2023.2/common/technology/autopilot/etc/hls_diff_apfixed.h:34:9" msg_body="HLS pragma dump">
        <args ARG_PragmaFunction="fdim_fixed" ARG_PragmaIsValid="1" ARG_PragmaType="unroll" ClangWarningOption="dump-hls-pragmas"/>
    </msg>
    <msg msg_groups="PRAGMA_VERBOSE_DUMP" msg_id="207-5471" msg_severity="WARNING" msg_loc="/tools/Xilinx/Vitis_HLS/2023.2/common/technology/autopilot/etc/hls_diff_apfixed.h:163:9" msg_body="HLS pragma dump">
        <args ARG_PragmaFunction="maxmag_fixed" ARG_PragmaIsValid="1" ARG_PragmaOptions="II=1" ARG_PragmaType="pipeline" ClangWarningOption="dump-hls-pragmas"/>
    </msg>
    <msg msg_groups="PRAGMA_VERBOSE_DUMP" msg_id="207-5471" msg_severity="WARNING" msg_loc="/tools/Xilinx/Vitis_HLS/2023.2/common/technology/autopilot/etc/hls_diff_apfixed.h:184:9" msg_body="HLS pragma dump">
        <args ARG_PragmaFunction="maxmag_fixed" ARG_PragmaIsValid="1" ARG_PragmaType="unroll" ClangWarningOption="dump-hls-pragmas"/>
    </msg>
    <msg msg_groups="PRAGMA_VERBOSE_DUMP" msg_id="207-5471" msg_severity="WARNING" msg_loc="/tools/Xilinx/Vitis_HLS/2023.2/common/technology/autopilot/etc/hls_diff_apfixed.h:229:9" msg_body="HLS pragma dump">
        <args ARG_PragmaFunction="minmag_fixed" ARG_PragmaIsValid="1" ARG_PragmaOptions="II=1" ARG_PragmaType="pipeline" ClangWarningOption="dump-hls-pragmas"/>
    </msg>
    <msg msg_groups="PRAGMA_VERBOSE_DUMP" msg_id="207-5471" msg_severity="WARNING" msg_loc="/tools/Xilinx/Vitis_HLS/2023.2/common/technology/autopilot/etc/hls_diff_apfixed.h:249:9" msg_body="HLS pragma dump">
        <args ARG_PragmaFunction="minmag_fixed" ARG_PragmaIsValid="1" ARG_PragmaType="unroll" ClangWarningOption="dump-hls-pragmas"/>
    </msg>
    <msg msg_groups="PRAGMA_VERBOSE_DUMP" msg_id="207-5471" msg_severity="WARNING" msg_loc="/tools/Xilinx/Vitis_HLS/2023.2/common/technology/autopilot/etc/hls_frexp_apfixed.h:46:9" msg_body="HLS pragma dump">
        <args ARG_PragmaFunction="frexp" ARG_PragmaIsValid="1" ARG_PragmaOptions="II=1" ARG_PragmaType="pipeline" ClangWarningOption="dump-hls-pragmas"/>
    </msg>
    <msg msg_groups="PRAGMA_VERBOSE_DUMP" msg_id="207-5471" msg_severity="WARNING" msg_loc="/tools/Xilinx/Vitis_HLS/2023.2/common/technology/autopilot/etc/hls_isequal_isnotequal_apfixed.h:17:9" msg_body="HLS pragma dump">
        <args ARG_PragmaFunction="generic_isequal" ARG_PragmaIsValid="1" ARG_PragmaType="pipeline" ClangWarningOption="dump-hls-pragmas"/>
    </msg>
    <msg msg_groups="PRAGMA_VERBOSE_DUMP" msg_id="207-5471" msg_severity="WARNING" msg_loc="/tools/Xilinx/Vitis_HLS/2023.2/common/technology/autopilot/etc/hls_isequal_isnotequal_apfixed.h:25:9" msg_body="HLS pragma dump">
        <args ARG_PragmaFunction="generic_isnotequal" ARG_PragmaIsValid="1" ARG_PragmaType="pipeline" ClangWarningOption="dump-hls-pragmas"/>
    </msg>
    <msg msg_groups="PRAGMA_VERBOSE_DUMP" msg_id="207-5471" msg_severity="WARNING" msg_loc="/tools/Xilinx/Vitis_HLS/2023.2/common/technology/autopilot/etc/hls_isequal_isnotequal_apfixed.h:33:9" msg_body="HLS pragma dump">
        <args ARG_PragmaFunction="generic_isequal" ARG_PragmaIsValid="1" ARG_PragmaType="pipeline" ClangWarningOption="dump-hls-pragmas"/>
    </msg>
    <msg msg_groups="PRAGMA_VERBOSE_DUMP" msg_id="207-5471" msg_severity="WARNING" msg_loc="/tools/Xilinx/Vitis_HLS/2023.2/common/technology/autopilot/etc/hls_isequal_isnotequal_apfixed.h:41:9" msg_body="HLS pragma dump">
        <args ARG_PragmaFunction="generic_isnotequal" ARG_PragmaIsValid="1" ARG_PragmaType="pipeline" ClangWarningOption="dump-hls-pragmas"/>
    </msg>
    <msg msg_groups="PRAGMA_VERBOSE_DUMP" msg_id="207-5471" msg_severity="WARNING" msg_loc="/tools/Xilinx/Vitis_HLS/2023.2/common/technology/autopilot/etc/hls_isequal_isnotequal_apfixed.h:49:9" msg_body="HLS pragma dump">
        <args ARG_PragmaFunction="generic_isequal" ARG_PragmaIsValid="1" ARG_PragmaType="pipeline" ClangWarningOption="dump-hls-pragmas"/>
    </msg>
    <msg msg_groups="PRAGMA_VERBOSE_DUMP" msg_id="207-5471" msg_severity="WARNING" msg_loc="/tools/Xilinx/Vitis_HLS/2023.2/common/technology/autopilot/etc/hls_isequal_isnotequal_apfixed.h:57:9" msg_body="HLS pragma dump">
        <args ARG_PragmaFunction="generic_isnotequal" ARG_PragmaIsValid="1" ARG_PragmaType="pipeline" ClangWarningOption="dump-hls-pragmas"/>
    </msg>
    <msg msg_groups="PRAGMA_VERBOSE_DUMP" msg_id="207-5471" msg_severity="WARNING" msg_loc="/tools/Xilinx/Vitis_HLS/2023.2/common/technology/autopilot/etc/hls_isequal_isnotequal_apfixed.h:65:9" msg_body="HLS pragma dump">
        <args ARG_PragmaFunction="generic_isequal" ARG_PragmaIsValid="1" ARG_PragmaType="pipeline" ClangWarningOption="dump-hls-pragmas"/>
    </msg>
    <msg msg_groups="PRAGMA_VERBOSE_DUMP" msg_id="207-5471" msg_severity="WARNING" msg_loc="/tools/Xilinx/Vitis_HLS/2023.2/common/technology/autopilot/etc/hls_isequal_isnotequal_apfixed.h:73:9" msg_body="HLS pragma dump">
        <args ARG_PragmaFunction="generic_isnotequal" ARG_PragmaIsValid="1" ARG_PragmaType="pipeline" ClangWarningOption="dump-hls-pragmas"/>
    </msg>
    <msg msg_groups="PRAGMA_VERBOSE_DUMP" msg_id="207-5471" msg_severity="WARNING" msg_loc="/tools/Xilinx/Vitis_HLS/2023.2/common/technology/autopilot/etc/hls_isequal_isnotequal_apfixed.h:82:9" msg_body="HLS pragma dump">
        <args ARG_PragmaFunction="generic_isequal" ARG_PragmaIsValid="1" ARG_PragmaType="pipeline" ClangWarningOption="dump-hls-pragmas"/>
    </msg>
    <msg msg_groups="PRAGMA_VERBOSE_DUMP" msg_id="207-5471" msg_severity="WARNING" msg_loc="/tools/Xilinx/Vitis_HLS/2023.2/common/technology/autopilot/etc/hls_isequal_isnotequal_apfixed.h:90:9" msg_body="HLS pragma dump">
        <args ARG_PragmaFunction="generic_isnotequal" ARG_PragmaIsValid="1" ARG_PragmaType="pipeline" ClangWarningOption="dump-hls-pragmas"/>
    </msg>
    <msg msg_groups="PRAGMA_VERBOSE_DUMP" msg_id="207-5471" msg_severity="WARNING" msg_loc="/tools/Xilinx/Vitis_HLS/2023.2/common/technology/autopilot/etc/hls_isequal_isnotequal_apfixed.h:98:9" msg_body="HLS pragma dump">
        <args ARG_PragmaFunction="generic_isequal" ARG_PragmaIsValid="1" ARG_PragmaType="pipeline" ClangWarningOption="dump-hls-pragmas"/>
    </msg>
    <msg msg_groups="PRAGMA_VERBOSE_DUMP" msg_id="207-5471" msg_severity="WARNING" msg_loc="/tools/Xilinx/Vitis_HLS/2023.2/common/technology/autopilot/etc/hls_isequal_isnotequal_apfixed.h:106:9" msg_body="HLS pragma dump">
        <args ARG_PragmaFunction="generic_isnotequal" ARG_PragmaIsValid="1" ARG_PragmaType="pipeline" ClangWarningOption="dump-hls-pragmas"/>
    </msg>
    <msg msg_groups="PRAGMA_VERBOSE_DUMP" msg_id="207-5471" msg_severity="WARNING" msg_loc="/tools/Xilinx/Vitis_HLS/2023.2/common/technology/autopilot/etc/hls_isequal_isnotequal_apfixed.h:114:9" msg_body="HLS pragma dump">
        <args ARG_PragmaFunction="generic_isequal" ARG_PragmaIsValid="1" ARG_PragmaType="pipeline" ClangWarningOption="dump-hls-pragmas"/>
    </msg>
    <msg msg_groups="PRAGMA_VERBOSE_DUMP" msg_id="207-5471" msg_severity="WARNING" msg_loc="/tools/Xilinx/Vitis_HLS/2023.2/common/technology/autopilot/etc/hls_isequal_isnotequal_apfixed.h:122:9" msg_body="HLS pragma dump">
        <args ARG_PragmaFunction="generic_isnotequal" ARG_PragmaIsValid="1" ARG_PragmaType="pipeline" ClangWarningOption="dump-hls-pragmas"/>
    </msg>
    <msg msg_groups="PRAGMA_VERBOSE_DUMP" msg_id="207-5471" msg_severity="WARNING" msg_loc="/tools/Xilinx/Vitis_HLS/2023.2/common/technology/autopilot/etc/hls_isequal_isnotequal_apfixed.h:130:9" msg_body="HLS pragma dump">
        <args ARG_PragmaFunction="generic_isequal" ARG_PragmaIsValid="1" ARG_PragmaType="pipeline" ClangWarningOption="dump-hls-pragmas"/>
    </msg>
    <msg msg_groups="PRAGMA_VERBOSE_DUMP" msg_id="207-5471" msg_severity="WARNING" msg_loc="/tools/Xilinx/Vitis_HLS/2023.2/common/technology/autopilot/etc/hls_isequal_isnotequal_apfixed.h:138:9" msg_body="HLS pragma dump">
        <args ARG_PragmaFunction="generic_isnotequal" ARG_PragmaIsValid="1" ARG_PragmaType="pipeline" ClangWarningOption="dump-hls-pragmas"/>
    </msg>
    <msg msg_groups="PRAGMA_VERBOSE_DUMP" msg_id="207-5471" msg_severity="WARNING" msg_loc="/tools/Xilinx/Vitis_HLS/2023.2/common/technology/autopilot/etc/hls_all_any_apfixed.h:15:9" msg_body="HLS pragma dump">
        <args ARG_PragmaFunction="generic_all" ARG_PragmaIsValid="1" ARG_PragmaOptions="II=1" ARG_PragmaType="pipeline" ClangWarningOption="dump-hls-pragmas"/>
    </msg>
    <msg msg_groups="PRAGMA_VERBOSE_DUMP" msg_id="207-5471" msg_severity="WARNING" msg_loc="/tools/Xilinx/Vitis_HLS/2023.2/common/technology/autopilot/etc/hls_all_any_apfixed.h:26:9" msg_body="HLS pragma dump">
        <args ARG_PragmaFunction="generic_all" ARG_PragmaIsValid="1" ARG_PragmaOptions="II=1" ARG_PragmaType="pipeline" ClangWarningOption="dump-hls-pragmas"/>
    </msg>
    <msg msg_groups="PRAGMA_VERBOSE_DUMP" msg_id="207-5471" msg_severity="WARNING" msg_loc="/tools/Xilinx/Vitis_HLS/2023.2/common/technology/autopilot/etc/hls_all_any_apfixed.h:37:9" msg_body="HLS pragma dump">
        <args ARG_PragmaFunction="generic_all" ARG_PragmaIsValid="1" ARG_PragmaOptions="II=1" ARG_PragmaType="pipeline" ClangWarningOption="dump-hls-pragmas"/>
    </msg>
    <msg msg_groups="PRAGMA_VERBOSE_DUMP" msg_id="207-5471" msg_severity="WARNING" msg_loc="/tools/Xilinx/Vitis_HLS/2023.2/common/technology/autopilot/etc/hls_all_any_apfixed.h:48:9" msg_body="HLS pragma dump">
        <args ARG_PragmaFunction="generic_all" ARG_PragmaIsValid="1" ARG_PragmaOptions="II=1" ARG_PragmaType="pipeline" ClangWarningOption="dump-hls-pragmas"/>
    </msg>
    <msg msg_groups="PRAGMA_VERBOSE_DUMP" msg_id="207-5471" msg_severity="WARNING" msg_loc="/tools/Xilinx/Vitis_HLS/2023.2/common/technology/autopilot/etc/hls_all_any_apfixed.h:59:9" msg_body="HLS pragma dump">
        <args ARG_PragmaFunction="generic_any" ARG_PragmaIsValid="1" ARG_PragmaOptions="II=1" ARG_PragmaType="pipeline" ClangWarningOption="dump-hls-pragmas"/>
    </msg>
    <msg msg_groups="PRAGMA_VERBOSE_DUMP" msg_id="207-5471" msg_severity="WARNING" msg_loc="/tools/Xilinx/Vitis_HLS/2023.2/common/technology/autopilot/etc/hls_all_any_apfixed.h:70:9" msg_body="HLS pragma dump">
        <args ARG_PragmaFunction="generic_any" ARG_PragmaIsValid="1" ARG_PragmaOptions="II=1" ARG_PragmaType="pipeline" ClangWarningOption="dump-hls-pragmas"/>
    </msg>
    <msg msg_groups="PRAGMA_VERBOSE_DUMP" msg_id="207-5471" msg_severity="WARNING" msg_loc="/tools/Xilinx/Vitis_HLS/2023.2/common/technology/autopilot/etc/hls_all_any_apfixed.h:81:9" msg_body="HLS pragma dump">
        <args ARG_PragmaFunction="generic_any" ARG_PragmaIsValid="1" ARG_PragmaOptions="II=1" ARG_PragmaType="pipeline" ClangWarningOption="dump-hls-pragmas"/>
    </msg>
    <msg msg_groups="PRAGMA_VERBOSE_DUMP" msg_id="207-5471" msg_severity="WARNING" msg_loc="/tools/Xilinx/Vitis_HLS/2023.2/common/technology/autopilot/etc/hls_all_any_apfixed.h:92:9" msg_body="HLS pragma dump">
        <args ARG_PragmaFunction="generic_any" ARG_PragmaIsValid="1" ARG_PragmaOptions="II=1" ARG_PragmaType="pipeline" ClangWarningOption="dump-hls-pragmas"/>
    </msg>
    <msg msg_groups="PRAGMA_VERBOSE_DUMP" msg_id="207-5471" msg_severity="WARNING" msg_loc="/tools/Xilinx/Vitis_HLS/2023.2/common/technology/autopilot/etc/hls_select_bitselect_apfixed.h:39:9" msg_body="HLS pragma dump">
        <args ARG_PragmaFunction="generic_bitselect" ARG_PragmaIsValid="1" ARG_PragmaType="pipeline" ClangWarningOption="dump-hls-pragmas"/>
    </msg>
    <msg msg_groups="PRAGMA_VERBOSE_DUMP" msg_id="207-5471" msg_severity="WARNING" msg_loc="/tools/Xilinx/Vitis_HLS/2023.2/common/technology/autopilot/etc/hls_select_bitselect_apfixed.h:47:9" msg_body="HLS pragma dump">
        <args ARG_PragmaFunction="generic_bitselect" ARG_PragmaIsValid="1" ARG_PragmaType="pipeline" ClangWarningOption="dump-hls-pragmas"/>
    </msg>
    <msg msg_groups="PRAGMA_VERBOSE_DUMP" msg_id="207-5471" msg_severity="WARNING" msg_loc="/tools/Xilinx/Vitis_HLS/2023.2/common/technology/autopilot/etc/hls_select_bitselect_apfixed.h:55:9" msg_body="HLS pragma dump">
        <args ARG_PragmaFunction="generic_bitselect" ARG_PragmaIsValid="1" ARG_PragmaType="pipeline" ClangWarningOption="dump-hls-pragmas"/>
    </msg>
    <msg msg_groups="PRAGMA_VERBOSE_DUMP" msg_id="207-5471" msg_severity="WARNING" msg_loc="/tools/Xilinx/Vitis_HLS/2023.2/common/technology/autopilot/etc/hls_select_bitselect_apfixed.h:62:9" msg_body="HLS pragma dump">
        <args ARG_PragmaFunction="generic_bitselect" ARG_PragmaIsValid="1" ARG_PragmaType="pipeline" ClangWarningOption="dump-hls-pragmas"/>
    </msg>
    <msg msg_groups="PRAGMA_VERBOSE_DUMP" msg_id="207-5471" msg_severity="WARNING" msg_loc="/tools/Xilinx/Vitis_HLS/2023.2/common/technology/autopilot/etc/hls_erf_apfixed.h:490:9" msg_body="HLS pragma dump">
        <args ARG_PragmaFunction="erfc" ARG_PragmaIsValid="1" ARG_PragmaOptions="II=1" ARG_PragmaType="pipeline" ClangWarningOption="dump-hls-pragmas"/>
    </msg>
    <msg msg_groups="PRAGMA_VERBOSE_DUMP" msg_id="207-5471" msg_severity="WARNING" msg_loc="/tools/Xilinx/Vitis_HLS/2023.2/common/technology/autopilot/etc/hls_lgamma_apfixed.h:17:9" msg_body="HLS pragma dump">
        <args ARG_PragmaFunction="lgamma_generic" ARG_PragmaIsValid="1" ARG_PragmaType="pipeline" ClangWarningOption="dump-hls-pragmas"/>
    </msg>
    <msg msg_groups="PRAGMA_VERBOSE_DUMP" msg_id="207-5471" msg_severity="WARNING" msg_loc="/tools/Xilinx/Vitis_HLS/2023.2/common/technology/autopilot/etc/hls_tgamma_apfixed.h:18:9" msg_body="HLS pragma dump">
        <args ARG_PragmaFunction="tgamma_generic" ARG_PragmaIsValid="1" ARG_PragmaType="pipeline" ClangWarningOption="dump-hls-pragmas"/>
    </msg>
    <msg msg_groups="PRAGMA_VERBOSE_DUMP" msg_id="207-5471" msg_severity="WARNING" msg_loc="/tools/Xilinx/Vitis_HLS/2023.2/common/technology/autopilot/etc/hls_mad_apfixed.h:27:9" msg_body="HLS pragma dump">
        <args ARG_PragmaFunction="generic_mad" ARG_PragmaIsValid="1" ARG_PragmaType="unroll" ClangWarningOption="dump-hls-pragmas"/>
    </msg>
    <msg msg_groups="PRAGMA_VERBOSE_DUMP" msg_id="207-5471" msg_severity="WARNING" msg_loc="/tools/Xilinx/Vitis_HLS/2023.2/common/technology/autopilot/etc/hls_hypot_apfixed.h:170:9" msg_body="HLS pragma dump">
        <args ARG_PragmaFunction="hypot_fixed" ARG_PragmaIsValid="1" ARG_PragmaType="unroll" ClangWarningOption="dump-hls-pragmas"/>
    </msg>
    <msg msg_groups="PRAGMA_VERBOSE_DUMP" msg_id="207-5471" msg_severity="WARNING" msg_loc="/media/nisitha/My_Passport/MOODLE/Vivado_projects/Aido_Processor_Lab_zed/dBFS_vitis/dbfs_converter/solution1/csynth.tcl:15:9" msg_body="HLS pragma dump">
        <args ARG_PragmaContext="directive" ARG_PragmaFunction="dbfs_converter" ARG_PragmaIsValid="1" ARG_PragmaOptions="name=dbfs_converter" ARG_PragmaType="top" ClangWarningOption="dump-hls-pragmas"/>
    </msg>
    <msg msg_groups="PRAGMA_UNROLL" msg_id="214-291" msg_severity="INFO" msg_loc="/tools/Xilinx/Vitis_HLS/2023.2/common/technology/autopilot/etc/hls_log_apfixed.h:921:31" msg_body="Loop 'VITIS_LOOP_921_1' is marked as complete unroll implied by the pipeline pragma">
        <args LoopName="VITIS_LOOP_921_1"/>
    </msg>
    <msg msg_groups="PRAGMA_UNROLL" msg_id="214-186" msg_severity="INFO" msg_loc="/tools/Xilinx/Vitis_HLS/2023.2/common/technology/autopilot/etc/hls_log_apfixed.h:791:0" msg_body="Unrolling loop 'VITIS_LOOP_921_1' (/tools/Xilinx/Vitis_HLS/2023.2/common/technology/autopilot/etc/hls_log_apfixed.h:921:31) in function 'log_apfixed_reduce::log10&lt;48, 24&gt;' completely with a factor of 48">
        <args Factor="48" LoopLoc="/tools/Xilinx/Vitis_HLS/2023.2/common/technology/autopilot/etc/hls_log_apfixed.h:921:31" LoopName="VITIS_LOOP_921_1"/>
    </msg>
    <msg msg_groups="PRAGMA_INLINE" msg_id="214-178" msg_severity="INFO" msg_loc="/tools/Xilinx/Vitis_HLS/2023.2/common/technology/autopilot/hls_math.h:1395:0" msg_body="Inlining function 'ap_fixed&lt;48, 24, (ap_q_mode)5, (ap_o_mode)3, 0&gt; fabs_fixed&lt;48, 24&gt;(ap_fixed&lt;48, 24, (ap_q_mode)5, (ap_o_mode)3, 0&gt;)' into 'ap_fixed&lt;48, 24, (ap_q_mode)5, (ap_o_mode)3, 0&gt; hls::abs&lt;48, 24&gt;(ap_fixed&lt;48, 24, (ap_q_mode)5, (ap_o_mode)3, 0&gt;)'">
        <args Callee="ap_fixed&lt;48, 24, (ap_q_mode)5, (ap_o_mode)3, 0&gt; fabs_fixed&lt;48, 24&gt;(ap_fixed&lt;48, 24, (ap_q_mode)5, (ap_o_mode)3, 0&gt;)" Callee-DebugLoc="File /tools/Xilinx/Vitis_HLS/2023.2/common/technology/autopilot/etc/hls_round_copysign_apfixed.h Line 151 Column 0" Caller="ap_fixed&lt;48, 24, (ap_q_mode)5, (ap_o_mode)3, 0&gt; hls::abs&lt;48, 24&gt;(ap_fixed&lt;48, 24, (ap_q_mode)5, (ap_o_mode)3, 0&gt;)" Caller-DebugLoc="File /tools/Xilinx/Vitis_HLS/2023.2/common/technology/autopilot/hls_math.h Line 1395 Column 0"/>
    </msg>
    <msg msg_groups="PRAGMA_INLINE" msg_id="214-178" msg_severity="INFO" msg_loc="/tools/Xilinx/Vitis_HLS/2023.2/common/technology/autopilot/etc/hls_log_apfixed.h:250:0" msg_body="Inlining function 'void log_apfixed_reduce::range_reduce&lt;ap_fixed&lt;44, 7, (ap_q_mode)5, (ap_o_mode)3, 0&gt;, 4, 4, 38, 30&gt;(ap_ufixed&lt;38, -(4), (ap_q_mode)5, (ap_o_mode)3, 0&gt;, ap_fixed&lt;44, 7, (ap_q_mode)5, (ap_o_mode)3, 0&gt;&amp;, ap_ufixed&lt;30, -(((4) + (4)) - (1)), (ap_q_mode)5, (ap_o_mode)3, 0&gt;&amp;)' into 'ap_ufixed&lt;25, -12, (ap_q_mode)5, (ap_o_mode)3, 0&gt; log_apfixed_reduce::log_traits&lt;3&gt;::range_reduction&lt;38&gt;(ap_ufixed&lt;38, -4, (ap_q_mode)5, (ap_o_mode)3, 0&gt;, ap_fixed&lt;44, 7, (ap_q_mode)5, (ap_o_mode)3, 0&gt;&amp;)'">
        <args Callee="void log_apfixed_reduce::range_reduce&lt;ap_fixed&lt;44, 7, (ap_q_mode)5, (ap_o_mode)3, 0&gt;, 4, 4, 38, 30&gt;(ap_ufixed&lt;38, -(4), (ap_q_mode)5, (ap_o_mode)3, 0&gt;, ap_fixed&lt;44, 7, (ap_q_mode)5, (ap_o_mode)3, 0&gt;&amp;, ap_ufixed&lt;30, -(((4) + (4)) - (1)), (ap_q_mode)5, (ap_o_mode)3, 0&gt;&amp;)" Callee-DebugLoc="File /tools/Xilinx/Vitis_HLS/2023.2/common/technology/autopilot/etc/hls_log_apfixed.h Line 145 Column 0" Caller="ap_ufixed&lt;25, -12, (ap_q_mode)5, (ap_o_mode)3, 0&gt; log_apfixed_reduce::log_traits&lt;3&gt;::range_reduction&lt;38&gt;(ap_ufixed&lt;38, -4, (ap_q_mode)5, (ap_o_mode)3, 0&gt;, ap_fixed&lt;44, 7, (ap_q_mode)5, (ap_o_mode)3, 0&gt;&amp;)" Caller-DebugLoc="File /tools/Xilinx/Vitis_HLS/2023.2/common/technology/autopilot/etc/hls_log_apfixed.h Line 250 Column 0"/>
    </msg>
    <msg msg_groups="PRAGMA_INLINE" msg_id="214-178" msg_severity="INFO" msg_loc="/tools/Xilinx/Vitis_HLS/2023.2/common/technology/autopilot/etc/hls_log_apfixed.h:250:0" msg_body="Inlining function 'void log_apfixed_reduce::range_reduce&lt;ap_fixed&lt;44, 7, (ap_q_mode)5, (ap_o_mode)3, 0&gt;, 7, 6, 30, 25&gt;(ap_ufixed&lt;30, -(7), (ap_q_mode)5, (ap_o_mode)3, 0&gt;, ap_fixed&lt;44, 7, (ap_q_mode)5, (ap_o_mode)3, 0&gt;&amp;, ap_ufixed&lt;25, -(((7) + (6)) - (1)), (ap_q_mode)5, (ap_o_mode)3, 0&gt;&amp;)' into 'ap_ufixed&lt;25, -12, (ap_q_mode)5, (ap_o_mode)3, 0&gt; log_apfixed_reduce::log_traits&lt;3&gt;::range_reduction&lt;38&gt;(ap_ufixed&lt;38, -4, (ap_q_mode)5, (ap_o_mode)3, 0&gt;, ap_fixed&lt;44, 7, (ap_q_mode)5, (ap_o_mode)3, 0&gt;&amp;)'">
        <args Callee="void log_apfixed_reduce::range_reduce&lt;ap_fixed&lt;44, 7, (ap_q_mode)5, (ap_o_mode)3, 0&gt;, 7, 6, 30, 25&gt;(ap_ufixed&lt;30, -(7), (ap_q_mode)5, (ap_o_mode)3, 0&gt;, ap_fixed&lt;44, 7, (ap_q_mode)5, (ap_o_mode)3, 0&gt;&amp;, ap_ufixed&lt;25, -(((7) + (6)) - (1)), (ap_q_mode)5, (ap_o_mode)3, 0&gt;&amp;)" Callee-DebugLoc="File /tools/Xilinx/Vitis_HLS/2023.2/common/technology/autopilot/etc/hls_log_apfixed.h Line 145 Column 0" Caller="ap_ufixed&lt;25, -12, (ap_q_mode)5, (ap_o_mode)3, 0&gt; log_apfixed_reduce::log_traits&lt;3&gt;::range_reduction&lt;38&gt;(ap_ufixed&lt;38, -4, (ap_q_mode)5, (ap_o_mode)3, 0&gt;, ap_fixed&lt;44, 7, (ap_q_mode)5, (ap_o_mode)3, 0&gt;&amp;)" Caller-DebugLoc="File /tools/Xilinx/Vitis_HLS/2023.2/common/technology/autopilot/etc/hls_log_apfixed.h Line 250 Column 0"/>
    </msg>
    <msg msg_groups="PRAGMA_INLINE" msg_id="214-178" msg_severity="INFO" msg_loc="/tools/Xilinx/Vitis_HLS/2023.2/common/technology/autopilot/etc/hls_log_apfixed.h:791:0" msg_body="Inlining function 'ap_ufixed&lt;25, -12, (ap_q_mode)5, (ap_o_mode)3, 0&gt; log_apfixed_reduce::log_traits&lt;3&gt;::range_reduction&lt;38&gt;(ap_ufixed&lt;38, -4, (ap_q_mode)5, (ap_o_mode)3, 0&gt;, ap_fixed&lt;44, 7, (ap_q_mode)5, (ap_o_mode)3, 0&gt;&amp;)' into 'ap_fixed&lt;48, 24, (ap_q_mode)5, (ap_o_mode)3, 0&gt; log_apfixed_reduce::log10&lt;48, 24&gt;(ap_fixed&lt;48, 24, (ap_q_mode)5, (ap_o_mode)3, 0&gt;)'">
        <args Callee="ap_ufixed&lt;25, -12, (ap_q_mode)5, (ap_o_mode)3, 0&gt; log_apfixed_reduce::log_traits&lt;3&gt;::range_reduction&lt;38&gt;(ap_ufixed&lt;38, -4, (ap_q_mode)5, (ap_o_mode)3, 0&gt;, ap_fixed&lt;44, 7, (ap_q_mode)5, (ap_o_mode)3, 0&gt;&amp;)" Callee-DebugLoc="File /tools/Xilinx/Vitis_HLS/2023.2/common/technology/autopilot/etc/hls_log_apfixed.h Line 250 Column 0" Caller="ap_fixed&lt;48, 24, (ap_q_mode)5, (ap_o_mode)3, 0&gt; log_apfixed_reduce::log10&lt;48, 24&gt;(ap_fixed&lt;48, 24, (ap_q_mode)5, (ap_o_mode)3, 0&gt;)" Caller-DebugLoc="File /tools/Xilinx/Vitis_HLS/2023.2/common/technology/autopilot/etc/hls_log_apfixed.h Line 791 Column 0"/>
    </msg>
</xilinx:hls_fe_msgs>

