<pragmas>
<pragma file="" line="0" pragmaType="inline" parentfunction="ap_fixed_base<88, 8, true, (ap_q_mode)5, (ap_o_mode)3, 0>& ap_fixed_base<88, 8, true, (ap_q_mode)5, (ap_o_mode)3, 0>::operator=<48, 5, true, (ap_q_mode)5, (ap_o_mode)3, 0>(ap_fixed_base<48, 5, true, (ap_q_mode)5, (ap_o_mode)3, 0> const&)" off="0" region="0" recursive="0"/>
<pragma file="" line="0" pragmaType="inline" parentfunction="ap_fixed_base<58, 1, false, (ap_q_mode)5, (ap_o_mode)3, 0>::operator<<=(int)" off="0" region="0" recursive="0"/>
<pragma file="" line="0" pragmaType="inline" parentfunction="ap_ufixed<48, 24, (ap_q_mode)5, (ap_o_mode)3, 0>::ap_ufixed(int)" off="0" region="0" recursive="0"/>
<pragma file="" line="0" pragmaType="inline" parentfunction="ap_fixed_base<48, 24, false, (ap_q_mode)5, (ap_o_mode)3, 0>::ap_fixed_base(int)" off="0" region="0" recursive="0"/>
<pragma file="" line="0" pragmaType="inline" parentfunction="ap_fixed_base<48, 24, true, (ap_q_mode)5, (ap_o_mode)3, 0>& ap_fixed_base<48, 24, true, (ap_q_mode)5, (ap_o_mode)3, 0>::operator=<80, 56, true, (ap_q_mode)5, (ap_o_mode)3, 0>(ap_fixed_base<80, 56, true, (ap_q_mode)5, (ap_o_mode)3, 0> const&)" off="0" region="0" recursive="0"/>
<pragma file="" line="0" pragmaType="inline" parentfunction="ap_fixed_base<32, 32, true, (ap_q_mode)5, (ap_o_mode)3, 0>::operator!() const" off="0" region="0" recursive="0"/>
<pragma file="" line="0" pragmaType="inline" parentfunction="ap_fixed_base<48, 24, true, (ap_q_mode)5, (ap_o_mode)3, 0>::RType<48, 24, false>::div ap_fixed_base<48, 24, true, (ap_q_mode)5, (ap_o_mode)3, 0>::operator/<48, 24, false, (ap_q_mode)5, (ap_o_mode)3, 0>(ap_fixed_base<48, 24, false, (ap_q_mode)5, (ap_o_mode)3, 0> const&) const" off="0" region="0" recursive="0"/>
<pragma file="" line="0" pragmaType="inline" parentfunction="ap_fixed<48, 24, (ap_q_mode)5, (ap_o_mode)3, 0>::ap_fixed<72, 48, true, (ap_q_mode)5, (ap_o_mode)3, 0>(ap_fixed_base<72, 48, true, (ap_q_mode)5, (ap_o_mode)3, 0> const&)" off="0" region="0" recursive="0"/>
<pragma file="" line="0" pragmaType="inline" parentfunction="ap_fixed_base<48, 24, true, (ap_q_mode)5, (ap_o_mode)3, 0>::RType<($_0)32, ($_0)32, true>::mult operator*<48, 24, true, (ap_q_mode)5, (ap_o_mode)3, 0>(int, ap_fixed_base<48, 24, true, (ap_q_mode)5, (ap_o_mode)3, 0> const&)" off="0" region="0" recursive="0"/>
<pragma file="" line="0" pragmaType="inline" parentfunction="ap_fixed<48, 24, (ap_q_mode)5, (ap_o_mode)3, 0>::ap_fixed<80, 56, true, (ap_q_mode)5, (ap_o_mode)3, 0>(ap_fixed_base<80, 56, true, (ap_q_mode)5, (ap_o_mode)3, 0> const&)" off="0" region="0" recursive="0"/>
<pragma file="" line="0" pragmaType="inline" parentfunction="ap_fixed_base<48, 24, true, (ap_q_mode)5, (ap_o_mode)3, 0>::ap_fixed_base<80, 56, true, (ap_q_mode)5, (ap_o_mode)3, 0>(ap_fixed_base<80, 56, true, (ap_q_mode)5, (ap_o_mode)3, 0> const&)" off="0" region="0" recursive="0"/>
<pragma file="/tools/Xilinx/Vitis_HLS/2023.2/common/technology/autopilot/etc/ap_common.h" line="515" pragmaType="inline" parentfunction="_ZN8ssdm_intILi48ELb1EEC2EDq48_i" off="0" region="0" recursive="0"/>
<pragma file="" line="0" pragmaType="inline" parentfunction="report" off="0" region="0" recursive="0"/>
<pragma file="" line="0" pragmaType="inline" parentfunction="ap_fixed_base<80, 56, true, (ap_q_mode)5, (ap_o_mode)3, 0>::operator!() const" off="0" region="0" recursive="0"/>
<pragma file="" line="0" pragmaType="inline" parentfunction="ap_fixed_base<32, 32, true, (ap_q_mode)5, (ap_o_mode)3, 0>::ap_fixed_base(int)" off="0" region="0" recursive="0"/>
<pragma file="" line="0" pragmaType="inline" parentfunction="ap_fixed_base<32, 32, true, (ap_q_mode)5, (ap_o_mode)3, 0>::RType<48, 24, true>::mult ap_fixed_base<32, 32, true, (ap_q_mode)5, (ap_o_mode)3, 0>::operator*<48, 24, true, (ap_q_mode)5, (ap_o_mode)3, 0>(ap_fixed_base<48, 24, true, (ap_q_mode)5, (ap_o_mode)3, 0> const&) const" off="0" region="0" recursive="0"/>
<pragma file="" line="0" pragmaType="inline" parentfunction="ap_fixed_base<80, 56, true, (ap_q_mode)5, (ap_o_mode)3, 0>::ap_fixed_base(int)" off="0" region="0" recursive="0"/>
<pragma file="" line="0" pragmaType="inline" parentfunction="ap_fixed<80, 56, (ap_q_mode)5, (ap_o_mode)3, 0>::ap_fixed<80, 56, true, (ap_q_mode)5, (ap_o_mode)3, 0>(ap_fixed_base<80, 56, true, (ap_q_mode)5, (ap_o_mode)3, 0> const&)" off="0" region="0" recursive="0"/>
<pragma file="" line="0" pragmaType="inline" parentfunction="af_bit_ref<48, 24, true, (ap_q_mode)5, (ap_o_mode)3, 0>::operator=(bool)" off="0" region="0" recursive="0"/>
<pragma file="" line="0" pragmaType="inline" parentfunction="ap_ufixed<6, 1, (ap_q_mode)5, (ap_o_mode)3, 0>::ap_ufixed(char const*)" off="0" region="0" recursive="0"/>
<pragma file="" line="0" pragmaType="inline" parentfunction="ap_fixed_base<6, 1, false, (ap_q_mode)5, (ap_o_mode)3, 0>::ap_fixed_base(char const*)" off="0" region="0" recursive="0"/>
<pragma file="" line="0" pragmaType="inline" parentfunction="ap_fixed<44, 7, (ap_q_mode)5, (ap_o_mode)3, 0>::ap_fixed(char const*)" off="0" region="0" recursive="0"/>
<pragma file="" line="0" pragmaType="inline" parentfunction="ap_fixed_base<44, 7, true, (ap_q_mode)5, (ap_o_mode)3, 0>::ap_fixed_base(char const*)" off="0" region="0" recursive="0"/>
<pragma file="" line="0" pragmaType="inline" parentfunction="ap_fixed<20, 7, (ap_q_mode)5, (ap_o_mode)3, 0>::ap_fixed(char const*)" off="0" region="0" recursive="0"/>
<pragma file="" line="0" pragmaType="inline" parentfunction="ap_fixed_base<20, 7, true, (ap_q_mode)5, (ap_o_mode)3, 0>::ap_fixed_base(char const*)" off="0" region="0" recursive="0"/>
<pragma file="" line="0" pragmaType="inline" parentfunction="ap_fixed<119, 7, (ap_q_mode)5, (ap_o_mode)3, 0>::ap_fixed(char const*)" off="0" region="0" recursive="0"/>
<pragma file="" line="0" pragmaType="inline" parentfunction="ap_fixed_base<119, 7, true, (ap_q_mode)5, (ap_o_mode)3, 0>::ap_fixed_base(char const*)" off="0" region="0" recursive="0"/>
<pragma file="" line="0" pragmaType="inline" parentfunction="ap_fixed<104, 7, (ap_q_mode)5, (ap_o_mode)3, 0>::ap_fixed(char const*)" off="0" region="0" recursive="0"/>
<pragma file="" line="0" pragmaType="inline" parentfunction="ap_fixed_base<104, 7, true, (ap_q_mode)5, (ap_o_mode)3, 0>::ap_fixed_base(char const*)" off="0" region="0" recursive="0"/>
<pragma file="" line="0" pragmaType="inline" parentfunction="ap_fixed<89, 7, (ap_q_mode)5, (ap_o_mode)3, 0>::ap_fixed(char const*)" off="0" region="0" recursive="0"/>
<pragma file="" line="0" pragmaType="inline" parentfunction="ap_fixed_base<89, 7, true, (ap_q_mode)5, (ap_o_mode)3, 0>::ap_fixed_base(char const*)" off="0" region="0" recursive="0"/>
<pragma file="" line="0" pragmaType="inline" parentfunction="ap_fixed<74, 7, (ap_q_mode)5, (ap_o_mode)3, 0>::ap_fixed(char const*)" off="0" region="0" recursive="0"/>
<pragma file="" line="0" pragmaType="inline" parentfunction="ap_fixed_base<74, 7, true, (ap_q_mode)5, (ap_o_mode)3, 0>::ap_fixed_base(char const*)" off="0" region="0" recursive="0"/>
<pragma file="" line="0" pragmaType="inline" parentfunction="ap_fixed<59, 7, (ap_q_mode)5, (ap_o_mode)3, 0>::ap_fixed(char const*)" off="0" region="0" recursive="0"/>
<pragma file="" line="0" pragmaType="inline" parentfunction="ap_fixed_base<59, 7, true, (ap_q_mode)5, (ap_o_mode)3, 0>::ap_fixed_base(char const*)" off="0" region="0" recursive="0"/>
<pragma file="" line="0" pragmaType="inline" parentfunction="ap_fixed<29, 7, (ap_q_mode)5, (ap_o_mode)3, 0>::ap_fixed(char const*)" off="0" region="0" recursive="0"/>
<pragma file="" line="0" pragmaType="inline" parentfunction="ap_fixed_base<29, 7, true, (ap_q_mode)5, (ap_o_mode)3, 0>::ap_fixed_base(char const*)" off="0" region="0" recursive="0"/>
<pragma file="/tools/Xilinx/Vitis_HLS/2023.2/common/technology/autopilot/etc/hls_log_apfixed.h" line="792" pragmaType="pipeline" parentfunction="log10" off="0" ii="-1" style=""/>
<pragma file="/tools/Xilinx/Vitis_HLS/2023.2/common/technology/autopilot/etc/hls_log_apfixed.h" line="922" pragmaType="unroll" parentfunction="log10" factor="-1" skip_exit_check="0"/>
<pragma file="" line="0" pragmaType="inline" parentfunction="ap_fixed<48, 24, (ap_q_mode)5, (ap_o_mode)3, 0>::ap_fixed(int)" off="0" region="0" recursive="0"/>
<pragma file="" line="0" pragmaType="inline" parentfunction="ap_ufixed<47, 23, (ap_q_mode)5, (ap_o_mode)3, 0>::ap_ufixed<48, 24, true, (ap_q_mode)5, (ap_o_mode)3, 0>(ap_fixed_base<48, 24, true, (ap_q_mode)5, (ap_o_mode)3, 0> const&)" off="0" region="0" recursive="0"/>
<pragma file="" line="0" pragmaType="inline" parentfunction="bool operator<=<48, 24, true, (ap_q_mode)5, (ap_o_mode)3, 0>(ap_fixed_base<48, 24, true, (ap_q_mode)5, (ap_o_mode)3, 0> const&, int)" off="0" region="0" recursive="0"/>
<pragma file="" line="0" pragmaType="inline" parentfunction="ap_fixed_base<48, 24, true, (ap_q_mode)5, (ap_o_mode)3, 0>::operator[](unsigned int)" off="0" region="0" recursive="0"/>
<pragma file="" line="0" pragmaType="inline" parentfunction="af_bit_ref<58, 1, false, (ap_q_mode)5, (ap_o_mode)3, 0>::operator=(bool)" off="0" region="0" recursive="0"/>
<pragma file="" line="0" pragmaType="inline" parentfunction="ap_int<7>::ap_int(int)" off="0" region="0" recursive="0"/>
<pragma file="" line="0" pragmaType="inline" parentfunction="ap_ufixed<58, 1, (ap_q_mode)5, (ap_o_mode)3, 0>::ap_ufixed(int)" off="0" region="0" recursive="0"/>
<pragma file="" line="0" pragmaType="inline" parentfunction="ap_fixed_base<58, 1, false, (ap_q_mode)5, (ap_o_mode)3, 0>::operator[](unsigned int)" off="0" region="0" recursive="0"/>
<pragma file="" line="0" pragmaType="inline" parentfunction="af_range_ref<58, 1, false, (ap_q_mode)5, (ap_o_mode)3, 0>& af_range_ref<58, 1, false, (ap_q_mode)5, (ap_o_mode)3, 0>::operator=<48, 24, true, (ap_q_mode)5, (ap_o_mode)3, 0>(af_range_ref<48, 24, true, (ap_q_mode)5, (ap_o_mode)3, 0> const&)" off="0" region="0" recursive="0"/>
<pragma file="" line="0" pragmaType="inline" parentfunction="ap_fixed_base<48, 24, true, (ap_q_mode)5, (ap_o_mode)3, 0>::operator()(int, int)" off="0" region="0" recursive="0"/>
<pragma file="" line="0" pragmaType="inline" parentfunction="ap_fixed_base<58, 1, false, (ap_q_mode)5, (ap_o_mode)3, 0>::operator()(int, int)" off="0" region="0" recursive="0"/>
<pragma file="" line="0" pragmaType="inline" parentfunction="bool operator>=<7, true>(ap_int_base<7, true> const&, int)" off="0" region="0" recursive="0"/>
<pragma file="" line="0" pragmaType="inline" parentfunction="af_bit_ref<58, 1, false, (ap_q_mode)5, (ap_o_mode)3, 0>::operator bool() const" off="0" region="0" recursive="0"/>
<pragma file="" line="0" pragmaType="inline" parentfunction="ap_int_base<7, true>::operator--(int)" off="0" region="0" recursive="0"/>
<pragma file="" line="0" pragmaType="inline" parentfunction="ap_fixed_base<48, 24, true, (ap_q_mode)5, (ap_o_mode)3, 0>& ap_fixed_base<48, 24, true, (ap_q_mode)5, (ap_o_mode)3, 0>::operator=<44, 7, true, (ap_q_mode)5, (ap_o_mode)3, 0>(ap_fixed_base<44, 7, true, (ap_q_mode)5, (ap_o_mode)3, 0> const&)" off="0" region="0" recursive="0"/>
<pragma file="" line="0" pragmaType="inline" parentfunction="ap_ufixed<25, 0, (ap_q_mode)5, (ap_o_mode)3, 0>::ap_ufixed(double)" off="0" region="0" recursive="0"/>
<pragma file="" line="0" pragmaType="inline" parentfunction="ap_ufixed<43, 0, (ap_q_mode)5, (ap_o_mode)3, 0>::ap_ufixed(double)" off="0" region="0" recursive="0"/>
<pragma file="" line="0" pragmaType="inline" parentfunction="ap_fixed_base<25, 0, false, (ap_q_mode)5, (ap_o_mode)3, 0>::RType<7, 7, true>::mult operator*<25, 0, false, (ap_q_mode)5, (ap_o_mode)3, 0, 7, true>(ap_fixed_base<25, 0, false, (ap_q_mode)5, (ap_o_mode)3, 0> const&, ap_int_base<7, true> const&)" off="0" region="0" recursive="0"/>
<pragma file="" line="0" pragmaType="inline" parentfunction="ap_fixed<30, 5, (ap_q_mode)5, (ap_o_mode)3, 0>::ap_fixed<32, 7, true, (ap_q_mode)5, (ap_o_mode)3, 0>(ap_fixed_base<32, 7, true, (ap_q_mode)5, (ap_o_mode)3, 0> const&)" off="0" region="0" recursive="0"/>
<pragma file="" line="0" pragmaType="inline" parentfunction="ap_fixed_base<43, 0, false, (ap_q_mode)5, (ap_o_mode)3, 0>::RType<7, 7, true>::mult operator*<43, 0, false, (ap_q_mode)5, (ap_o_mode)3, 0, 7, true>(ap_fixed_base<43, 0, false, (ap_q_mode)5, (ap_o_mode)3, 0> const&, ap_int_base<7, true> const&)" off="0" region="0" recursive="0"/>
<pragma file="" line="0" pragmaType="inline" parentfunction="ap_fixed<48, 5, (ap_q_mode)5, (ap_o_mode)3, 0>::ap_fixed<50, 7, true, (ap_q_mode)5, (ap_o_mode)3, 0>(ap_fixed_base<50, 7, true, (ap_q_mode)5, (ap_o_mode)3, 0> const&)" off="0" region="0" recursive="0"/>
<pragma file="" line="0" pragmaType="inline" parentfunction="ap_uint<6>::ap_uint<58, 1, false, (ap_q_mode)5, (ap_o_mode)3, 0>(af_range_ref<58, 1, false, (ap_q_mode)5, (ap_o_mode)3, 0> const&)" off="0" region="0" recursive="0"/>
<pragma file="" line="0" pragmaType="inline" parentfunction="ap_int_base<6, false>::operator unsigned long long() const" off="0" region="0" recursive="0"/>
<pragma file="" line="0" pragmaType="inline" parentfunction="ap_fixed_base<58, 1, false, (ap_q_mode)5, (ap_o_mode)3, 0>::RType<6, 1, false>::mult ap_fixed_base<58, 1, false, (ap_q_mode)5, (ap_o_mode)3, 0>::operator*<6, 1, false, (ap_q_mode)5, (ap_o_mode)3, 0>(ap_fixed_base<6, 1, false, (ap_q_mode)5, (ap_o_mode)3, 0> const&) const" off="0" region="0" recursive="0"/>
<pragma file="" line="0" pragmaType="inline" parentfunction="ap_ufixed<65, 1, (ap_q_mode)5, (ap_o_mode)3, 0>::ap_ufixed<64, 2, false, (ap_q_mode)5, (ap_o_mode)3, 0>(ap_fixed_base<64, 2, false, (ap_q_mode)5, (ap_o_mode)3, 0> const&)" off="0" region="0" recursive="0"/>
<pragma file="" line="0" pragmaType="inline" parentfunction="ap_ufixed<38, -4, (ap_q_mode)5, (ap_o_mode)3, 0>::ap_ufixed<65, 1, false, (ap_q_mode)5, (ap_o_mode)3, 0>(ap_fixed_base<65, 1, false, (ap_q_mode)5, (ap_o_mode)3, 0> const&)" off="0" region="0" recursive="0"/>
<pragma file="" line="0" pragmaType="inline" parentfunction="ap_fixed<27, -11, (ap_q_mode)5, (ap_o_mode)3, 0>::ap_fixed<25, -12, false, (ap_q_mode)5, (ap_o_mode)3, 0>(ap_fixed_base<25, -12, false, (ap_q_mode)5, (ap_o_mode)3, 0> const&)" off="0" region="0" recursive="0"/>
<pragma file="" line="0" pragmaType="inline" parentfunction="ap_fixed<15, -11, (ap_q_mode)5, (ap_o_mode)3, 0>::ap_fixed<27, -11, true, (ap_q_mode)5, (ap_o_mode)3, 0>(ap_fixed_base<27, -11, true, (ap_q_mode)5, (ap_o_mode)3, 0> const&)" off="0" region="0" recursive="0"/>
<pragma file="" line="0" pragmaType="inline" parentfunction="ap_fixed_base<15, -11, true, (ap_q_mode)5, (ap_o_mode)3, 0>::RType<15, -11, true>::mult ap_fixed_base<15, -11, true, (ap_q_mode)5, (ap_o_mode)3, 0>::operator*<15, -11, true, (ap_q_mode)5, (ap_o_mode)3, 0>(ap_fixed_base<15, -11, true, (ap_q_mode)5, (ap_o_mode)3, 0> const&) const" off="0" region="0" recursive="0"/>
<pragma file="" line="0" pragmaType="inline" parentfunction="ap_fixed_base<30, -22, true, (ap_q_mode)5, (ap_o_mode)3, 0>::RType<($_0)32, ($_0)32, true>::div operator/<30, -22, true, (ap_q_mode)5, (ap_o_mode)3, 0>(ap_fixed_base<30, -22, true, (ap_q_mode)5, (ap_o_mode)3, 0> const&, int)" off="0" region="0" recursive="0"/>
<pragma file="" line="0" pragmaType="inline" parentfunction="ap_fixed_base<27, -11, true, (ap_q_mode)5, (ap_o_mode)3, 0>::RType<31, -21, true>::minus ap_fixed_base<27, -11, true, (ap_q_mode)5, (ap_o_mode)3, 0>::operator-<31, -21, true, (ap_q_mode)5, (ap_o_mode)3, 0>(ap_fixed_base<31, -21, true, (ap_q_mode)5, (ap_o_mode)3, 0> const&) const" off="0" region="0" recursive="0"/>
<pragma file="" line="0" pragmaType="inline" parentfunction="ap_fixed<44, 7, (ap_q_mode)5, (ap_o_mode)3, 0>::ap_fixed<42, -10, true, (ap_q_mode)5, (ap_o_mode)3, 0>(ap_fixed_base<42, -10, true, (ap_q_mode)5, (ap_o_mode)3, 0> const&)" off="0" region="0" recursive="0"/>
<pragma file="" line="0" pragmaType="inline" parentfunction="ap_fixed_base<44, 7, true, (ap_q_mode)5, (ap_o_mode)3, 0>::RType<44, 7, true>::plus ap_fixed_base<44, 7, true, (ap_q_mode)5, (ap_o_mode)3, 0>::operator+<44, 7, true, (ap_q_mode)5, (ap_o_mode)3, 0>(ap_fixed_base<44, 7, true, (ap_q_mode)5, (ap_o_mode)3, 0> const&) const" off="0" region="0" recursive="0"/>
<pragma file="" line="0" pragmaType="inline" parentfunction="ap_fixed<44, 7, (ap_q_mode)5, (ap_o_mode)3, 0>::ap_fixed<45, 8, true, (ap_q_mode)5, (ap_o_mode)3, 0>(ap_fixed_base<45, 8, true, (ap_q_mode)5, (ap_o_mode)3, 0> const&)" off="0" region="0" recursive="0"/>
<pragma file="" line="0" pragmaType="inline" parentfunction="ap_fixed_base<44, 7, true, (ap_q_mode)5, (ap_o_mode)3, 0>::RType<43, 0, false>::mult ap_fixed_base<44, 7, true, (ap_q_mode)5, (ap_o_mode)3, 0>::operator*<43, 0, false, (ap_q_mode)5, (ap_o_mode)3, 0>(ap_fixed_base<43, 0, false, (ap_q_mode)5, (ap_o_mode)3, 0> const&) const" off="0" region="0" recursive="0"/>
<pragma file="" line="0" pragmaType="inline" parentfunction="ap_fixed_base<48, 5, true, (ap_q_mode)5, (ap_o_mode)3, 0>::RType<87, 7, true>::plus ap_fixed_base<48, 5, true, (ap_q_mode)5, (ap_o_mode)3, 0>::operator+<87, 7, true, (ap_q_mode)5, (ap_o_mode)3, 0>(ap_fixed_base<87, 7, true, (ap_q_mode)5, (ap_o_mode)3, 0> const&) const" off="0" region="0" recursive="0"/>
<pragma file="" line="0" pragmaType="inline" parentfunction="ap_fixed<44, 7, (ap_q_mode)5, (ap_o_mode)3, 0>::ap_fixed<88, 8, true, (ap_q_mode)5, (ap_o_mode)3, 0>(ap_fixed_base<88, 8, true, (ap_q_mode)5, (ap_o_mode)3, 0> const&)" off="0" region="0" recursive="0"/>
<pragma file="" line="0" pragmaType="inline" parentfunction="ap_fixed<48, 24, (ap_q_mode)5, (ap_o_mode)3, 0>::ap_fixed<44, 7, true, (ap_q_mode)5, (ap_o_mode)3, 0>(ap_fixed_base<44, 7, true, (ap_q_mode)5, (ap_o_mode)3, 0> const&)" off="0" region="0" recursive="0"/>
<pragma file="" line="0" pragmaType="inline" parentfunction="ap_fixed_base<48, 24, true, (ap_q_mode)5, (ap_o_mode)3, 0>::ap_fixed_base<44, 7, true, (ap_q_mode)5, (ap_o_mode)3, 0>(ap_fixed_base<44, 7, true, (ap_q_mode)5, (ap_o_mode)3, 0> const&)" off="0" region="0" recursive="0"/>
<pragma file="" line="0" pragmaType="inline" parentfunction="ap_fixed_base<44, 7, true, (ap_q_mode)5, (ap_o_mode)3, 0>& ap_fixed_base<44, 7, true, (ap_q_mode)5, (ap_o_mode)3, 0>::operator=<88, 8, true, (ap_q_mode)5, (ap_o_mode)3, 0>(ap_fixed_base<88, 8, true, (ap_q_mode)5, (ap_o_mode)3, 0> const&)" off="0" region="0" recursive="0"/>
<pragma file="" line="0" pragmaType="inline" parentfunction="ap_fixed_base<44, 7, true, (ap_q_mode)5, (ap_o_mode)3, 0>::operator!() const" off="0" region="0" recursive="0"/>
<pragma file="" line="0" pragmaType="inline" parentfunction="ap_fixed_base<44, 7, true, (ap_q_mode)5, (ap_o_mode)3, 0>::ap_fixed_base<88, 8, true, (ap_q_mode)5, (ap_o_mode)3, 0>(ap_fixed_base<88, 8, true, (ap_q_mode)5, (ap_o_mode)3, 0> const&)" off="0" region="0" recursive="0"/>
<pragma file="/tools/Xilinx/Vitis_HLS/2023.2/common/technology/autopilot/etc/ap_common.h" line="515" pragmaType="inline" parentfunction="_ZN8ssdm_intILi44ELb1EEC2EDq44_i" off="0" region="0" recursive="0"/>
<pragma file="" line="0" pragmaType="inline" parentfunction="report" off="0" region="0" recursive="0"/>
<pragma file="" line="0" pragmaType="inline" parentfunction="ap_fixed_base<88, 8, true, (ap_q_mode)5, (ap_o_mode)3, 0>::operator!() const" off="0" region="0" recursive="0"/>
<pragma file="" line="0" pragmaType="inline" parentfunction="ap_fixed_base<88, 8, true, (ap_q_mode)5, (ap_o_mode)3, 0>::ap_fixed_base(int)" off="0" region="0" recursive="0"/>
<pragma file="" line="0" pragmaType="inline" parentfunction="ap_fixed_base<88, 8, true, (ap_q_mode)5, (ap_o_mode)3, 0>::ap_fixed_base<48, 5, true, (ap_q_mode)5, (ap_o_mode)3, 0>(ap_fixed_base<48, 5, true, (ap_q_mode)5, (ap_o_mode)3, 0> const&)" off="0" region="0" recursive="0"/>
<pragma file="" line="0" pragmaType="inline" parentfunction="ap_fixed_base<88, 8, true, (ap_q_mode)5, (ap_o_mode)3, 0>::ap_fixed_base<87, 7, true, (ap_q_mode)5, (ap_o_mode)3, 0>(ap_fixed_base<87, 7, true, (ap_q_mode)5, (ap_o_mode)3, 0> const&)" off="0" region="0" recursive="0"/>
<pragma file="" line="0" pragmaType="inline" parentfunction="ap_fixed<88, 8, (ap_q_mode)5, (ap_o_mode)3, 0>::ap_fixed<88, 8, true, (ap_q_mode)5, (ap_o_mode)3, 0>(ap_fixed_base<88, 8, true, (ap_q_mode)5, (ap_o_mode)3, 0> const&)" off="0" region="0" recursive="0"/>
<pragma file="/tools/Xilinx/Vitis_HLS/2023.2/common/technology/autopilot/etc/ap_common.h" line="515" pragmaType="inline" parentfunction="_ZN8ssdm_intILi88ELb1EEC2EDq88_i" off="0" region="0" recursive="0"/>
<pragma file="" line="0" pragmaType="inline" parentfunction="report" off="0" region="0" recursive="0"/>
<pragma file="" line="0" pragmaType="inline" parentfunction="ap_fixed_base<87, 7, true, (ap_q_mode)5, (ap_o_mode)3, 0>::operator!() const" off="0" region="0" recursive="0"/>
<pragma file="" line="0" pragmaType="inline" parentfunction="ap_fixed_base<88, 8, true, (ap_q_mode)5, (ap_o_mode)3, 0>& ap_fixed_base<88, 8, true, (ap_q_mode)5, (ap_o_mode)3, 0>::operator=<32, 32, true, (ap_q_mode)5, (ap_o_mode)3, 0>(ap_fixed_base<32, 32, true, (ap_q_mode)5, (ap_o_mode)3, 0> const&)" off="0" region="0" recursive="0"/>
<pragma file="" line="0" pragmaType="inline" parentfunction="ap_fixed_base<48, 5, true, (ap_q_mode)5, (ap_o_mode)3, 0>::operator!() const" off="0" region="0" recursive="0"/>
<pragma file="" line="0" pragmaType="inline" parentfunction="ap_fixed_base<87, 7, true, (ap_q_mode)5, (ap_o_mode)3, 0>& ap_fixed_base<87, 7, true, (ap_q_mode)5, (ap_o_mode)3, 0>::operator=<32, 32, true, (ap_q_mode)5, (ap_o_mode)3, 0>(ap_fixed_base<32, 32, true, (ap_q_mode)5, (ap_o_mode)3, 0> const&)" off="0" region="0" recursive="0"/>
<pragma file="" line="0" pragmaType="inline" parentfunction="ap_fixed_base<87, 7, true, (ap_q_mode)5, (ap_o_mode)3, 0>::ap_fixed_base(int)" off="0" region="0" recursive="0"/>
<pragma file="" line="0" pragmaType="inline" parentfunction="ap_fixed<87, 7, (ap_q_mode)5, (ap_o_mode)3, 0>::ap_fixed<87, 7, true, (ap_q_mode)5, (ap_o_mode)3, 0>(ap_fixed_base<87, 7, true, (ap_q_mode)5, (ap_o_mode)3, 0> const&)" off="0" region="0" recursive="0"/>
<pragma file="" line="0" pragmaType="inline" parentfunction="ap_fixed_base<44, 7, true, (ap_q_mode)5, (ap_o_mode)3, 0>& ap_fixed_base<44, 7, true, (ap_q_mode)5, (ap_o_mode)3, 0>::operator=<45, 8, true, (ap_q_mode)5, (ap_o_mode)3, 0>(ap_fixed_base<45, 8, true, (ap_q_mode)5, (ap_o_mode)3, 0> const&)" off="0" region="0" recursive="0"/>
<pragma file="" line="0" pragmaType="inline" parentfunction="ap_fixed_base<44, 7, true, (ap_q_mode)5, (ap_o_mode)3, 0>::ap_fixed_base<45, 8, true, (ap_q_mode)5, (ap_o_mode)3, 0>(ap_fixed_base<45, 8, true, (ap_q_mode)5, (ap_o_mode)3, 0> const&)" off="0" region="0" recursive="0"/>
<pragma file="" line="0" pragmaType="inline" parentfunction="ap_fixed_base<45, 8, true, (ap_q_mode)5, (ap_o_mode)3, 0>& ap_fixed_base<45, 8, true, (ap_q_mode)5, (ap_o_mode)3, 0>::operator=<44, 7, true, (ap_q_mode)5, (ap_o_mode)3, 0>(ap_fixed_base<44, 7, true, (ap_q_mode)5, (ap_o_mode)3, 0> const&)" off="0" region="0" recursive="0"/>
<pragma file="" line="0" pragmaType="inline" parentfunction="ap_fixed_base<45, 8, true, (ap_q_mode)5, (ap_o_mode)3, 0>::operator!() const" off="0" region="0" recursive="0"/>
<pragma file="" line="0" pragmaType="inline" parentfunction="ap_fixed_base<45, 8, true, (ap_q_mode)5, (ap_o_mode)3, 0>::ap_fixed_base(int)" off="0" region="0" recursive="0"/>
<pragma file="" line="0" pragmaType="inline" parentfunction="ap_fixed_base<45, 8, true, (ap_q_mode)5, (ap_o_mode)3, 0>::ap_fixed_base<44, 7, true, (ap_q_mode)5, (ap_o_mode)3, 0>(ap_fixed_base<44, 7, true, (ap_q_mode)5, (ap_o_mode)3, 0> const&)" off="0" region="0" recursive="0"/>
<pragma file="" line="0" pragmaType="inline" parentfunction="ap_fixed<45, 8, (ap_q_mode)5, (ap_o_mode)3, 0>::ap_fixed<45, 8, true, (ap_q_mode)5, (ap_o_mode)3, 0>(ap_fixed_base<45, 8, true, (ap_q_mode)5, (ap_o_mode)3, 0> const&)" off="0" region="0" recursive="0"/>
<pragma file="/tools/Xilinx/Vitis_HLS/2023.2/common/technology/autopilot/etc/ap_common.h" line="515" pragmaType="inline" parentfunction="_ZN8ssdm_intILi45ELb1EEC2EDq45_i" off="0" region="0" recursive="0"/>
<pragma file="" line="0" pragmaType="inline" parentfunction="report" off="0" region="0" recursive="0"/>
<pragma file="" line="0" pragmaType="inline" parentfunction="ap_fixed_base<44, 7, true, (ap_q_mode)5, (ap_o_mode)3, 0>& ap_fixed_base<44, 7, true, (ap_q_mode)5, (ap_o_mode)3, 0>::operator=<42, -10, true, (ap_q_mode)5, (ap_o_mode)3, 0>(ap_fixed_base<42, -10, true, (ap_q_mode)5, (ap_o_mode)3, 0> const&)" off="0" region="0" recursive="0"/>
<pragma file="" line="0" pragmaType="inline" parentfunction="ap_fixed_base<44, 7, true, (ap_q_mode)5, (ap_o_mode)3, 0>::ap_fixed_base<42, -10, true, (ap_q_mode)5, (ap_o_mode)3, 0>(ap_fixed_base<42, -10, true, (ap_q_mode)5, (ap_o_mode)3, 0> const&)" off="0" region="0" recursive="0"/>
<pragma file="" line="0" pragmaType="inline" parentfunction="ap_fixed_base<42, -10, true, (ap_q_mode)5, (ap_o_mode)3, 0>& ap_fixed_base<42, -10, true, (ap_q_mode)5, (ap_o_mode)3, 0>::operator=<31, -21, true, (ap_q_mode)5, (ap_o_mode)3, 0>(ap_fixed_base<31, -21, true, (ap_q_mode)5, (ap_o_mode)3, 0> const&)" off="0" region="0" recursive="0"/>
<pragma file="" line="0" pragmaType="inline" parentfunction="ap_fixed_base<42, -10, true, (ap_q_mode)5, (ap_o_mode)3, 0>::operator!() const" off="0" region="0" recursive="0"/>
<pragma file="" line="0" pragmaType="inline" parentfunction="ap_fixed_base<42, -10, true, (ap_q_mode)5, (ap_o_mode)3, 0>::ap_fixed_base(int)" off="0" region="0" recursive="0"/>
<pragma file="" line="0" pragmaType="inline" parentfunction="ap_fixed_base<42, -10, true, (ap_q_mode)5, (ap_o_mode)3, 0>::ap_fixed_base<27, -11, true, (ap_q_mode)5, (ap_o_mode)3, 0>(ap_fixed_base<27, -11, true, (ap_q_mode)5, (ap_o_mode)3, 0> const&)" off="0" region="0" recursive="0"/>
<pragma file="" line="0" pragmaType="inline" parentfunction="ap_fixed_base<42, -10, true, (ap_q_mode)5, (ap_o_mode)3, 0>::ap_fixed_base<31, -21, true, (ap_q_mode)5, (ap_o_mode)3, 0>(ap_fixed_base<31, -21, true, (ap_q_mode)5, (ap_o_mode)3, 0> const&)" off="0" region="0" recursive="0"/>
<pragma file="" line="0" pragmaType="inline" parentfunction="ap_fixed<42, -10, (ap_q_mode)5, (ap_o_mode)3, 0>::ap_fixed<42, -10, true, (ap_q_mode)5, (ap_o_mode)3, 0>(ap_fixed_base<42, -10, true, (ap_q_mode)5, (ap_o_mode)3, 0> const&)" off="0" region="0" recursive="0"/>
<pragma file="/tools/Xilinx/Vitis_HLS/2023.2/common/technology/autopilot/etc/ap_common.h" line="515" pragmaType="inline" parentfunction="_ZN8ssdm_intILi42ELb1EEC2EDq42_i" off="0" region="0" recursive="0"/>
<pragma file="" line="0" pragmaType="inline" parentfunction="report" off="0" region="0" recursive="0"/>
<pragma file="" line="0" pragmaType="inline" parentfunction="ap_fixed_base<31, -21, true, (ap_q_mode)5, (ap_o_mode)3, 0>::operator!() const" off="0" region="0" recursive="0"/>
<pragma file="" line="0" pragmaType="inline" parentfunction="ap_fixed_base<42, -10, true, (ap_q_mode)5, (ap_o_mode)3, 0>& ap_fixed_base<42, -10, true, (ap_q_mode)5, (ap_o_mode)3, 0>::operator=<32, 32, true, (ap_q_mode)5, (ap_o_mode)3, 0>(ap_fixed_base<32, 32, true, (ap_q_mode)5, (ap_o_mode)3, 0> const&)" off="0" region="0" recursive="0"/>
<pragma file="" line="0" pragmaType="inline" parentfunction="ap_fixed_base<27, -11, true, (ap_q_mode)5, (ap_o_mode)3, 0>::operator!() const" off="0" region="0" recursive="0"/>
<pragma file="" line="0" pragmaType="inline" parentfunction="ap_fixed_base<30, -22, true, (ap_q_mode)5, (ap_o_mode)3, 0>& ap_fixed_base<30, -22, true, (ap_q_mode)5, (ap_o_mode)3, 0>::operator=<32, 32, true, (ap_q_mode)5, (ap_o_mode)3, 0>(ap_fixed_base<32, 32, true, (ap_q_mode)5, (ap_o_mode)3, 0> const&)" off="0" region="0" recursive="0"/>
<pragma file="" line="0" pragmaType="inline" parentfunction="ap_fixed_base<30, -22, true, (ap_q_mode)5, (ap_o_mode)3, 0>::RType<32, 32, true>::div ap_fixed_base<30, -22, true, (ap_q_mode)5, (ap_o_mode)3, 0>::operator/<32, 32, true, (ap_q_mode)5, (ap_o_mode)3, 0>(ap_fixed_base<32, 32, true, (ap_q_mode)5, (ap_o_mode)3, 0> const&) const" off="0" region="0" recursive="0"/>
<pragma file="" line="0" pragmaType="inline" parentfunction="ap_fixed<31, -21, (ap_q_mode)5, (ap_o_mode)3, 0>::ap_fixed<31, -21, true, (ap_q_mode)5, (ap_o_mode)3, 0>(ap_fixed_base<31, -21, true, (ap_q_mode)5, (ap_o_mode)3, 0> const&)" off="0" region="0" recursive="0"/>
<pragma file="" line="0" pragmaType="inline" parentfunction="ap_fixed_base<30, -22, true, (ap_q_mode)5, (ap_o_mode)3, 0>::ap_fixed_base(int)" off="0" region="0" recursive="0"/>
<pragma file="" line="0" pragmaType="inline" parentfunction="ap_fixed<30, -22, (ap_q_mode)5, (ap_o_mode)3, 0>::ap_fixed<30, -22, true, (ap_q_mode)5, (ap_o_mode)3, 0>(ap_fixed_base<30, -22, true, (ap_q_mode)5, (ap_o_mode)3, 0> const&)" off="0" region="0" recursive="0"/>
<pragma file="" line="0" pragmaType="inline" parentfunction="ap_fixed_base<15, -11, true, (ap_q_mode)5, (ap_o_mode)3, 0>& ap_fixed_base<15, -11, true, (ap_q_mode)5, (ap_o_mode)3, 0>::operator=<27, -11, true, (ap_q_mode)5, (ap_o_mode)3, 0>(ap_fixed_base<27, -11, true, (ap_q_mode)5, (ap_o_mode)3, 0> const&)" off="0" region="0" recursive="0"/>
<pragma file="" line="0" pragmaType="inline" parentfunction="ap_fixed_base<15, -11, true, (ap_q_mode)5, (ap_o_mode)3, 0>::ap_fixed_base<27, -11, true, (ap_q_mode)5, (ap_o_mode)3, 0>(ap_fixed_base<27, -11, true, (ap_q_mode)5, (ap_o_mode)3, 0> const&)" off="0" region="0" recursive="0"/>
<pragma file="/tools/Xilinx/Vitis_HLS/2023.2/common/technology/autopilot/etc/ap_common.h" line="515" pragmaType="inline" parentfunction="_ZN8ssdm_intILi15ELb1EEC2EDq15_i" off="0" region="0" recursive="0"/>
<pragma file="" line="0" pragmaType="inline" parentfunction="report" off="0" region="0" recursive="0"/>
<pragma file="" line="0" pragmaType="inline" parentfunction="ap_fixed_base<27, -11, true, (ap_q_mode)5, (ap_o_mode)3, 0>::ap_fixed_base<25, -12, false, (ap_q_mode)5, (ap_o_mode)3, 0>(ap_fixed_base<25, -12, false, (ap_q_mode)5, (ap_o_mode)3, 0> const&)" off="0" region="0" recursive="0"/>
<pragma file="/tools/Xilinx/Vitis_HLS/2023.2/common/technology/autopilot/etc/ap_common.h" line="515" pragmaType="inline" parentfunction="_ZN8ssdm_intILi27ELb1EEC2EDq27_i" off="0" region="0" recursive="0"/>
<pragma file="" line="0" pragmaType="inline" parentfunction="report" off="0" region="0" recursive="0"/>
<pragma file="" line="0" pragmaType="inline" parentfunction="ap_fixed_base<25, -12, false, (ap_q_mode)5, (ap_o_mode)3, 0>::operator!() const" off="0" region="0" recursive="0"/>
<pragma file="" line="0" pragmaType="inline" parentfunction="ap_fixed_base<25, -12, false, (ap_q_mode)5, (ap_o_mode)3, 0>& ap_fixed_base<25, -12, false, (ap_q_mode)5, (ap_o_mode)3, 0>::operator=<40, -11, true, (ap_q_mode)5, (ap_o_mode)3, 0>(ap_fixed_base<40, -11, true, (ap_q_mode)5, (ap_o_mode)3, 0> const&)" off="0" region="0" recursive="0"/>
<pragma file="" line="0" pragmaType="inline" parentfunction="ap_ufixed<6, -7, (ap_q_mode)5, (ap_o_mode)3, 0>::ap_ufixed<30, -7, false, (ap_q_mode)5, (ap_o_mode)3, 0>(ap_fixed_base<30, -7, false, (ap_q_mode)5, (ap_o_mode)3, 0> const&)" off="0" region="0" recursive="0"/>
<pragma file="" line="0" pragmaType="inline" parentfunction="ap_ufixed<24, -13, (ap_q_mode)5, (ap_o_mode)3, 0>::ap_ufixed<30, -7, false, (ap_q_mode)5, (ap_o_mode)3, 0>(ap_fixed_base<30, -7, false, (ap_q_mode)5, (ap_o_mode)3, 0> const&)" off="0" region="0" recursive="0"/>
<pragma file="" line="0" pragmaType="inline" parentfunction="ap_fixed_base<30, -7, false, (ap_q_mode)5, (ap_o_mode)3, 0>::RType<($_0)32, ($_0)32, true>::plus operator+<30, -7, false, (ap_q_mode)5, (ap_o_mode)3, 0>(int, ap_fixed_base<30, -7, false, (ap_q_mode)5, (ap_o_mode)3, 0> const&)" off="0" region="0" recursive="0"/>
<pragma file="" line="0" pragmaType="inline" parentfunction="ap_ufixed<52, 1, (ap_q_mode)5, (ap_o_mode)3, 0>::ap_ufixed<70, 33, true, (ap_q_mode)5, (ap_o_mode)3, 0>(ap_fixed_base<70, 33, true, (ap_q_mode)5, (ap_o_mode)3, 0> const&)" off="0" region="0" recursive="0"/>
<pragma file="" line="0" pragmaType="inline" parentfunction="ap_fixed_base<52, 1, false, (ap_q_mode)5, (ap_o_mode)3, 0>::operator>>(int) const" off="0" region="0" recursive="0"/>
<pragma file="" line="0" pragmaType="inline" parentfunction="ap_ufixed<38, -13, (ap_q_mode)5, (ap_o_mode)3, 0>::ap_ufixed<52, 1, false, (ap_q_mode)5, (ap_o_mode)3, 0>(ap_fixed_base<52, 1, false, (ap_q_mode)5, (ap_o_mode)3, 0> const&)" off="0" region="0" recursive="0"/>
<pragma file="" line="0" pragmaType="inline" parentfunction="ap_fixed_base<24, -13, false, (ap_q_mode)5, (ap_o_mode)3, 0>::RType<38, -13, false>::plus ap_fixed_base<24, -13, false, (ap_q_mode)5, (ap_o_mode)3, 0>::operator+<38, -13, false, (ap_q_mode)5, (ap_o_mode)3, 0>(ap_fixed_base<38, -13, false, (ap_q_mode)5, (ap_o_mode)3, 0> const&) const" off="0" region="0" recursive="0"/>
<pragma file="" line="0" pragmaType="inline" parentfunction="ap_fixed_base<6, -7, false, (ap_q_mode)5, (ap_o_mode)3, 0>::RType<30, -7, false>::mult ap_fixed_base<6, -7, false, (ap_q_mode)5, (ap_o_mode)3, 0>::operator*<30, -7, false, (ap_q_mode)5, (ap_o_mode)3, 0>(ap_fixed_base<30, -7, false, (ap_q_mode)5, (ap_o_mode)3, 0> const&) const" off="0" region="0" recursive="0"/>
<pragma file="" line="0" pragmaType="inline" parentfunction="ap_fixed_base<39, -12, false, (ap_q_mode)5, (ap_o_mode)3, 0>::RType<36, -14, false>::minus ap_fixed_base<39, -12, false, (ap_q_mode)5, (ap_o_mode)3, 0>::operator-<36, -14, false, (ap_q_mode)5, (ap_o_mode)3, 0>(ap_fixed_base<36, -14, false, (ap_q_mode)5, (ap_o_mode)3, 0> const&) const" off="0" region="0" recursive="0"/>
<pragma file="" line="0" pragmaType="inline" parentfunction="ap_ufixed<25, -12, (ap_q_mode)5, (ap_o_mode)3, 0>::ap_ufixed<40, -11, true, (ap_q_mode)5, (ap_o_mode)3, 0>(ap_fixed_base<40, -11, true, (ap_q_mode)5, (ap_o_mode)3, 0> const&)" off="0" region="0" recursive="0"/>
<pragma file="" line="0" pragmaType="inline" parentfunction="ap_fixed_base<6, -7, false, (ap_q_mode)5, (ap_o_mode)3, 0>::operator()(int, int)" off="0" region="0" recursive="0"/>
<pragma file="" line="0" pragmaType="inline" parentfunction="ap_uint<6>::ap_uint<6, -7, false, (ap_q_mode)5, (ap_o_mode)3, 0>(af_range_ref<6, -7, false, (ap_q_mode)5, (ap_o_mode)3, 0> const&)" off="0" region="0" recursive="0"/>
<pragma file="" line="0" pragmaType="inline" parentfunction="ap_int_base<6, false>::ap_int_base<6, -7, false, (ap_q_mode)5, (ap_o_mode)3, 0>(af_range_ref<6, -7, false, (ap_q_mode)5, (ap_o_mode)3, 0> const&)" off="0" region="0" recursive="0"/>
<pragma file="" line="0" pragmaType="inline" parentfunction="get" off="0" region="0" recursive="0"/>
<pragma file="" line="0" pragmaType="inline" parentfunction="range" off="0" region="0" recursive="0"/>
<pragma file="" line="0" pragmaType="inline" parentfunction="af_range_ref<6, -7, false, (ap_q_mode)5, (ap_o_mode)3, 0>::af_range_ref(ap_fixed_base<6, -7, false, (ap_q_mode)5, (ap_o_mode)3, 0>*, int, int)" off="0" region="0" recursive="0"/>
<pragma file="" line="0" pragmaType="inline" parentfunction="ap_fixed_base<25, -12, false, (ap_q_mode)5, (ap_o_mode)3, 0>::ap_fixed_base<40, -11, true, (ap_q_mode)5, (ap_o_mode)3, 0>(ap_fixed_base<40, -11, true, (ap_q_mode)5, (ap_o_mode)3, 0> const&)" off="0" region="0" recursive="0"/>
<pragma file="/tools/Xilinx/Vitis_HLS/2023.2/common/technology/autopilot/etc/ap_common.h" line="523" pragmaType="inline" parentfunction="_ZN8ssdm_intILi25ELb0EEC2EDq25_j" off="0" region="0" recursive="0"/>
<pragma file="" line="0" pragmaType="inline" parentfunction="report" off="0" region="0" recursive="0"/>
<pragma file="" line="0" pragmaType="inline" parentfunction="ap_fixed_base<40, -11, true, (ap_q_mode)5, (ap_o_mode)3, 0>::operator!() const" off="0" region="0" recursive="0"/>
<pragma file="" line="0" pragmaType="inline" parentfunction="ap_fixed_base<40, -11, true, (ap_q_mode)5, (ap_o_mode)3, 0>::ap_fixed_base(int)" off="0" region="0" recursive="0"/>
<pragma file="" line="0" pragmaType="inline" parentfunction="ap_fixed_base<40, -11, true, (ap_q_mode)5, (ap_o_mode)3, 0>::ap_fixed_base<39, -12, false, (ap_q_mode)5, (ap_o_mode)3, 0>(ap_fixed_base<39, -12, false, (ap_q_mode)5, (ap_o_mode)3, 0> const&)" off="0" region="0" recursive="0"/>
<pragma file="" line="0" pragmaType="inline" parentfunction="ap_fixed_base<40, -11, true, (ap_q_mode)5, (ap_o_mode)3, 0>::ap_fixed_base<36, -14, false, (ap_q_mode)5, (ap_o_mode)3, 0>(ap_fixed_base<36, -14, false, (ap_q_mode)5, (ap_o_mode)3, 0> const&)" off="0" region="0" recursive="0"/>
<pragma file="" line="0" pragmaType="inline" parentfunction="ap_fixed<40, -11, (ap_q_mode)5, (ap_o_mode)3, 0>::ap_fixed<40, -11, true, (ap_q_mode)5, (ap_o_mode)3, 0>(ap_fixed_base<40, -11, true, (ap_q_mode)5, (ap_o_mode)3, 0> const&)" off="0" region="0" recursive="0"/>
<pragma file="/tools/Xilinx/Vitis_HLS/2023.2/common/technology/autopilot/etc/ap_common.h" line="515" pragmaType="inline" parentfunction="_ZN8ssdm_intILi40ELb1EEC2EDq40_i" off="0" region="0" recursive="0"/>
<pragma file="" line="0" pragmaType="inline" parentfunction="report" off="0" region="0" recursive="0"/>
<pragma file="" line="0" pragmaType="inline" parentfunction="ap_fixed_base<36, -14, false, (ap_q_mode)5, (ap_o_mode)3, 0>::operator!() const" off="0" region="0" recursive="0"/>
<pragma file="" line="0" pragmaType="inline" parentfunction="ap_fixed_base<40, -11, true, (ap_q_mode)5, (ap_o_mode)3, 0>& ap_fixed_base<40, -11, true, (ap_q_mode)5, (ap_o_mode)3, 0>::operator=<32, 32, true, (ap_q_mode)5, (ap_o_mode)3, 0>(ap_fixed_base<32, 32, true, (ap_q_mode)5, (ap_o_mode)3, 0> const&)" off="0" region="0" recursive="0"/>
<pragma file="" line="0" pragmaType="inline" parentfunction="ap_fixed_base<39, -12, false, (ap_q_mode)5, (ap_o_mode)3, 0>::operator!() const" off="0" region="0" recursive="0"/>
<pragma file="" line="0" pragmaType="inline" parentfunction="ap_fixed_base<36, -14, false, (ap_q_mode)5, (ap_o_mode)3, 0>& ap_fixed_base<36, -14, false, (ap_q_mode)5, (ap_o_mode)3, 0>::operator=<32, 32, true, (ap_q_mode)5, (ap_o_mode)3, 0>(ap_fixed_base<32, 32, true, (ap_q_mode)5, (ap_o_mode)3, 0> const&)" off="0" region="0" recursive="0"/>
<pragma file="" line="0" pragmaType="inline" parentfunction="ap_fixed_base<36, -14, false, (ap_q_mode)5, (ap_o_mode)3, 0>::ap_fixed_base(int)" off="0" region="0" recursive="0"/>
<pragma file="" line="0" pragmaType="inline" parentfunction="ap_ufixed<36, -14, (ap_q_mode)5, (ap_o_mode)3, 0>::ap_ufixed<36, -14, false, (ap_q_mode)5, (ap_o_mode)3, 0>(ap_fixed_base<36, -14, false, (ap_q_mode)5, (ap_o_mode)3, 0> const&)" off="0" region="0" recursive="0"/>
<pragma file="" line="0" pragmaType="inline" parentfunction="ap_fixed_base<39, -12, false, (ap_q_mode)5, (ap_o_mode)3, 0>& ap_fixed_base<39, -12, false, (ap_q_mode)5, (ap_o_mode)3, 0>::operator=<38, -13, false, (ap_q_mode)5, (ap_o_mode)3, 0>(ap_fixed_base<38, -13, false, (ap_q_mode)5, (ap_o_mode)3, 0> const&)" off="0" region="0" recursive="0"/>
<pragma file="" line="0" pragmaType="inline" parentfunction="ap_fixed_base<39, -12, false, (ap_q_mode)5, (ap_o_mode)3, 0>::ap_fixed_base(int)" off="0" region="0" recursive="0"/>
<pragma file="" line="0" pragmaType="inline" parentfunction="ap_fixed_base<39, -12, false, (ap_q_mode)5, (ap_o_mode)3, 0>::ap_fixed_base<24, -13, false, (ap_q_mode)5, (ap_o_mode)3, 0>(ap_fixed_base<24, -13, false, (ap_q_mode)5, (ap_o_mode)3, 0> const&)" off="0" region="0" recursive="0"/>
<pragma file="" line="0" pragmaType="inline" parentfunction="ap_fixed_base<39, -12, false, (ap_q_mode)5, (ap_o_mode)3, 0>::ap_fixed_base<38, -13, false, (ap_q_mode)5, (ap_o_mode)3, 0>(ap_fixed_base<38, -13, false, (ap_q_mode)5, (ap_o_mode)3, 0> const&)" off="0" region="0" recursive="0"/>
<pragma file="" line="0" pragmaType="inline" parentfunction="ap_ufixed<39, -12, (ap_q_mode)5, (ap_o_mode)3, 0>::ap_ufixed<39, -12, false, (ap_q_mode)5, (ap_o_mode)3, 0>(ap_fixed_base<39, -12, false, (ap_q_mode)5, (ap_o_mode)3, 0> const&)" off="0" region="0" recursive="0"/>
<pragma file="/tools/Xilinx/Vitis_HLS/2023.2/common/technology/autopilot/etc/ap_common.h" line="523" pragmaType="inline" parentfunction="_ZN8ssdm_intILi39ELb0EEC2EDq39_j" off="0" region="0" recursive="0"/>
<pragma file="" line="0" pragmaType="inline" parentfunction="report" off="0" region="0" recursive="0"/>
<pragma file="" line="0" pragmaType="inline" parentfunction="ap_fixed_base<38, -13, false, (ap_q_mode)5, (ap_o_mode)3, 0>::operator!() const" off="0" region="0" recursive="0"/>
<pragma file="" line="0" pragmaType="inline" parentfunction="ap_fixed_base<39, -12, false, (ap_q_mode)5, (ap_o_mode)3, 0>& ap_fixed_base<39, -12, false, (ap_q_mode)5, (ap_o_mode)3, 0>::operator=<32, 32, true, (ap_q_mode)5, (ap_o_mode)3, 0>(ap_fixed_base<32, 32, true, (ap_q_mode)5, (ap_o_mode)3, 0> const&)" off="0" region="0" recursive="0"/>
<pragma file="" line="0" pragmaType="inline" parentfunction="ap_fixed_base<24, -13, false, (ap_q_mode)5, (ap_o_mode)3, 0>::operator!() const" off="0" region="0" recursive="0"/>
<pragma file="" line="0" pragmaType="inline" parentfunction="ap_fixed_base<38, -13, false, (ap_q_mode)5, (ap_o_mode)3, 0>& ap_fixed_base<38, -13, false, (ap_q_mode)5, (ap_o_mode)3, 0>::operator=<52, 1, false, (ap_q_mode)5, (ap_o_mode)3, 0>(ap_fixed_base<52, 1, false, (ap_q_mode)5, (ap_o_mode)3, 0> const&)" off="0" region="0" recursive="0"/>
<pragma file="" line="0" pragmaType="inline" parentfunction="ap_fixed_base<38, -13, false, (ap_q_mode)5, (ap_o_mode)3, 0>::ap_fixed_base<52, 1, false, (ap_q_mode)5, (ap_o_mode)3, 0>(ap_fixed_base<52, 1, false, (ap_q_mode)5, (ap_o_mode)3, 0> const&)" off="0" region="0" recursive="0"/>
<pragma file="/tools/Xilinx/Vitis_HLS/2023.2/common/technology/autopilot/etc/ap_common.h" line="523" pragmaType="inline" parentfunction="_ZN8ssdm_intILi38ELb0EEC2EDq38_j" off="0" region="0" recursive="0"/>
<pragma file="" line="0" pragmaType="inline" parentfunction="report" off="0" region="0" recursive="0"/>
<pragma file="" line="0" pragmaType="inline" parentfunction="ap_fixed_base<52, 1, false, (ap_q_mode)5, (ap_o_mode)3, 0>::operator!() const" off="0" region="0" recursive="0"/>
<pragma file="" line="0" pragmaType="inline" parentfunction="ap_fixed_base<52, 1, false, (ap_q_mode)5, (ap_o_mode)3, 0>::operator<<(unsigned int) const" off="0" region="0" recursive="0"/>
<pragma file="" line="0" pragmaType="inline" parentfunction="ap_fixed_base<52, 1, false, (ap_q_mode)5, (ap_o_mode)3, 0>::operator>>(unsigned int) const" off="0" region="0" recursive="0"/>
<pragma file="" line="0" pragmaType="inline" parentfunction="ap_fixed_base<52, 1, false, (ap_q_mode)5, (ap_o_mode)3, 0>::ap_fixed_base(int)" off="0" region="0" recursive="0"/>
<pragma file="" line="0" pragmaType="inline" parentfunction="ap_fixed_base<52, 1, false, (ap_q_mode)5, (ap_o_mode)3, 0>::ap_fixed_base<70, 33, true, (ap_q_mode)5, (ap_o_mode)3, 0>(ap_fixed_base<70, 33, true, (ap_q_mode)5, (ap_o_mode)3, 0> const&)" off="0" region="0" recursive="0"/>
<pragma file="/tools/Xilinx/Vitis_HLS/2023.2/common/technology/autopilot/etc/ap_common.h" line="523" pragmaType="inline" parentfunction="_ZN8ssdm_intILi52ELb0EEC2EDq52_j" off="0" region="0" recursive="0"/>
<pragma file="" line="0" pragmaType="inline" parentfunction="report" off="0" region="0" recursive="0"/>
<pragma file="" line="0" pragmaType="inline" parentfunction="ap_fixed_base<70, 33, true, (ap_q_mode)5, (ap_o_mode)3, 0>& ap_fixed_base<70, 33, true, (ap_q_mode)5, (ap_o_mode)3, 0>::operator=<30, -7, false, (ap_q_mode)5, (ap_o_mode)3, 0>(ap_fixed_base<30, -7, false, (ap_q_mode)5, (ap_o_mode)3, 0> const&)" off="0" region="0" recursive="0"/>
<pragma file="" line="0" pragmaType="inline" parentfunction="ap_fixed_base<70, 33, true, (ap_q_mode)5, (ap_o_mode)3, 0>::operator!() const" off="0" region="0" recursive="0"/>
<pragma file="" line="0" pragmaType="inline" parentfunction="ap_fixed_base<32, 32, true, (ap_q_mode)5, (ap_o_mode)3, 0>::RType<30, -7, false>::plus ap_fixed_base<32, 32, true, (ap_q_mode)5, (ap_o_mode)3, 0>::operator+<30, -7, false, (ap_q_mode)5, (ap_o_mode)3, 0>(ap_fixed_base<30, -7, false, (ap_q_mode)5, (ap_o_mode)3, 0> const&) const" off="0" region="0" recursive="0"/>
<pragma file="" line="0" pragmaType="inline" parentfunction="ap_fixed_base<70, 33, true, (ap_q_mode)5, (ap_o_mode)3, 0>::ap_fixed_base(int)" off="0" region="0" recursive="0"/>
<pragma file="" line="0" pragmaType="inline" parentfunction="ap_fixed_base<70, 33, true, (ap_q_mode)5, (ap_o_mode)3, 0>::ap_fixed_base<32, 32, true, (ap_q_mode)5, (ap_o_mode)3, 0>(ap_fixed_base<32, 32, true, (ap_q_mode)5, (ap_o_mode)3, 0> const&)" off="0" region="0" recursive="0"/>
<pragma file="" line="0" pragmaType="inline" parentfunction="ap_fixed_base<70, 33, true, (ap_q_mode)5, (ap_o_mode)3, 0>::ap_fixed_base<30, -7, false, (ap_q_mode)5, (ap_o_mode)3, 0>(ap_fixed_base<30, -7, false, (ap_q_mode)5, (ap_o_mode)3, 0> const&)" off="0" region="0" recursive="0"/>
<pragma file="" line="0" pragmaType="inline" parentfunction="ap_fixed<70, 33, (ap_q_mode)5, (ap_o_mode)3, 0>::ap_fixed<70, 33, true, (ap_q_mode)5, (ap_o_mode)3, 0>(ap_fixed_base<70, 33, true, (ap_q_mode)5, (ap_o_mode)3, 0> const&)" off="0" region="0" recursive="0"/>
<pragma file="/tools/Xilinx/Vitis_HLS/2023.2/common/technology/autopilot/etc/ap_common.h" line="515" pragmaType="inline" parentfunction="_ZN8ssdm_intILi70ELb1EEC2EDq70_i" off="0" region="0" recursive="0"/>
<pragma file="" line="0" pragmaType="inline" parentfunction="report" off="0" region="0" recursive="0"/>
<pragma file="" line="0" pragmaType="inline" parentfunction="ap_fixed_base<30, -7, false, (ap_q_mode)5, (ap_o_mode)3, 0>::operator!() const" off="0" region="0" recursive="0"/>
<pragma file="" line="0" pragmaType="inline" parentfunction="ap_fixed_base<24, -13, false, (ap_q_mode)5, (ap_o_mode)3, 0>& ap_fixed_base<24, -13, false, (ap_q_mode)5, (ap_o_mode)3, 0>::operator=<30, -7, false, (ap_q_mode)5, (ap_o_mode)3, 0>(ap_fixed_base<30, -7, false, (ap_q_mode)5, (ap_o_mode)3, 0> const&)" off="0" region="0" recursive="0"/>
<pragma file="" line="0" pragmaType="inline" parentfunction="ap_fixed_base<24, -13, false, (ap_q_mode)5, (ap_o_mode)3, 0>::ap_fixed_base<30, -7, false, (ap_q_mode)5, (ap_o_mode)3, 0>(ap_fixed_base<30, -7, false, (ap_q_mode)5, (ap_o_mode)3, 0> const&)" off="0" region="0" recursive="0"/>
<pragma file="/tools/Xilinx/Vitis_HLS/2023.2/common/technology/autopilot/etc/ap_common.h" line="523" pragmaType="inline" parentfunction="_ZN8ssdm_intILi24ELb0EEC2EDq24_j" off="0" region="0" recursive="0"/>
<pragma file="" line="0" pragmaType="inline" parentfunction="report" off="0" region="0" recursive="0"/>
<pragma file="" line="0" pragmaType="inline" parentfunction="ap_fixed_base<6, -7, false, (ap_q_mode)5, (ap_o_mode)3, 0>::ap_fixed_base<30, -7, false, (ap_q_mode)5, (ap_o_mode)3, 0>(ap_fixed_base<30, -7, false, (ap_q_mode)5, (ap_o_mode)3, 0> const&)" off="0" region="0" recursive="0"/>
<pragma file="/tools/Xilinx/Vitis_HLS/2023.2/common/technology/autopilot/etc/ap_common.h" line="523" pragmaType="inline" parentfunction="_ZN8ssdm_intILi6ELb0EEC2EDq6_j" off="0" region="0" recursive="0"/>
<pragma file="" line="0" pragmaType="inline" parentfunction="report" off="0" region="0" recursive="0"/>
<pragma file="" line="0" pragmaType="inline" parentfunction="ap_ufixed<4, -4, (ap_q_mode)5, (ap_o_mode)3, 0>::ap_ufixed<38, -4, false, (ap_q_mode)5, (ap_o_mode)3, 0>(ap_fixed_base<38, -4, false, (ap_q_mode)5, (ap_o_mode)3, 0> const&)" off="0" region="0" recursive="0"/>
<pragma file="" line="0" pragmaType="inline" parentfunction="ap_ufixed<34, -8, (ap_q_mode)5, (ap_o_mode)3, 0>::ap_ufixed<38, -4, false, (ap_q_mode)5, (ap_o_mode)3, 0>(ap_fixed_base<38, -4, false, (ap_q_mode)5, (ap_o_mode)3, 0> const&)" off="0" region="0" recursive="0"/>
<pragma file="" line="0" pragmaType="inline" parentfunction="ap_fixed_base<38, -4, false, (ap_q_mode)5, (ap_o_mode)3, 0>::RType<($_0)32, ($_0)32, true>::plus operator+<38, -4, false, (ap_q_mode)5, (ap_o_mode)3, 0>(int, ap_fixed_base<38, -4, false, (ap_q_mode)5, (ap_o_mode)3, 0> const&)" off="0" region="0" recursive="0"/>
<pragma file="" line="0" pragmaType="inline" parentfunction="ap_ufixed<51, 1, (ap_q_mode)5, (ap_o_mode)3, 0>::ap_ufixed<75, 33, true, (ap_q_mode)5, (ap_o_mode)3, 0>(ap_fixed_base<75, 33, true, (ap_q_mode)5, (ap_o_mode)3, 0> const&)" off="0" region="0" recursive="0"/>
<pragma file="" line="0" pragmaType="inline" parentfunction="ap_fixed_base<4, -4, false, (ap_q_mode)5, (ap_o_mode)3, 0>::operator[](unsigned int)" off="0" region="0" recursive="0"/>
<pragma file="" line="0" pragmaType="inline" parentfunction="bool operator==<4, -4, false, (ap_q_mode)5, (ap_o_mode)3, 0>(af_bit_ref<4, -4, false, (ap_q_mode)5, (ap_o_mode)3, 0> const&, int)" off="0" region="0" recursive="0"/>
<pragma file="" line="0" pragmaType="inline" parentfunction="ap_fixed_base<51, 1, false, (ap_q_mode)5, (ap_o_mode)3, 0>::operator>>(int) const" off="0" region="0" recursive="0"/>
<pragma file="" line="0" pragmaType="inline" parentfunction="ap_ufixed<43, -7, (ap_q_mode)5, (ap_o_mode)3, 0>::ap_ufixed<51, 1, false, (ap_q_mode)5, (ap_o_mode)3, 0>(ap_fixed_base<51, 1, false, (ap_q_mode)5, (ap_o_mode)3, 0> const&)" off="0" region="0" recursive="0"/>
<pragma file="" line="0" pragmaType="inline" parentfunction="ap_fixed_base<34, -8, false, (ap_q_mode)5, (ap_o_mode)3, 0>::RType<43, -7, false>::plus ap_fixed_base<34, -8, false, (ap_q_mode)5, (ap_o_mode)3, 0>::operator+<43, -7, false, (ap_q_mode)5, (ap_o_mode)3, 0>(ap_fixed_base<43, -7, false, (ap_q_mode)5, (ap_o_mode)3, 0> const&) const" off="0" region="0" recursive="0"/>
<pragma file="" line="0" pragmaType="inline" parentfunction="ap_fixed_base<4, -4, false, (ap_q_mode)5, (ap_o_mode)3, 0>::RType<38, -4, false>::mult ap_fixed_base<4, -4, false, (ap_q_mode)5, (ap_o_mode)3, 0>::operator*<38, -4, false, (ap_q_mode)5, (ap_o_mode)3, 0>(ap_fixed_base<38, -4, false, (ap_q_mode)5, (ap_o_mode)3, 0> const&) const" off="0" region="0" recursive="0"/>
<pragma file="" line="0" pragmaType="inline" parentfunction="ap_fixed_base<44, -6, false, (ap_q_mode)5, (ap_o_mode)3, 0>::RType<42, -8, false>::minus ap_fixed_base<44, -6, false, (ap_q_mode)5, (ap_o_mode)3, 0>::operator-<42, -8, false, (ap_q_mode)5, (ap_o_mode)3, 0>(ap_fixed_base<42, -8, false, (ap_q_mode)5, (ap_o_mode)3, 0> const&) const" off="0" region="0" recursive="0"/>
<pragma file="" line="0" pragmaType="inline" parentfunction="ap_ufixed<30, -7, (ap_q_mode)5, (ap_o_mode)3, 0>::ap_ufixed<45, -5, true, (ap_q_mode)5, (ap_o_mode)3, 0>(ap_fixed_base<45, -5, true, (ap_q_mode)5, (ap_o_mode)3, 0> const&)" off="0" region="0" recursive="0"/>
<pragma file="" line="0" pragmaType="inline" parentfunction="ap_fixed_base<4, -4, false, (ap_q_mode)5, (ap_o_mode)3, 0>::operator()(int, int)" off="0" region="0" recursive="0"/>
<pragma file="" line="0" pragmaType="inline" parentfunction="ap_uint<4>::ap_uint<4, -4, false, (ap_q_mode)5, (ap_o_mode)3, 0>(af_range_ref<4, -4, false, (ap_q_mode)5, (ap_o_mode)3, 0> const&)" off="0" region="0" recursive="0"/>
<pragma file="" line="0" pragmaType="inline" parentfunction="ap_int_base<4, false>::operator unsigned long long() const" off="0" region="0" recursive="0"/>
<pragma file="" line="0" pragmaType="inline" parentfunction="ap_int_base<4, false>::ap_int_base<4, -4, false, (ap_q_mode)5, (ap_o_mode)3, 0>(af_range_ref<4, -4, false, (ap_q_mode)5, (ap_o_mode)3, 0> const&)" off="0" region="0" recursive="0"/>
<pragma file="" line="0" pragmaType="inline" parentfunction="get" off="0" region="0" recursive="0"/>
<pragma file="" line="0" pragmaType="inline" parentfunction="range" off="0" region="0" recursive="0"/>
<pragma file="" line="0" pragmaType="inline" parentfunction="af_range_ref<4, -4, false, (ap_q_mode)5, (ap_o_mode)3, 0>::af_range_ref(ap_fixed_base<4, -4, false, (ap_q_mode)5, (ap_o_mode)3, 0>*, int, int)" off="0" region="0" recursive="0"/>
<pragma file="" line="0" pragmaType="inline" parentfunction="ap_fixed_base<30, -7, false, (ap_q_mode)5, (ap_o_mode)3, 0>::ap_fixed_base<45, -5, true, (ap_q_mode)5, (ap_o_mode)3, 0>(ap_fixed_base<45, -5, true, (ap_q_mode)5, (ap_o_mode)3, 0> const&)" off="0" region="0" recursive="0"/>
<pragma file="/tools/Xilinx/Vitis_HLS/2023.2/common/technology/autopilot/etc/ap_common.h" line="523" pragmaType="inline" parentfunction="_ZN8ssdm_intILi30ELb0EEC2EDq30_j" off="0" region="0" recursive="0"/>
<pragma file="" line="0" pragmaType="inline" parentfunction="report" off="0" region="0" recursive="0"/>
<pragma file="" line="0" pragmaType="inline" parentfunction="ap_fixed_base<45, -5, true, (ap_q_mode)5, (ap_o_mode)3, 0>::operator!() const" off="0" region="0" recursive="0"/>
<pragma file="" line="0" pragmaType="inline" parentfunction="ap_fixed_base<45, -5, true, (ap_q_mode)5, (ap_o_mode)3, 0>::ap_fixed_base(int)" off="0" region="0" recursive="0"/>
<pragma file="" line="0" pragmaType="inline" parentfunction="ap_fixed_base<45, -5, true, (ap_q_mode)5, (ap_o_mode)3, 0>::ap_fixed_base<44, -6, false, (ap_q_mode)5, (ap_o_mode)3, 0>(ap_fixed_base<44, -6, false, (ap_q_mode)5, (ap_o_mode)3, 0> const&)" off="0" region="0" recursive="0"/>
<pragma file="" line="0" pragmaType="inline" parentfunction="ap_fixed_base<45, -5, true, (ap_q_mode)5, (ap_o_mode)3, 0>::ap_fixed_base<42, -8, false, (ap_q_mode)5, (ap_o_mode)3, 0>(ap_fixed_base<42, -8, false, (ap_q_mode)5, (ap_o_mode)3, 0> const&)" off="0" region="0" recursive="0"/>
<pragma file="" line="0" pragmaType="inline" parentfunction="ap_fixed<45, -5, (ap_q_mode)5, (ap_o_mode)3, 0>::ap_fixed<45, -5, true, (ap_q_mode)5, (ap_o_mode)3, 0>(ap_fixed_base<45, -5, true, (ap_q_mode)5, (ap_o_mode)3, 0> const&)" off="0" region="0" recursive="0"/>
<pragma file="" line="0" pragmaType="inline" parentfunction="report" off="0" region="0" recursive="0"/>
<pragma file="" line="0" pragmaType="inline" parentfunction="ap_fixed_base<42, -8, false, (ap_q_mode)5, (ap_o_mode)3, 0>::operator!() const" off="0" region="0" recursive="0"/>
<pragma file="" line="0" pragmaType="inline" parentfunction="ap_fixed_base<45, -5, true, (ap_q_mode)5, (ap_o_mode)3, 0>& ap_fixed_base<45, -5, true, (ap_q_mode)5, (ap_o_mode)3, 0>::operator=<32, 32, true, (ap_q_mode)5, (ap_o_mode)3, 0>(ap_fixed_base<32, 32, true, (ap_q_mode)5, (ap_o_mode)3, 0> const&)" off="0" region="0" recursive="0"/>
<pragma file="" line="0" pragmaType="inline" parentfunction="ap_fixed_base<44, -6, false, (ap_q_mode)5, (ap_o_mode)3, 0>::operator!() const" off="0" region="0" recursive="0"/>
<pragma file="" line="0" pragmaType="inline" parentfunction="ap_fixed_base<42, -8, false, (ap_q_mode)5, (ap_o_mode)3, 0>& ap_fixed_base<42, -8, false, (ap_q_mode)5, (ap_o_mode)3, 0>::operator=<32, 32, true, (ap_q_mode)5, (ap_o_mode)3, 0>(ap_fixed_base<32, 32, true, (ap_q_mode)5, (ap_o_mode)3, 0> const&)" off="0" region="0" recursive="0"/>
<pragma file="" line="0" pragmaType="inline" parentfunction="ap_fixed_base<42, -8, false, (ap_q_mode)5, (ap_o_mode)3, 0>::ap_fixed_base(int)" off="0" region="0" recursive="0"/>
<pragma file="" line="0" pragmaType="inline" parentfunction="ap_ufixed<42, -8, (ap_q_mode)5, (ap_o_mode)3, 0>::ap_ufixed<42, -8, false, (ap_q_mode)5, (ap_o_mode)3, 0>(ap_fixed_base<42, -8, false, (ap_q_mode)5, (ap_o_mode)3, 0> const&)" off="0" region="0" recursive="0"/>
<pragma file="" line="0" pragmaType="inline" parentfunction="ap_fixed_base<44, -6, false, (ap_q_mode)5, (ap_o_mode)3, 0>& ap_fixed_base<44, -6, false, (ap_q_mode)5, (ap_o_mode)3, 0>::operator=<43, -7, false, (ap_q_mode)5, (ap_o_mode)3, 0>(ap_fixed_base<43, -7, false, (ap_q_mode)5, (ap_o_mode)3, 0> const&)" off="0" region="0" recursive="0"/>
<pragma file="" line="0" pragmaType="inline" parentfunction="ap_fixed_base<44, -6, false, (ap_q_mode)5, (ap_o_mode)3, 0>::ap_fixed_base(int)" off="0" region="0" recursive="0"/>
<pragma file="" line="0" pragmaType="inline" parentfunction="ap_fixed_base<44, -6, false, (ap_q_mode)5, (ap_o_mode)3, 0>::ap_fixed_base<34, -8, false, (ap_q_mode)5, (ap_o_mode)3, 0>(ap_fixed_base<34, -8, false, (ap_q_mode)5, (ap_o_mode)3, 0> const&)" off="0" region="0" recursive="0"/>
<pragma file="" line="0" pragmaType="inline" parentfunction="ap_fixed_base<44, -6, false, (ap_q_mode)5, (ap_o_mode)3, 0>::ap_fixed_base<43, -7, false, (ap_q_mode)5, (ap_o_mode)3, 0>(ap_fixed_base<43, -7, false, (ap_q_mode)5, (ap_o_mode)3, 0> const&)" off="0" region="0" recursive="0"/>
<pragma file="" line="0" pragmaType="inline" parentfunction="ap_ufixed<44, -6, (ap_q_mode)5, (ap_o_mode)3, 0>::ap_ufixed<44, -6, false, (ap_q_mode)5, (ap_o_mode)3, 0>(ap_fixed_base<44, -6, false, (ap_q_mode)5, (ap_o_mode)3, 0> const&)" off="0" region="0" recursive="0"/>
<pragma file="/tools/Xilinx/Vitis_HLS/2023.2/common/technology/autopilot/etc/ap_common.h" line="523" pragmaType="inline" parentfunction="_ZN8ssdm_intILi44ELb0EEC2EDq44_j" off="0" region="0" recursive="0"/>
<pragma file="" line="0" pragmaType="inline" parentfunction="report" off="0" region="0" recursive="0"/>
<pragma file="" line="0" pragmaType="inline" parentfunction="ap_fixed_base<43, -7, false, (ap_q_mode)5, (ap_o_mode)3, 0>::operator!() const" off="0" region="0" recursive="0"/>
<pragma file="" line="0" pragmaType="inline" parentfunction="ap_fixed_base<34, -8, false, (ap_q_mode)5, (ap_o_mode)3, 0>::operator!() const" off="0" region="0" recursive="0"/>
<pragma file="" line="0" pragmaType="inline" parentfunction="ap_fixed_base<43, -7, false, (ap_q_mode)5, (ap_o_mode)3, 0>& ap_fixed_base<43, -7, false, (ap_q_mode)5, (ap_o_mode)3, 0>::operator=<51, 1, false, (ap_q_mode)5, (ap_o_mode)3, 0>(ap_fixed_base<51, 1, false, (ap_q_mode)5, (ap_o_mode)3, 0> const&)" off="0" region="0" recursive="0"/>
<pragma file="" line="0" pragmaType="inline" parentfunction="ap_fixed_base<43, -7, false, (ap_q_mode)5, (ap_o_mode)3, 0>::ap_fixed_base<51, 1, false, (ap_q_mode)5, (ap_o_mode)3, 0>(ap_fixed_base<51, 1, false, (ap_q_mode)5, (ap_o_mode)3, 0> const&)" off="0" region="0" recursive="0"/>
<pragma file="/tools/Xilinx/Vitis_HLS/2023.2/common/technology/autopilot/etc/ap_common.h" line="523" pragmaType="inline" parentfunction="_ZN8ssdm_intILi43ELb0EEC2EDq43_j" off="0" region="0" recursive="0"/>
<pragma file="" line="0" pragmaType="inline" parentfunction="report" off="0" region="0" recursive="0"/>
<pragma file="" line="0" pragmaType="inline" parentfunction="ap_fixed_base<51, 1, false, (ap_q_mode)5, (ap_o_mode)3, 0>& ap_fixed_base<51, 1, false, (ap_q_mode)5, (ap_o_mode)3, 0>::operator=<32, 32, true, (ap_q_mode)5, (ap_o_mode)3, 0>(ap_fixed_base<32, 32, true, (ap_q_mode)5, (ap_o_mode)3, 0> const&)" off="0" region="0" recursive="0"/>
<pragma file="" line="0" pragmaType="inline" parentfunction="ap_fixed_base<51, 1, false, (ap_q_mode)5, (ap_o_mode)3, 0>::operator!() const" off="0" region="0" recursive="0"/>
<pragma file="" line="0" pragmaType="inline" parentfunction="ap_fixed_base<51, 1, false, (ap_q_mode)5, (ap_o_mode)3, 0>::operator<<(unsigned int) const" off="0" region="0" recursive="0"/>
<pragma file="" line="0" pragmaType="inline" parentfunction="ap_fixed_base<51, 1, false, (ap_q_mode)5, (ap_o_mode)3, 0>::operator>>(unsigned int) const" off="0" region="0" recursive="0"/>
<pragma file="" line="0" pragmaType="inline" parentfunction="ap_fixed_base<51, 1, false, (ap_q_mode)5, (ap_o_mode)3, 0>::ap_fixed_base(int)" off="0" region="0" recursive="0"/>
<pragma file="" line="0" pragmaType="inline" parentfunction="ap_fixed_base<51, 1, false, (ap_q_mode)5, (ap_o_mode)3, 0>& ap_fixed_base<51, 1, false, (ap_q_mode)5, (ap_o_mode)3, 0>::operator=<75, 33, true, (ap_q_mode)5, (ap_o_mode)3, 0>(ap_fixed_base<75, 33, true, (ap_q_mode)5, (ap_o_mode)3, 0> const&)" off="0" region="0" recursive="0"/>
<pragma file="" line="0" pragmaType="inline" parentfunction="af_bit_ref<4, -4, false, (ap_q_mode)5, (ap_o_mode)3, 0>::operator bool() const" off="0" region="0" recursive="0"/>
<pragma file="" line="0" pragmaType="inline" parentfunction="af_bit_ref<4, -4, false, (ap_q_mode)5, (ap_o_mode)3, 0>::af_bit_ref(ap_fixed_base<4, -4, false, (ap_q_mode)5, (ap_o_mode)3, 0>*, int)" off="0" region="0" recursive="0"/>
<pragma file="" line="0" pragmaType="inline" parentfunction="ap_fixed_base<51, 1, false, (ap_q_mode)5, (ap_o_mode)3, 0>::ap_fixed_base<75, 33, true, (ap_q_mode)5, (ap_o_mode)3, 0>(ap_fixed_base<75, 33, true, (ap_q_mode)5, (ap_o_mode)3, 0> const&)" off="0" region="0" recursive="0"/>
<pragma file="/tools/Xilinx/Vitis_HLS/2023.2/common/technology/autopilot/etc/ap_common.h" line="523" pragmaType="inline" parentfunction="_ZN8ssdm_intILi51ELb0EEC2EDq51_j" off="0" region="0" recursive="0"/>
<pragma file="" line="0" pragmaType="inline" parentfunction="report" off="0" region="0" recursive="0"/>
<pragma file="" line="0" pragmaType="inline" parentfunction="ap_fixed_base<75, 33, true, (ap_q_mode)5, (ap_o_mode)3, 0>::operator!() const" off="0" region="0" recursive="0"/>
<pragma file="" line="0" pragmaType="inline" parentfunction="ap_fixed_base<32, 32, true, (ap_q_mode)5, (ap_o_mode)3, 0>::RType<38, -4, false>::plus ap_fixed_base<32, 32, true, (ap_q_mode)5, (ap_o_mode)3, 0>::operator+<38, -4, false, (ap_q_mode)5, (ap_o_mode)3, 0>(ap_fixed_base<38, -4, false, (ap_q_mode)5, (ap_o_mode)3, 0> const&) const" off="0" region="0" recursive="0"/>
<pragma file="" line="0" pragmaType="inline" parentfunction="ap_fixed_base<75, 33, true, (ap_q_mode)5, (ap_o_mode)3, 0>::ap_fixed_base(int)" off="0" region="0" recursive="0"/>
<pragma file="" line="0" pragmaType="inline" parentfunction="ap_fixed_base<75, 33, true, (ap_q_mode)5, (ap_o_mode)3, 0>::ap_fixed_base<32, 32, true, (ap_q_mode)5, (ap_o_mode)3, 0>(ap_fixed_base<32, 32, true, (ap_q_mode)5, (ap_o_mode)3, 0> const&)" off="0" region="0" recursive="0"/>
<pragma file="" line="0" pragmaType="inline" parentfunction="ap_fixed_base<75, 33, true, (ap_q_mode)5, (ap_o_mode)3, 0>::ap_fixed_base<38, -4, false, (ap_q_mode)5, (ap_o_mode)3, 0>(ap_fixed_base<38, -4, false, (ap_q_mode)5, (ap_o_mode)3, 0> const&)" off="0" region="0" recursive="0"/>
<pragma file="" line="0" pragmaType="inline" parentfunction="ap_fixed<75, 33, (ap_q_mode)5, (ap_o_mode)3, 0>::ap_fixed<75, 33, true, (ap_q_mode)5, (ap_o_mode)3, 0>(ap_fixed_base<75, 33, true, (ap_q_mode)5, (ap_o_mode)3, 0> const&)" off="0" region="0" recursive="0"/>
<pragma file="/tools/Xilinx/Vitis_HLS/2023.2/common/technology/autopilot/etc/ap_common.h" line="515" pragmaType="inline" parentfunction="_ZN8ssdm_intILi75ELb1EEC2EDq75_i" off="0" region="0" recursive="0"/>
<pragma file="" line="0" pragmaType="inline" parentfunction="report" off="0" region="0" recursive="0"/>
<pragma file="" line="0" pragmaType="inline" parentfunction="ap_fixed_base<38, -4, false, (ap_q_mode)5, (ap_o_mode)3, 0>::operator!() const" off="0" region="0" recursive="0"/>
<pragma file="" line="0" pragmaType="inline" parentfunction="ap_fixed_base<34, -8, false, (ap_q_mode)5, (ap_o_mode)3, 0>& ap_fixed_base<34, -8, false, (ap_q_mode)5, (ap_o_mode)3, 0>::operator=<38, -4, false, (ap_q_mode)5, (ap_o_mode)3, 0>(ap_fixed_base<38, -4, false, (ap_q_mode)5, (ap_o_mode)3, 0> const&)" off="0" region="0" recursive="0"/>
<pragma file="" line="0" pragmaType="inline" parentfunction="ap_fixed_base<34, -8, false, (ap_q_mode)5, (ap_o_mode)3, 0>::ap_fixed_base<38, -4, false, (ap_q_mode)5, (ap_o_mode)3, 0>(ap_fixed_base<38, -4, false, (ap_q_mode)5, (ap_o_mode)3, 0> const&)" off="0" region="0" recursive="0"/>
<pragma file="/tools/Xilinx/Vitis_HLS/2023.2/common/technology/autopilot/etc/ap_common.h" line="523" pragmaType="inline" parentfunction="_ZN8ssdm_intILi34ELb0EEC2EDq34_j" off="0" region="0" recursive="0"/>
<pragma file="" line="0" pragmaType="inline" parentfunction="report" off="0" region="0" recursive="0"/>
<pragma file="" line="0" pragmaType="inline" parentfunction="ap_fixed_base<4, -4, false, (ap_q_mode)5, (ap_o_mode)3, 0>::ap_fixed_base<38, -4, false, (ap_q_mode)5, (ap_o_mode)3, 0>(ap_fixed_base<38, -4, false, (ap_q_mode)5, (ap_o_mode)3, 0> const&)" off="0" region="0" recursive="0"/>
<pragma file="/tools/Xilinx/Vitis_HLS/2023.2/common/technology/autopilot/etc/ap_common.h" line="523" pragmaType="inline" parentfunction="_ZN8ssdm_intILi4ELb0EEC2EDq4_j" off="0" region="0" recursive="0"/>
<pragma file="" line="0" pragmaType="inline" parentfunction="report" off="0" region="0" recursive="0"/>
<pragma file="" line="0" pragmaType="inline" parentfunction="ap_fixed_base<38, -4, false, (ap_q_mode)5, (ap_o_mode)3, 0>::ap_fixed_base<65, 1, false, (ap_q_mode)5, (ap_o_mode)3, 0>(ap_fixed_base<65, 1, false, (ap_q_mode)5, (ap_o_mode)3, 0> const&)" off="0" region="0" recursive="0"/>
<pragma file="" line="0" pragmaType="inline" parentfunction="report" off="0" region="0" recursive="0"/>
<pragma file="" line="0" pragmaType="inline" parentfunction="ap_fixed_base<65, 1, false, (ap_q_mode)5, (ap_o_mode)3, 0>::operator!() const" off="0" region="0" recursive="0"/>
<pragma file="" line="0" pragmaType="inline" parentfunction="ap_fixed_base<65, 1, false, (ap_q_mode)5, (ap_o_mode)3, 0>::ap_fixed_base<64, 2, false, (ap_q_mode)5, (ap_o_mode)3, 0>(ap_fixed_base<64, 2, false, (ap_q_mode)5, (ap_o_mode)3, 0> const&)" off="0" region="0" recursive="0"/>
<pragma file="/tools/Xilinx/Vitis_HLS/2023.2/common/technology/autopilot/etc/ap_common.h" line="523" pragmaType="inline" parentfunction="_ZN8ssdm_intILi65ELb0EEC2EDq65_j" off="0" region="0" recursive="0"/>
<pragma file="" line="0" pragmaType="inline" parentfunction="report" off="0" region="0" recursive="0"/>
<pragma file="" line="0" pragmaType="inline" parentfunction="ap_fixed_base<64, 2, false, (ap_q_mode)5, (ap_o_mode)3, 0>::operator!() const" off="0" region="0" recursive="0"/>
<pragma file="" line="0" pragmaType="inline" parentfunction="ap_fixed_base<64, 2, false, (ap_q_mode)5, (ap_o_mode)3, 0>::ap_fixed_base(int)" off="0" region="0" recursive="0"/>
<pragma file="" line="0" pragmaType="inline" parentfunction="ap_ufixed<64, 2, (ap_q_mode)5, (ap_o_mode)3, 0>::ap_ufixed<64, 2, false, (ap_q_mode)5, (ap_o_mode)3, 0>(ap_fixed_base<64, 2, false, (ap_q_mode)5, (ap_o_mode)3, 0> const&)" off="0" region="0" recursive="0"/>
<pragma file="" line="0" pragmaType="inline" parentfunction="ap_fixed_base<48, 5, true, (ap_q_mode)5, (ap_o_mode)3, 0>& ap_fixed_base<48, 5, true, (ap_q_mode)5, (ap_o_mode)3, 0>::operator=<50, 7, true, (ap_q_mode)5, (ap_o_mode)3, 0>(ap_fixed_base<50, 7, true, (ap_q_mode)5, (ap_o_mode)3, 0> const&)" off="0" region="0" recursive="0"/>
<pragma file="" line="0" pragmaType="inline" parentfunction="ap_int_base<6, false>::ap_int_base<58, 1, false, (ap_q_mode)5, (ap_o_mode)3, 0>(af_range_ref<58, 1, false, (ap_q_mode)5, (ap_o_mode)3, 0> const&)" off="0" region="0" recursive="0"/>
<pragma file="" line="0" pragmaType="inline" parentfunction="get" off="0" region="0" recursive="0"/>
<pragma file="" line="0" pragmaType="inline" parentfunction="ap_fixed_base<48, 5, true, (ap_q_mode)5, (ap_o_mode)3, 0>::ap_fixed_base<50, 7, true, (ap_q_mode)5, (ap_o_mode)3, 0>(ap_fixed_base<50, 7, true, (ap_q_mode)5, (ap_o_mode)3, 0> const&)" off="0" region="0" recursive="0"/>
<pragma file="" line="0" pragmaType="inline" parentfunction="report" off="0" region="0" recursive="0"/>
<pragma file="" line="0" pragmaType="inline" parentfunction="ap_fixed_base<50, 7, true, (ap_q_mode)5, (ap_o_mode)3, 0>::operator!() const" off="0" region="0" recursive="0"/>
<pragma file="" line="0" pragmaType="inline" parentfunction="ap_fixed_base<7, 7, true, (ap_q_mode)5, (ap_o_mode)3, 0>::ap_fixed_base<7, true>(ap_int_base<7, true> const&)" off="0" region="0" recursive="0"/>
<pragma file="" line="0" pragmaType="inline" parentfunction="ap_fixed_base<43, 0, false, (ap_q_mode)5, (ap_o_mode)3, 0>::RType<7, 7, true>::mult ap_fixed_base<43, 0, false, (ap_q_mode)5, (ap_o_mode)3, 0>::operator*<7, 7, true, (ap_q_mode)5, (ap_o_mode)3, 0>(ap_fixed_base<7, 7, true, (ap_q_mode)5, (ap_o_mode)3, 0> const&) const" off="0" region="0" recursive="0"/>
<pragma file="" line="0" pragmaType="inline" parentfunction="ap_fixed_base<50, 7, true, (ap_q_mode)5, (ap_o_mode)3, 0>::ap_fixed_base(int)" off="0" region="0" recursive="0"/>
<pragma file="" line="0" pragmaType="inline" parentfunction="ap_fixed<50, 7, (ap_q_mode)5, (ap_o_mode)3, 0>::ap_fixed<50, 7, true, (ap_q_mode)5, (ap_o_mode)3, 0>(ap_fixed_base<50, 7, true, (ap_q_mode)5, (ap_o_mode)3, 0> const&)" off="0" region="0" recursive="0"/>
<pragma file="" line="0" pragmaType="inline" parentfunction="ap_fixed_base<7, 7, true, (ap_q_mode)5, (ap_o_mode)3, 0>& ap_fixed_base<7, 7, true, (ap_q_mode)5, (ap_o_mode)3, 0>::operator=<7, 7, true, (ap_q_mode)5, (ap_o_mode)3, 0>(ap_fixed_base<7, 7, true, (ap_q_mode)5, (ap_o_mode)3, 0> const&)" off="0" region="0" recursive="0"/>
<pragma file="/tools/Xilinx/Vitis_HLS/2023.2/common/technology/autopilot/etc/ap_common.h" line="515" pragmaType="inline" parentfunction="_ZN8ssdm_intILi7ELb1EEC2EDq7_i" off="0" region="0" recursive="0"/>
<pragma file="" line="0" pragmaType="inline" parentfunction="ap_fixed_base<7, 7, true, (ap_q_mode)5, (ap_o_mode)3, 0>::ap_fixed_base(int)" off="0" region="0" recursive="0"/>
<pragma file="" line="0" pragmaType="inline" parentfunction="report" off="0" region="0" recursive="0"/>
<pragma file="" line="0" pragmaType="inline" parentfunction="ap_fixed_base<7, 7, true, (ap_q_mode)5, (ap_o_mode)3, 0>::operator!() const" off="0" region="0" recursive="0"/>
<pragma file="" line="0" pragmaType="inline" parentfunction="ap_fixed_base<30, 5, true, (ap_q_mode)5, (ap_o_mode)3, 0>& ap_fixed_base<30, 5, true, (ap_q_mode)5, (ap_o_mode)3, 0>::operator=<32, 7, true, (ap_q_mode)5, (ap_o_mode)3, 0>(ap_fixed_base<32, 7, true, (ap_q_mode)5, (ap_o_mode)3, 0> const&)" off="0" region="0" recursive="0"/>
<pragma file="" line="0" pragmaType="inline" parentfunction="ap_fixed_base<30, 5, true, (ap_q_mode)5, (ap_o_mode)3, 0>::ap_fixed_base<32, 7, true, (ap_q_mode)5, (ap_o_mode)3, 0>(ap_fixed_base<32, 7, true, (ap_q_mode)5, (ap_o_mode)3, 0> const&)" off="0" region="0" recursive="0"/>
<pragma file="/tools/Xilinx/Vitis_HLS/2023.2/common/technology/autopilot/etc/ap_common.h" line="515" pragmaType="inline" parentfunction="_ZN8ssdm_intILi30ELb1EEC2EDq30_i" off="0" region="0" recursive="0"/>
<pragma file="" line="0" pragmaType="inline" parentfunction="report" off="0" region="0" recursive="0"/>
<pragma file="" line="0" pragmaType="inline" parentfunction="ap_fixed_base<32, 7, true, (ap_q_mode)5, (ap_o_mode)3, 0>::operator!() const" off="0" region="0" recursive="0"/>
<pragma file="" line="0" pragmaType="inline" parentfunction="ap_fixed_base<25, 0, false, (ap_q_mode)5, (ap_o_mode)3, 0>::RType<7, 7, true>::mult ap_fixed_base<25, 0, false, (ap_q_mode)5, (ap_o_mode)3, 0>::operator*<7, 7, true, (ap_q_mode)5, (ap_o_mode)3, 0>(ap_fixed_base<7, 7, true, (ap_q_mode)5, (ap_o_mode)3, 0> const&) const" off="0" region="0" recursive="0"/>
<pragma file="" line="0" pragmaType="inline" parentfunction="ap_fixed_base<32, 7, true, (ap_q_mode)5, (ap_o_mode)3, 0>::ap_fixed_base(int)" off="0" region="0" recursive="0"/>
<pragma file="" line="0" pragmaType="inline" parentfunction="ap_fixed<32, 7, (ap_q_mode)5, (ap_o_mode)3, 0>::ap_fixed<32, 7, true, (ap_q_mode)5, (ap_o_mode)3, 0>(ap_fixed_base<32, 7, true, (ap_q_mode)5, (ap_o_mode)3, 0> const&)" off="0" region="0" recursive="0"/>
<pragma file="" line="0" pragmaType="inline" parentfunction="ap_int_base<12, true>& ap_int_base<12, true>::operator=<13, true>(ap_int_base<13, true> const&)" off="0" region="0" recursive="0"/>
<pragma file="/tools/Xilinx/Vitis_HLS/2023.2/common/technology/autopilot/etc/ap_common.h" line="718" pragmaType="inline" parentfunction="doubleToRawBits" off="0" region="0" recursive="0"/>
<pragma file="" line="0" pragmaType="inline" parentfunction="ap_int_base<12, true>::ap_int_base(int)" off="0" region="0" recursive="0"/>
<pragma file="" line="0" pragmaType="inline" parentfunction="ap_int_base<11, false>::RType<12, true>::minus operator-<11, false, 12, true>(ap_int_base<11, false> const&, ap_int_base<12, true> const&)" off="0" region="0" recursive="0"/>
<pragma file="" line="0" pragmaType="inline" parentfunction="ap_int_base<54, true>& ap_int_base<54, true>::operator=<55, true>(ap_int_base<55, true> const&)" off="0" region="0" recursive="0"/>
<pragma file="" line="0" pragmaType="inline" parentfunction="ap_int_base<54, true>::operator-() const" off="0" region="0" recursive="0"/>
<pragma file="" line="0" pragmaType="inline" parentfunction="report" off="0" region="0" recursive="0"/>
<pragma file="" line="0" pragmaType="inline" parentfunction="ap_int_base<1, false>::ap_int_base(int)" off="0" region="0" recursive="0"/>
<pragma file="" line="0" pragmaType="inline" parentfunction="ap_int_base<1, false>::RType<54, true>::minus operator-<1, false, 54, true>(ap_int_base<1, false> const&, ap_int_base<54, true> const&)" off="0" region="0" recursive="0"/>
<pragma file="" line="0" pragmaType="inline" parentfunction="ap_int_base<55, true>::ap_int_base<1, false>(ap_int_base<1, false> const&)" off="0" region="0" recursive="0"/>
<pragma file="" line="0" pragmaType="inline" parentfunction="ap_int_base<55, true>::ap_int_base<54, true>(ap_int_base<54, true> const&)" off="0" region="0" recursive="0"/>
<pragma file="" line="0" pragmaType="inline" parentfunction="ap_int_base<55, true>::ap_int_base(int)" off="0" region="0" recursive="0"/>
<pragma file="" line="0" pragmaType="inline" parentfunction="ap_int<55>::ap_int<55, true>(ap_int_base<55, true> const&)" off="0" region="0" recursive="0"/>
<pragma file="/tools/Xilinx/Vitis_HLS/2023.2/common/technology/autopilot/etc/ap_common.h" line="515" pragmaType="inline" parentfunction="_ZN8ssdm_intILi55ELb1EEC2EDq55_i" off="0" region="0" recursive="0"/>
<pragma file="/tools/Xilinx/Vitis_HLS/2023.2/common/technology/autopilot/etc/ap_common.h" line="523" pragmaType="inline" parentfunction="_ZN8ssdm_intILi1ELb0EEC2EDq1_j" off="0" region="0" recursive="0"/>
<pragma file="" line="0" pragmaType="inline" parentfunction="ap_int_base<13, true>::ap_int_base<11, false>(ap_int_base<11, false> const&)" off="0" region="0" recursive="0"/>
<pragma file="" line="0" pragmaType="inline" parentfunction="ap_int_base<13, true>::ap_int_base<12, true>(ap_int_base<12, true> const&)" off="0" region="0" recursive="0"/>
<pragma file="" line="0" pragmaType="inline" parentfunction="ap_int_base<13, true>::ap_int_base(int)" off="0" region="0" recursive="0"/>
<pragma file="" line="0" pragmaType="inline" parentfunction="ap_int<13>::ap_int<13, true>(ap_int_base<13, true> const&)" off="0" region="0" recursive="0"/>
<pragma file="/tools/Xilinx/Vitis_HLS/2023.2/common/technology/autopilot/etc/ap_common.h" line="515" pragmaType="inline" parentfunction="_ZN8ssdm_intILi13ELb1EEC2EDq13_i" off="0" region="0" recursive="0"/>
<pragma file="/tools/Xilinx/Vitis_HLS/2023.2/common/technology/autopilot/etc/ap_common.h" line="515" pragmaType="inline" parentfunction="_ZN8ssdm_intILi12ELb1EEC2EDq12_i" off="0" region="0" recursive="0"/>
<pragma file="" line="0" pragmaType="inline" parentfunction="ap_fixed_base<58, 1, false, (ap_q_mode)5, (ap_o_mode)3, 0>& ap_fixed_base<58, 1, false, (ap_q_mode)5, (ap_o_mode)3, 0>::operator=<32, 32, true, (ap_q_mode)5, (ap_o_mode)3, 0>(ap_fixed_base<32, 32, true, (ap_q_mode)5, (ap_o_mode)3, 0> const&)" off="0" region="0" recursive="0"/>
<pragma file="" line="0" pragmaType="inline" parentfunction="ap_int<7>::ap_int<7, true>(ap_int_base<7, true> const&)" off="0" region="0" recursive="0"/>
<pragma file="" line="0" pragmaType="inline" parentfunction="ap_fixed_base<58, 1, false, (ap_q_mode)5, (ap_o_mode)3, 0>::operator<<(int) const" off="0" region="0" recursive="0"/>
<pragma file="" line="0" pragmaType="inline" parentfunction="ap_fixed_base<58, 1, false, (ap_q_mode)5, (ap_o_mode)3, 0>::ap_fixed_base(int)" off="0" region="0" recursive="0"/>
<pragma file="" line="0" pragmaType="inline" parentfunction="ap_fixed_base<58, 1, false, (ap_q_mode)5, (ap_o_mode)3, 0>::operator>>(unsigned int) const" off="0" region="0" recursive="0"/>
<pragma file="" line="0" pragmaType="inline" parentfunction="ap_fixed_base<58, 1, false, (ap_q_mode)5, (ap_o_mode)3, 0>::operator<<(unsigned int) const" off="0" region="0" recursive="0"/>
<pragma file="" line="0" pragmaType="inline" parentfunction="af_range_ref<58, 1, false, (ap_q_mode)5, (ap_o_mode)3, 0>& af_range_ref<58, 1, false, (ap_q_mode)5, (ap_o_mode)3, 0>::operator=<48, false>(ap_int_base<48, false> const&)" off="0" region="0" recursive="0"/>
<pragma file="" line="0" pragmaType="inline" parentfunction="ap_int_base<32, true>::ap_int_base(int)" off="0" region="0" recursive="0"/>
<pragma file="" line="0" pragmaType="inline" parentfunction="bool ap_int_base<7, true>::operator>=<32, true>(ap_int_base<32, true> const&) const" off="0" region="0" recursive="0"/>
<pragma file="/tools/Xilinx/Vitis_HLS/2023.2/common/technology/autopilot/etc/ap_common.h" line="515" pragmaType="inline" parentfunction="ssdm_int<32, true>::ssdm_int(int)" off="0" region="0" recursive="0"/>
<pragma file="" line="0" pragmaType="inline" parentfunction="ap_int_base<48, false>::ap_int_base<48, 24, true, (ap_q_mode)5, (ap_o_mode)3, 0>(af_range_ref<48, 24, true, (ap_q_mode)5, (ap_o_mode)3, 0> const&)" off="0" region="0" recursive="0"/>
<pragma file="" line="0" pragmaType="inline" parentfunction="checkOverflowBaseC" off="0" region="0" recursive="0"/>
<pragma file="" line="0" pragmaType="inline" parentfunction="get" off="0" region="0" recursive="0"/>
<pragma file="" line="0" pragmaType="inline" parentfunction="range" off="0" region="0" recursive="0"/>
<pragma file="" line="0" pragmaType="inline" parentfunction="af_range_ref<58, 1, false, (ap_q_mode)5, (ap_o_mode)3, 0>::af_range_ref(ap_fixed_base<58, 1, false, (ap_q_mode)5, (ap_o_mode)3, 0>*, int, int)" off="0" region="0" recursive="0"/>
<pragma file="" line="0" pragmaType="inline" parentfunction="range" off="0" region="0" recursive="0"/>
<pragma file="" line="0" pragmaType="inline" parentfunction="af_range_ref<48, 24, true, (ap_q_mode)5, (ap_o_mode)3, 0>::af_range_ref(ap_fixed_base<48, 24, true, (ap_q_mode)5, (ap_o_mode)3, 0>*, int, int)" off="0" region="0" recursive="0"/>
<pragma file="" line="0" pragmaType="inline" parentfunction="af_bit_ref<58, 1, false, (ap_q_mode)5, (ap_o_mode)3, 0>::af_bit_ref(ap_fixed_base<58, 1, false, (ap_q_mode)5, (ap_o_mode)3, 0>*, int)" off="0" region="0" recursive="0"/>
<pragma file="" line="0" pragmaType="inline" parentfunction="ap_int_base<7, true>::ap_int_base(int)" off="0" region="0" recursive="0"/>
<pragma file="" line="0" pragmaType="inline" parentfunction="ap_fixed_base<56, 32, true, (ap_q_mode)5, (ap_o_mode)3, 0>& ap_fixed_base<56, 32, true, (ap_q_mode)5, (ap_o_mode)3, 0>::operator=<32, 32, true, (ap_q_mode)5, (ap_o_mode)3, 0>(ap_fixed_base<32, 32, true, (ap_q_mode)5, (ap_o_mode)3, 0> const&)" off="0" region="0" recursive="0"/>
<pragma file="" line="0" pragmaType="inline" parentfunction="af_bit_ref<48, 24, true, (ap_q_mode)5, (ap_o_mode)3, 0>::af_bit_ref(ap_fixed_base<48, 24, true, (ap_q_mode)5, (ap_o_mode)3, 0>*, int)" off="0" region="0" recursive="0"/>
<pragma file="" line="0" pragmaType="inline" parentfunction="bool ap_fixed_base<48, 24, true, (ap_q_mode)5, (ap_o_mode)3, 0>::operator<=<32, 32, true, (ap_q_mode)5, (ap_o_mode)3, 0>(ap_fixed_base<32, 32, true, (ap_q_mode)5, (ap_o_mode)3, 0> const&) const" off="0" region="0" recursive="0"/>
<pragma file="" line="0" pragmaType="inline" parentfunction="ap_fixed_base<56, 32, true, (ap_q_mode)5, (ap_o_mode)3, 0>::ap_fixed_base<32, 32, true, (ap_q_mode)5, (ap_o_mode)3, 0>(ap_fixed_base<32, 32, true, (ap_q_mode)5, (ap_o_mode)3, 0> const&)" off="0" region="0" recursive="0"/>
<pragma file="/tools/Xilinx/Vitis_HLS/2023.2/common/technology/autopilot/etc/ap_common.h" line="515" pragmaType="inline" parentfunction="_ZN8ssdm_intILi56ELb1EEC2EDq56_i" off="0" region="0" recursive="0"/>
<pragma file="" line="0" pragmaType="inline" parentfunction="report" off="0" region="0" recursive="0"/>
<pragma file="" line="0" pragmaType="inline" parentfunction="ap_fixed_base<47, 23, false, (ap_q_mode)5, (ap_o_mode)3, 0>::ap_fixed_base<48, 24, true, (ap_q_mode)5, (ap_o_mode)3, 0>(ap_fixed_base<48, 24, true, (ap_q_mode)5, (ap_o_mode)3, 0> const&)" off="0" region="0" recursive="0"/>
<pragma file="/tools/Xilinx/Vitis_HLS/2023.2/common/technology/autopilot/etc/ap_common.h" line="523" pragmaType="inline" parentfunction="_ZN8ssdm_intILi47ELb0EEC2EDq47_j" off="0" region="0" recursive="0"/>
<pragma file="" line="0" pragmaType="inline" parentfunction="report" off="0" region="0" recursive="0"/>
<pragma file="" line="0" pragmaType="inline" parentfunction="ap_fixed_base<48, 24, true, (ap_q_mode)5, (ap_o_mode)3, 0>::operator!() const" off="0" region="0" recursive="0"/>
<pragma file="" line="0" pragmaType="inline" parentfunction="ap_fixed_base<48, 24, true, (ap_q_mode)5, (ap_o_mode)3, 0>::ap_fixed_base(int)" off="0" region="0" recursive="0"/>
<pragma file="" line="0" pragmaType="inline" parentfunction="ap_fixed_base<48, 24, true, (ap_q_mode)5, (ap_o_mode)3, 0>& ap_fixed_base<48, 24, true, (ap_q_mode)5, (ap_o_mode)3, 0>::operator=<72, 48, true, (ap_q_mode)5, (ap_o_mode)3, 0>(ap_fixed_base<72, 48, true, (ap_q_mode)5, (ap_o_mode)3, 0> const&)" off="0" region="0" recursive="0"/>
<pragma file="" line="0" pragmaType="inline" parentfunction="ap_fixed_base<48, 24, true, (ap_q_mode)5, (ap_o_mode)3, 0>::ap_fixed_base<72, 48, true, (ap_q_mode)5, (ap_o_mode)3, 0>(ap_fixed_base<72, 48, true, (ap_q_mode)5, (ap_o_mode)3, 0> const&)" off="0" region="0" recursive="0"/>
<pragma file="" line="0" pragmaType="inline" parentfunction="ap_fixed_base<72, 24, true, (ap_q_mode)5, (ap_o_mode)3, 0>& ap_fixed_base<72, 24, true, (ap_q_mode)5, (ap_o_mode)3, 0>::operator=<48, 24, true, (ap_q_mode)5, (ap_o_mode)3, 0>(ap_fixed_base<48, 24, true, (ap_q_mode)5, (ap_o_mode)3, 0> const&)" off="0" region="0" recursive="0"/>
<pragma file="" line="0" pragmaType="inline" parentfunction="ap_fixed_base<72, 48, true, (ap_q_mode)5, (ap_o_mode)3, 0>::operator!() const" off="0" region="0" recursive="0"/>
<pragma file="" line="0" pragmaType="inline" parentfunction="ap_fixed_base<72, 24, true, (ap_q_mode)5, (ap_o_mode)3, 0>::ap_fixed_base<48, 24, true, (ap_q_mode)5, (ap_o_mode)3, 0>(ap_fixed_base<48, 24, true, (ap_q_mode)5, (ap_o_mode)3, 0> const&)" off="0" region="0" recursive="0"/>
<pragma file="" line="0" pragmaType="inline" parentfunction="ap_fixed<72, 48, (ap_q_mode)5, (ap_o_mode)3, 0>::ap_fixed<72, 48, true, (ap_q_mode)5, (ap_o_mode)3, 0>(ap_fixed_base<72, 48, true, (ap_q_mode)5, (ap_o_mode)3, 0> const&)" off="0" region="0" recursive="0"/>
<pragma file="/tools/Xilinx/Vitis_HLS/2023.2/common/technology/autopilot/etc/ap_common.h" line="515" pragmaType="inline" parentfunction="_ZN8ssdm_intILi72ELb1EEC2EDq72_i" off="0" region="0" recursive="0"/>
<pragma file="" line="0" pragmaType="inline" parentfunction="report" off="0" region="0" recursive="0"/>
<pragma file="" line="0" pragmaType="inline" parentfunction="ap_fixed_base<48, 24, true, (ap_q_mode)5, (ap_o_mode)3, 0>::operator-() const" off="0" region="0" recursive="0"/>
<pragma file="" line="0" pragmaType="inline" parentfunction="ap_fixed<48, 24, (ap_q_mode)5, (ap_o_mode)3, 0>::ap_fixed<49, 25, true, (ap_q_mode)5, (ap_o_mode)3, 0>(ap_fixed_base<49, 25, true, (ap_q_mode)5, (ap_o_mode)3, 0> const&)" off="0" region="0" recursive="0"/>
<pragma file="" line="0" pragmaType="inline" parentfunction="af_bit_ref<48, 24, true, (ap_q_mode)5, (ap_o_mode)3, 0>::operator bool() const" off="0" region="0" recursive="0"/>
<pragma file="" line="0" pragmaType="inline" parentfunction="ap_fixed_base<48, 24, true, (ap_q_mode)5, (ap_o_mode)3, 0>::ap_fixed_base<49, 25, true, (ap_q_mode)5, (ap_o_mode)3, 0>(ap_fixed_base<49, 25, true, (ap_q_mode)5, (ap_o_mode)3, 0> const&)" off="0" region="0" recursive="0"/>
<pragma file="" line="0" pragmaType="inline" parentfunction="ap_fixed_base<49, 25, true, (ap_q_mode)5, (ap_o_mode)3, 0>::operator!() const" off="0" region="0" recursive="0"/>
<pragma file="" line="0" pragmaType="inline" parentfunction="ap_fixed_base<49, 25, true, (ap_q_mode)5, (ap_o_mode)3, 0>::ap_fixed_base<48, 24, true, (ap_q_mode)5, (ap_o_mode)3, 0>(ap_fixed_base<48, 24, true, (ap_q_mode)5, (ap_o_mode)3, 0> const&)" off="0" region="0" recursive="0"/>
<pragma file="" line="0" pragmaType="inline" parentfunction="ap_fixed<49, 25, (ap_q_mode)5, (ap_o_mode)3, 0>::ap_fixed<49, 25, true, (ap_q_mode)5, (ap_o_mode)3, 0>(ap_fixed_base<49, 25, true, (ap_q_mode)5, (ap_o_mode)3, 0> const&)" off="0" region="0" recursive="0"/>
<pragma file="/tools/Xilinx/Vitis_HLS/2023.2/common/technology/autopilot/etc/ap_common.h" line="515" pragmaType="inline" parentfunction="_ZN8ssdm_intILi49ELb1EEC2EDq49_i" off="0" region="0" recursive="0"/>
<pragma file="" line="0" pragmaType="inline" parentfunction="report" off="0" region="0" recursive="0"/>
<pragma file="" line="0" pragmaType="inline" parentfunction="ap_fixed_base<52, 1, false, (ap_q_mode)5, (ap_o_mode)3, 0>& ap_fixed_base<52, 1, false, (ap_q_mode)5, (ap_o_mode)3, 0>::operator=<70, 33, true, (ap_q_mode)5, (ap_o_mode)3, 0>(ap_fixed_base<70, 33, true, (ap_q_mode)5, (ap_o_mode)3, 0> const&)" off="0" region="0" recursive="0"/>
<pragma file="" line="0" pragmaType="inline" parentfunction="ap_fixed_base<42, -10, true, (ap_q_mode)5, (ap_o_mode)3, 0>& ap_fixed_base<42, -10, true, (ap_q_mode)5, (ap_o_mode)3, 0>::operator=<27, -11, true, (ap_q_mode)5, (ap_o_mode)3, 0>(ap_fixed_base<27, -11, true, (ap_q_mode)5, (ap_o_mode)3, 0> const&)" off="0" region="0" recursive="0"/>
<pragma file="" line="0" pragmaType="inline" parentfunction="ap_fixed_base<39, -12, false, (ap_q_mode)5, (ap_o_mode)3, 0>& ap_fixed_base<39, -12, false, (ap_q_mode)5, (ap_o_mode)3, 0>::operator=<24, -13, false, (ap_q_mode)5, (ap_o_mode)3, 0>(ap_fixed_base<24, -13, false, (ap_q_mode)5, (ap_o_mode)3, 0> const&)" off="0" region="0" recursive="0"/>
<pragma file="" line="0" pragmaType="inline" parentfunction="ap_fixed_base<88, 8, true, (ap_q_mode)5, (ap_o_mode)3, 0>& ap_fixed_base<88, 8, true, (ap_q_mode)5, (ap_o_mode)3, 0>::operator=<87, 7, true, (ap_q_mode)5, (ap_o_mode)3, 0>(ap_fixed_base<87, 7, true, (ap_q_mode)5, (ap_o_mode)3, 0> const&)" off="0" region="0" recursive="0"/>
<pragma file="" line="0" pragmaType="inline" parentfunction="ap_fixed_base<45, 8, true, (ap_q_mode)5, (ap_o_mode)3, 0>& ap_fixed_base<45, 8, true, (ap_q_mode)5, (ap_o_mode)3, 0>::operator=<32, 32, true, (ap_q_mode)5, (ap_o_mode)3, 0>(ap_fixed_base<32, 32, true, (ap_q_mode)5, (ap_o_mode)3, 0> const&)" off="0" region="0" recursive="0"/>
<pragma file="" line="0" pragmaType="inline" parentfunction="ap_fixed_base<32, 7, true, (ap_q_mode)5, (ap_o_mode)3, 0>& ap_fixed_base<32, 7, true, (ap_q_mode)5, (ap_o_mode)3, 0>::operator=<32, 32, true, (ap_q_mode)5, (ap_o_mode)3, 0>(ap_fixed_base<32, 32, true, (ap_q_mode)5, (ap_o_mode)3, 0> const&)" off="0" region="0" recursive="0"/>
<pragma file="" line="0" pragmaType="inline" parentfunction="ap_fixed_base<50, 7, true, (ap_q_mode)5, (ap_o_mode)3, 0>& ap_fixed_base<50, 7, true, (ap_q_mode)5, (ap_o_mode)3, 0>::operator=<32, 32, true, (ap_q_mode)5, (ap_o_mode)3, 0>(ap_fixed_base<32, 32, true, (ap_q_mode)5, (ap_o_mode)3, 0> const&)" off="0" region="0" recursive="0"/>
<pragma file="" line="0" pragmaType="inline" parentfunction="ap_fixed_base<7, 7, true, (ap_q_mode)5, (ap_o_mode)3, 0>& ap_fixed_base<7, 7, true, (ap_q_mode)5, (ap_o_mode)3, 0>::operator=<32, 32, true, (ap_q_mode)5, (ap_o_mode)3, 0>(ap_fixed_base<32, 32, true, (ap_q_mode)5, (ap_o_mode)3, 0> const&)" off="0" region="0" recursive="0"/>
<pragma file="" line="0" pragmaType="inline" parentfunction="ap_fixed_base<27, -11, true, (ap_q_mode)5, (ap_o_mode)3, 0>& ap_fixed_base<27, -11, true, (ap_q_mode)5, (ap_o_mode)3, 0>::operator=<25, -12, false, (ap_q_mode)5, (ap_o_mode)3, 0>(ap_fixed_base<25, -12, false, (ap_q_mode)5, (ap_o_mode)3, 0> const&)" off="0" region="0" recursive="0"/>
<pragma file="" line="0" pragmaType="inline" parentfunction="ap_fixed_base<44, 7, true, (ap_q_mode)5, (ap_o_mode)3, 0>& ap_fixed_base<44, 7, true, (ap_q_mode)5, (ap_o_mode)3, 0>::operator+=<44, 7, true, (ap_q_mode)5, (ap_o_mode)3, 0>(ap_fixed_base<44, 7, true, (ap_q_mode)5, (ap_o_mode)3, 0> const&)" off="0" region="0" recursive="0"/>
<pragma file="" line="0" pragmaType="inline" parentfunction="ap_fixed_base<30, -7, false, (ap_q_mode)5, (ap_o_mode)3, 0>& ap_fixed_base<30, -7, false, (ap_q_mode)5, (ap_o_mode)3, 0>::operator=<45, -5, true, (ap_q_mode)5, (ap_o_mode)3, 0>(ap_fixed_base<45, -5, true, (ap_q_mode)5, (ap_o_mode)3, 0> const&)" off="0" region="0" recursive="0"/>
<pragma file="" line="0" pragmaType="inline" parentfunction="ap_fixed_base<40, -11, true, (ap_q_mode)5, (ap_o_mode)3, 0>& ap_fixed_base<40, -11, true, (ap_q_mode)5, (ap_o_mode)3, 0>::operator=<36, -14, false, (ap_q_mode)5, (ap_o_mode)3, 0>(ap_fixed_base<36, -14, false, (ap_q_mode)5, (ap_o_mode)3, 0> const&)" off="0" region="0" recursive="0"/>
<pragma file="" line="0" pragmaType="inline" parentfunction="ap_fixed_base<40, -11, true, (ap_q_mode)5, (ap_o_mode)3, 0>& ap_fixed_base<40, -11, true, (ap_q_mode)5, (ap_o_mode)3, 0>::operator=<39, -12, false, (ap_q_mode)5, (ap_o_mode)3, 0>(ap_fixed_base<39, -12, false, (ap_q_mode)5, (ap_o_mode)3, 0> const&)" off="0" region="0" recursive="0"/>
<pragma file="" line="0" pragmaType="inline" parentfunction="ap_fixed_base<80, 56, true, (ap_q_mode)5, (ap_o_mode)3, 0>& ap_fixed_base<80, 56, true, (ap_q_mode)5, (ap_o_mode)3, 0>::operator=<32, 32, true, (ap_q_mode)5, (ap_o_mode)3, 0>(ap_fixed_base<32, 32, true, (ap_q_mode)5, (ap_o_mode)3, 0> const&)" off="0" region="0" recursive="0"/>
<pragma file="" line="0" pragmaType="inline" parentfunction="ap_fixed_base<52, 1, false, (ap_q_mode)5, (ap_o_mode)3, 0>& ap_fixed_base<52, 1, false, (ap_q_mode)5, (ap_o_mode)3, 0>::operator=<32, 32, true, (ap_q_mode)5, (ap_o_mode)3, 0>(ap_fixed_base<32, 32, true, (ap_q_mode)5, (ap_o_mode)3, 0> const&)" off="0" region="0" recursive="0"/>
<pragma file="" line="0" pragmaType="inline" parentfunction="ap_fixed_base<44, -6, false, (ap_q_mode)5, (ap_o_mode)3, 0>& ap_fixed_base<44, -6, false, (ap_q_mode)5, (ap_o_mode)3, 0>::operator=<32, 32, true, (ap_q_mode)5, (ap_o_mode)3, 0>(ap_fixed_base<32, 32, true, (ap_q_mode)5, (ap_o_mode)3, 0> const&)" off="0" region="0" recursive="0"/>
<pragma file="" line="0" pragmaType="inline" parentfunction="ap_fixed_base<70, 33, true, (ap_q_mode)5, (ap_o_mode)3, 0>& ap_fixed_base<70, 33, true, (ap_q_mode)5, (ap_o_mode)3, 0>::operator=<32, 32, true, (ap_q_mode)5, (ap_o_mode)3, 0>(ap_fixed_base<32, 32, true, (ap_q_mode)5, (ap_o_mode)3, 0> const&)" off="0" region="0" recursive="0"/>
<pragma file="" line="0" pragmaType="inline" parentfunction="ap_fixed_base<6, -7, false, (ap_q_mode)5, (ap_o_mode)3, 0>& ap_fixed_base<6, -7, false, (ap_q_mode)5, (ap_o_mode)3, 0>::operator=<30, -7, false, (ap_q_mode)5, (ap_o_mode)3, 0>(ap_fixed_base<30, -7, false, (ap_q_mode)5, (ap_o_mode)3, 0> const&)" off="0" region="0" recursive="0"/>
<pragma file="" line="0" pragmaType="inline" parentfunction="wl" off="0" region="0" recursive="0"/>
<pragma file="" line="0" pragmaType="inline" parentfunction="ap_fixed_base<45, -5, true, (ap_q_mode)5, (ap_o_mode)3, 0>& ap_fixed_base<45, -5, true, (ap_q_mode)5, (ap_o_mode)3, 0>::operator=<42, -8, false, (ap_q_mode)5, (ap_o_mode)3, 0>(ap_fixed_base<42, -8, false, (ap_q_mode)5, (ap_o_mode)3, 0> const&)" off="0" region="0" recursive="0"/>
<pragma file="" line="0" pragmaType="inline" parentfunction="ap_fixed_base<45, -5, true, (ap_q_mode)5, (ap_o_mode)3, 0>& ap_fixed_base<45, -5, true, (ap_q_mode)5, (ap_o_mode)3, 0>::operator=<44, -6, false, (ap_q_mode)5, (ap_o_mode)3, 0>(ap_fixed_base<44, -6, false, (ap_q_mode)5, (ap_o_mode)3, 0> const&)" off="0" region="0" recursive="0"/>
<pragma file="" line="0" pragmaType="inline" parentfunction="ap_fixed_base<44, -6, false, (ap_q_mode)5, (ap_o_mode)3, 0>& ap_fixed_base<44, -6, false, (ap_q_mode)5, (ap_o_mode)3, 0>::operator=<34, -8, false, (ap_q_mode)5, (ap_o_mode)3, 0>(ap_fixed_base<34, -8, false, (ap_q_mode)5, (ap_o_mode)3, 0> const&)" off="0" region="0" recursive="0"/>
<pragma file="" line="0" pragmaType="inline" parentfunction="ap_fixed_base<49, 25, true, (ap_q_mode)5, (ap_o_mode)3, 0>& ap_fixed_base<49, 25, true, (ap_q_mode)5, (ap_o_mode)3, 0>::operator=<48, 24, true, (ap_q_mode)5, (ap_o_mode)3, 0>(ap_fixed_base<48, 24, true, (ap_q_mode)5, (ap_o_mode)3, 0> const&)" off="0" region="0" recursive="0"/>
<pragma file="" line="0" pragmaType="inline" parentfunction="ap_fixed_base<75, 33, true, (ap_q_mode)5, (ap_o_mode)3, 0>& ap_fixed_base<75, 33, true, (ap_q_mode)5, (ap_o_mode)3, 0>::operator=<38, -4, false, (ap_q_mode)5, (ap_o_mode)3, 0>(ap_fixed_base<38, -4, false, (ap_q_mode)5, (ap_o_mode)3, 0> const&)" off="0" region="0" recursive="0"/>
<pragma file="" line="0" pragmaType="inline" parentfunction="ap_fixed_base<75, 33, true, (ap_q_mode)5, (ap_o_mode)3, 0>& ap_fixed_base<75, 33, true, (ap_q_mode)5, (ap_o_mode)3, 0>::operator=<32, 32, true, (ap_q_mode)5, (ap_o_mode)3, 0>(ap_fixed_base<32, 32, true, (ap_q_mode)5, (ap_o_mode)3, 0> const&)" off="0" region="0" recursive="0"/>
<pragma file="" line="0" pragmaType="inline" parentfunction="ap_fixed_base<4, -4, false, (ap_q_mode)5, (ap_o_mode)3, 0>& ap_fixed_base<4, -4, false, (ap_q_mode)5, (ap_o_mode)3, 0>::operator=<38, -4, false, (ap_q_mode)5, (ap_o_mode)3, 0>(ap_fixed_base<38, -4, false, (ap_q_mode)5, (ap_o_mode)3, 0> const&)" off="0" region="0" recursive="0"/>
<pragma file="" line="0" pragmaType="inline" parentfunction="ap_fixed_base<38, -4, false, (ap_q_mode)5, (ap_o_mode)3, 0>& ap_fixed_base<38, -4, false, (ap_q_mode)5, (ap_o_mode)3, 0>::operator=<65, 1, false, (ap_q_mode)5, (ap_o_mode)3, 0>(ap_fixed_base<65, 1, false, (ap_q_mode)5, (ap_o_mode)3, 0> const&)" off="0" region="0" recursive="0"/>
<pragma file="" line="0" pragmaType="inline" parentfunction="ap_fixed_base<65, 1, false, (ap_q_mode)5, (ap_o_mode)3, 0>& ap_fixed_base<65, 1, false, (ap_q_mode)5, (ap_o_mode)3, 0>::operator=<64, 2, false, (ap_q_mode)5, (ap_o_mode)3, 0>(ap_fixed_base<64, 2, false, (ap_q_mode)5, (ap_o_mode)3, 0> const&)" off="0" region="0" recursive="0"/>
<pragma file="" line="0" pragmaType="inline" parentfunction="ap_fixed_base<64, 2, false, (ap_q_mode)5, (ap_o_mode)3, 0>& ap_fixed_base<64, 2, false, (ap_q_mode)5, (ap_o_mode)3, 0>::operator=<32, 32, true, (ap_q_mode)5, (ap_o_mode)3, 0>(ap_fixed_base<32, 32, true, (ap_q_mode)5, (ap_o_mode)3, 0> const&)" off="0" region="0" recursive="0"/>
<pragma file="" line="0" pragmaType="inline" parentfunction="ap_fixed_base<48, 24, false, (ap_q_mode)5, (ap_o_mode)3, 0>& ap_fixed_base<48, 24, false, (ap_q_mode)5, (ap_o_mode)3, 0>::operator=<32, 32, true, (ap_q_mode)5, (ap_o_mode)3, 0>(ap_fixed_base<32, 32, true, (ap_q_mode)5, (ap_o_mode)3, 0> const&)" off="0" region="0" recursive="0"/>
<pragma file="" line="0" pragmaType="inline" parentfunction="report" off="0" region="0" recursive="0"/>
<pragma file="" line="0" pragmaType="inline" parentfunction="ap_int_base<7, true>& ap_int_base<7, true>::operator-=<1, false>(ap_int_base<1, false> const&)" off="0" region="0" recursive="0"/>
<pragma file="" line="0" pragmaType="inline" parentfunction="ap_fixed_base<47, 23, false, (ap_q_mode)5, (ap_o_mode)3, 0>& ap_fixed_base<47, 23, false, (ap_q_mode)5, (ap_o_mode)3, 0>::operator=<48, 24, true, (ap_q_mode)5, (ap_o_mode)3, 0>(ap_fixed_base<48, 24, true, (ap_q_mode)5, (ap_o_mode)3, 0> const&)" off="0" region="0" recursive="0"/>
<pragma file="" line="0" pragmaType="inline" parentfunction="ap_fixed_base<48, 24, true, (ap_q_mode)5, (ap_o_mode)3, 0>& ap_fixed_base<48, 24, true, (ap_q_mode)5, (ap_o_mode)3, 0>::operator=<32, 32, true, (ap_q_mode)5, (ap_o_mode)3, 0>(ap_fixed_base<32, 32, true, (ap_q_mode)5, (ap_o_mode)3, 0> const&)" off="0" region="0" recursive="0"/>
<pragma file="" line="0" pragmaType="inline" parentfunction="ap_fixed_base<48, 24, true, (ap_q_mode)5, (ap_o_mode)3, 0>& ap_fixed_base<48, 24, true, (ap_q_mode)5, (ap_o_mode)3, 0>::operator=<49, 25, true, (ap_q_mode)5, (ap_o_mode)3, 0>(ap_fixed_base<49, 25, true, (ap_q_mode)5, (ap_o_mode)3, 0> const&)" off="0" region="0" recursive="0"/>
</pragmas>
