<root versionMajor = "1" versionMinor = "5">
  <kernel src_name="dbfs_converter" language="c" hwCtrl="ap_ctrl_hs" mem_layout="fpga64-xilinx-none">
    <args>
      <arg id="0" access_type="r" src_name="linear_value" src_type="ap_fixed&lt;48, 24, AP_TRN, AP_WRAP, 0&gt;" src_isptr="1" src_bitwidth="64" src_size_or_depth="1">
        <hw hw_usage="data" hw_interface="Register" hw_name="linear_value" hw_bitwidth="48" hw_size_or_depth="1" hw_kernel_support="false">
          <constraint constraint_type="pragma interface" mode="ap_none" register_option="0"/>
        </hw>
      </arg>
    </args>
    <return src_type="ap_fixed&lt;48, 24, AP_TRN, AP_WRAP, 0&gt;" src_bitwidth="64" offset="0x0">
      <hw hw_usage="data" hw_interface="Register" hw_name="return" hw_bitwidth="48" hw_kernel_support="false"/>
    </return>
  </kernel>
</root>
