{
  "Top": "dbfs_converter",
  "RtlTop": "dbfs_converter",
  "RtlPrefix": "",
  "RtlSubPrefix": "dbfs_converter_",
  "SourceLanguage": "cpp",
  "HostMachineBits": "64",
  "FunctionProtocol": "ap_ctrl_hs",
  "ResetStyle": "control",
  "Target": {
    "Family": "zynq",
    "Device": "xc7z020",
    "Package": "-clg484",
    "Speed": "-1",
    "Triple": "fpga64-xilinx-none"
  },
  "Args": {"linear_value": {
      "index": "0",
      "direction": "in",
      "srcType": "ap_fixed<48, 24, AP_TRN, AP_WRAP, 0>",
      "srcSize": "64",
      "hwRefs": [{
          "type": "port",
          "interface": "linear_value",
          "name": "linear_value",
          "usage": "data",
          "direction": "in"
        }]
    }},
  "ReturnValue": {
    "srcType": "ap_fixed<48, 24, AP_TRN, AP_WRAP, 0>",
    "srcSize": "64",
    "hwRefs": [{
        "type": "port",
        "interface": "ap_return",
        "name": "ap_return",
        "usage": "data",
        "direction": "out"
      }]
  },
  "HlsSolution": {
    "FlowTarget": "vivado",
    "ConfigTcl": [
      "config_cosim -tool=xsim",
      "config_export -format=ip_catalog",
      "config_export -output=\/media\/nisitha\/My_Passport\/MOODLE\/Vivado_projects\/Aido_Processor_Lab_zed\/dBFS_vitis\/exported_rtl",
      "config_export -rtl=verilog"
    ],
    "ProfileOption": "0",
    "ProfileType": "none",
    "KernelName": "dbfs_converter"
  },
  "ClockInfo": {
    "ClockName": "ap_clk",
    "ClockPeriod": "10",
    "Uncertainty": "2.7",
    "IsCombinational": "0",
    "II": "24",
    "Latency": "23"
  },
  "Xdc": {"OocClocks": ["create_clock -name ap_clk -period 10.000 [get_ports ap_clk]"]},
  "Ipx": {
    "Vendor": "xilinx.com",
    "Library": "hls",
    "Name": "dbfs_converter",
    "Version": "1.0",
    "DisplayName": "Dbfs_converter",
    "Revision": "2114039600",
    "Description": "An IP generated by Vitis HLS",
    "Taxonomy": "\/VITIS_HLS_IP",
    "AutoFamilySupport": "",
    "ZipFile": "xilinx_com_hls_dbfs_converter_1_0.zip"
  },
  "Files": {
    "CSource": ["..\/..\/dbfs_converter.cpp"],
    "Vhdl": [
      "impl\/vhdl\/dbfs_converter_log10_48_24_s.vhd",
      "impl\/vhdl\/dbfs_converter_log10_48_24_s_log_apfixed_reduce_log0_lut_table_ap_fixed_0_5_64_array_ROM_AUTbkb.vhd",
      "impl\/vhdl\/dbfs_converter_log10_48_24_s_log_apfixed_reduce_log_inverse_lut_table_array_ROM_AUTO_1R.vhd",
      "impl\/vhdl\/dbfs_converter_log10_48_24_s_log_apfixed_reduce_log_lut_table_ap_fixed_4_4_16_array_ROM_AUTOcud.vhd",
      "impl\/vhdl\/dbfs_converter_log10_48_24_s_log_apfixed_reduce_log_lut_table_ap_fixed_7_6_64_array_ROM_AUTOdEe.vhd",
      "impl\/vhdl\/dbfs_converter_mul_6s_43ns_47_3_1.vhd",
      "impl\/vhdl\/dbfs_converter_mul_14ns_14ns_28_1_1.vhd",
      "impl\/vhdl\/dbfs_converter_mul_30ns_6ns_36_2_1.vhd",
      "impl\/vhdl\/dbfs_converter_mul_37s_43ns_79_3_1.vhd",
      "impl\/vhdl\/dbfs_converter_mul_38ns_4ns_42_2_1.vhd",
      "impl\/vhdl\/dbfs_converter_mul_58s_6ns_58_5_1.vhd",
      "impl\/vhdl\/dbfs_converter.vhd"
    ],
    "Verilog": [
      "impl\/verilog\/dbfs_converter_log10_48_24_s.v",
      "impl\/verilog\/dbfs_converter_log10_48_24_s_log_apfixed_reduce_log0_lut_table_ap_fixed_0_5_64_array_ROM_AUTbkb.dat",
      "impl\/verilog\/dbfs_converter_log10_48_24_s_log_apfixed_reduce_log0_lut_table_ap_fixed_0_5_64_array_ROM_AUTbkb.v",
      "impl\/verilog\/dbfs_converter_log10_48_24_s_log_apfixed_reduce_log_inverse_lut_table_array_ROM_AUTO_1R.dat",
      "impl\/verilog\/dbfs_converter_log10_48_24_s_log_apfixed_reduce_log_inverse_lut_table_array_ROM_AUTO_1R.v",
      "impl\/verilog\/dbfs_converter_log10_48_24_s_log_apfixed_reduce_log_lut_table_ap_fixed_4_4_16_array_ROM_AUTOcud.dat",
      "impl\/verilog\/dbfs_converter_log10_48_24_s_log_apfixed_reduce_log_lut_table_ap_fixed_4_4_16_array_ROM_AUTOcud.v",
      "impl\/verilog\/dbfs_converter_log10_48_24_s_log_apfixed_reduce_log_lut_table_ap_fixed_7_6_64_array_ROM_AUTOdEe.dat",
      "impl\/verilog\/dbfs_converter_log10_48_24_s_log_apfixed_reduce_log_lut_table_ap_fixed_7_6_64_array_ROM_AUTOdEe.v",
      "impl\/verilog\/dbfs_converter_mul_6s_43ns_47_3_1.v",
      "impl\/verilog\/dbfs_converter_mul_14ns_14ns_28_1_1.v",
      "impl\/verilog\/dbfs_converter_mul_30ns_6ns_36_2_1.v",
      "impl\/verilog\/dbfs_converter_mul_37s_43ns_79_3_1.v",
      "impl\/verilog\/dbfs_converter_mul_38ns_4ns_42_2_1.v",
      "impl\/verilog\/dbfs_converter_mul_58s_6ns_58_5_1.v",
      "impl\/verilog\/dbfs_converter.v"
    ],
    "IpMisc": ["impl\/misc\/logo.png"],
    "CsynthXml": "syn\/report\/csynth.xml",
    "DebugDir": ".debug",
    "KernelXml": ".autopilot\/db\/kernel.internal.xml",
    "Xo": "",
    "XoHlsDir": "",
    "ProtoInst": [".debug\/dbfs_converter.protoinst"]
  },
  "SubcoreInfo": {
    "HasXpmMemory": false,
    "HasClockedDsp": false,
    "Ip": []
  },
  "Interfaces": {
    "ap_clk": {
      "type": "clock",
      "busTypeName": "clock",
      "mode": "slave",
      "busParams": {"ASSOCIATED_RESET": "ap_rst"},
      "portMap": {"ap_clk": "CLK"},
      "ports": ["ap_clk"]
    },
    "ap_rst": {
      "type": "reset",
      "busTypeName": "reset",
      "mode": "slave",
      "busParams": {"POLARITY": "ACTIVE_HIGH"},
      "portMap": {"ap_rst": "RST"},
      "ports": ["ap_rst"]
    },
    "ap_ctrl": {
      "type": "ap_ctrl",
      "busTypeName": "acc_handshake",
      "mode": "slave",
      "portMap": {
        "ap_start": "start",
        "ap_done": "done",
        "ap_idle": "idle",
        "ap_ready": "ready"
      },
      "ports": [
        "ap_done",
        "ap_idle",
        "ap_ready",
        "ap_start"
      ]
    },
    "ap_return": {
      "type": "data",
      "busTypeName": "data",
      "protocol": "ap_ctrl_hs",
      "mode": "master",
      "dataWidth": "48",
      "portMap": {"ap_return": "DATA"},
      "ports": ["ap_return"]
    },
    "linear_value": {
      "type": "data",
      "busTypeName": "data",
      "protocol": "ap_none",
      "mode": "slave",
      "dataWidth": "48",
      "portMap": {"linear_value": "DATA"},
      "ports": ["linear_value"],
      "constraints": [{
          "constraint_type": "pragma interface",
          "mode": "ap_none",
          "register_option": "0",
          "argName": "linear_value"
        }]
    }
  },
  "RtlPorts": {
    "ap_clk": {
      "dir": "in",
      "width": "1"
    },
    "ap_rst": {
      "dir": "in",
      "width": "1"
    },
    "ap_start": {
      "dir": "in",
      "width": "1"
    },
    "ap_done": {
      "dir": "out",
      "width": "1"
    },
    "ap_idle": {
      "dir": "out",
      "width": "1"
    },
    "ap_ready": {
      "dir": "out",
      "width": "1"
    },
    "ap_return": {
      "dir": "out",
      "width": "48"
    },
    "linear_value": {
      "dir": "in",
      "width": "48"
    }
  },
  "ModuleInfo": {
    "Hierarchy": {
      "ModuleName": "dbfs_converter",
      "Instances": [{
          "ModuleName": "log10_48_24_s",
          "InstanceName": "grp_log10_48_24_s_fu_70"
        }]
    },
    "Info": {
      "log10_48_24_s": {
        "FunctionProtocol": "ap_ctrl_hs",
        "isTaskLevelControl": "0",
        "isPipelined": "1",
        "isCombinational": "0",
        "isOneStateSeq": "0"
      },
      "dbfs_converter": {
        "FunctionProtocol": "ap_ctrl_hs",
        "isTaskLevelControl": "0",
        "isPipelined": "0",
        "isCombinational": "0",
        "isOneStateSeq": "0"
      }
    },
    "Metrics": {
      "log10_48_24_s": {
        "Latency": {
          "LatencyBest": "20",
          "LatencyAvg": "20",
          "LatencyWorst": "20",
          "PipelineII": "1",
          "PipelineDepth": "21",
          "PipelineType": "yes"
        },
        "Timing": {
          "Target": "10.00",
          "Uncertainty": "2.70",
          "Estimate": "7.115"
        },
        "Area": {
          "BRAM_18K": "3",
          "AVAIL_BRAM": "280",
          "UTIL_BRAM": "1",
          "DSP": "14",
          "AVAIL_DSP": "220",
          "UTIL_DSP": "6",
          "FF": "3202",
          "AVAIL_FF": "106400",
          "UTIL_FF": "3",
          "LUT": "3785",
          "AVAIL_LUT": "53200",
          "UTIL_LUT": "7",
          "URAM": "0",
          "AVAIL_URAM": "0",
          "UTIL_URAM": "0"
        }
      },
      "dbfs_converter": {
        "Latency": {
          "LatencyBest": "23",
          "LatencyAvg": "23",
          "LatencyWorst": "23",
          "PipelineII": "24",
          "PipelineDepth": "",
          "PipelineType": "no"
        },
        "Timing": {
          "Target": "10.00",
          "Uncertainty": "2.70",
          "Estimate": "7.115"
        },
        "Area": {
          "BRAM_18K": "3",
          "AVAIL_BRAM": "280",
          "UTIL_BRAM": "1",
          "DSP": "14",
          "AVAIL_DSP": "220",
          "UTIL_DSP": "6",
          "FF": "3355",
          "AVAIL_FF": "106400",
          "UTIL_FF": "3",
          "LUT": "4179",
          "AVAIL_LUT": "53200",
          "UTIL_LUT": "7",
          "URAM": "0",
          "AVAIL_URAM": "0",
          "UTIL_URAM": "0"
        }
      }
    }
  },
  "GenerateBdFiles": "0",
  "GenData": {
    "DataVersion": "0.2",
    "Time": "2025-04-14 11:20:06 +0530",
    "ToolName": "vitis_hls",
    "ToolVersion": "2023.2"
  }
}
